date,sku_id,on_hand_units,on_order_units,lead_time_days,reorder_point
2024-01-01,SKU001,171,95,13,71
2024-01-01,SKU002,78,59,5,29
2024-01-01,SKU003,135,86,15,74
2024-01-01,SKU004,207,11,15,20
2024-01-01,SKU005,155,68,6,49
2024-01-01,SKU006,208,86,11,57
2024-01-01,SKU007,215,81,14,26
2024-01-01,SKU008,139,60,3,59
2024-01-01,SKU009,187,78,10,61
2024-01-01,SKU010,52,81,17,78
2024-01-01,SKU011,174,83,16,27
2024-01-01,SKU012,91,5,4,39
2024-01-01,SKU013,272,14,6,35
2024-01-01,SKU014,295,17,15,49
2024-01-01,SKU015,209,85,20,46
2024-01-01,SKU016,99,53,6,73
2024-01-01,SKU017,270,78,16,80
2024-01-01,SKU018,163,4,14,33
2024-01-01,SKU019,247,56,10,74
2024-01-01,SKU020,205,12,14,54
2024-01-01,SKU021,203,7,15,37
2024-01-01,SKU022,117,15,17,25
2024-01-01,SKU023,128,82,3,23
2024-01-01,SKU024,190,31,7,70
2024-01-01,SKU025,125,8,20,33
2024-01-01,SKU026,130,29,13,69
2024-01-01,SKU027,95,100,3,37
2024-01-01,SKU028,94,16,20,36
2024-01-01,SKU029,109,14,3,28
2024-01-01,SKU030,27,45,10,57
2024-01-01,SKU031,185,2,8,36
2024-01-01,SKU032,46,16,16,53
2024-01-01,SKU033,78,95,5,50
2024-01-01,SKU034,249,99,14,52
2024-01-01,SKU035,75,57,19,34
2024-01-01,SKU036,42,93,19,39
2024-01-01,SKU037,254,82,3,23
2024-01-01,SKU038,265,51,16,63
2024-01-01,SKU039,75,62,17,24
2024-01-01,SKU040,61,41,7,24
2024-01-01,SKU041,84,35,21,55
2024-01-01,SKU042,186,48,19,38
2024-01-01,SKU043,252,64,16,26
2024-01-01,SKU044,78,83,20,66
2024-01-01,SKU045,130,55,17,76
2024-01-01,SKU046,136,52,13,72
2024-01-01,SKU047,252,51,16,66
2024-01-01,SKU048,68,40,16,40
2024-01-01,SKU049,150,47,7,63
2024-01-01,SKU050,262,8,5,73
2024-01-01,SKU051,63,11,16,26
2024-01-01,SKU052,210,16,20,23
2024-01-01,SKU053,188,85,6,46
2024-01-01,SKU054,201,85,16,75
2024-01-01,SKU055,46,36,12,42
2024-01-01,SKU056,73,73,19,33
2024-01-01,SKU057,99,84,18,34
2024-01-01,SKU058,75,44,20,43
2024-01-01,SKU059,78,97,11,56
2024-01-01,SKU060,135,54,20,69
2024-01-01,SKU061,33,77,11,21
2024-01-01,SKU062,112,34,12,78
2024-01-01,SKU063,193,44,3,31
2024-01-01,SKU064,93,72,15,24
2024-01-01,SKU065,92,94,3,25
2024-01-01,SKU066,291,27,15,46
2024-01-01,SKU067,252,43,8,43
2024-01-01,SKU068,179,92,13,69
2024-01-01,SKU069,63,6,7,30
2024-01-01,SKU070,45,86,5,37
2024-01-01,SKU071,246,84,16,51
2024-01-01,SKU072,246,53,11,33
2024-01-01,SKU073,282,14,14,47
2024-01-01,SKU074,76,36,21,51
2024-01-01,SKU075,289,85,12,22
2024-01-01,SKU076,132,50,4,20
2024-01-01,SKU077,124,38,9,69
2024-01-01,SKU078,90,97,11,38
2024-01-01,SKU079,187,15,3,51
2024-01-01,SKU080,240,22,7,44
2024-01-01,SKU081,292,90,10,52
2024-01-01,SKU082,201,9,15,75
2024-01-01,SKU083,41,55,3,49
2024-01-01,SKU084,59,40,21,47
2024-01-01,SKU085,227,90,16,38
2024-01-01,SKU086,78,51,3,40
2024-01-01,SKU087,107,79,17,73
2024-01-01,SKU088,205,11,16,74
2024-01-01,SKU089,74,31,16,57
2024-01-01,SKU090,225,67,5,45
2024-01-01,SKU091,178,95,13,34
2024-01-01,SKU092,190,99,8,24
2024-01-01,SKU093,281,81,6,53
2024-01-01,SKU094,281,24,14,42
2024-01-01,SKU095,95,30,6,29
2024-01-01,SKU096,151,25,8,58
2024-01-01,SKU097,98,97,5,31
2024-01-01,SKU098,272,59,21,68
2024-01-01,SKU099,249,87,21,61
2024-01-01,SKU100,185,80,13,29
2024-01-01,SKU101,245,8,18,48
2024-01-01,SKU102,175,35,21,23
2024-01-01,SKU103,200,64,5,39
2024-01-01,SKU104,256,57,4,23
2024-01-01,SKU105,208,36,5,61
2024-01-01,SKU106,66,78,19,44
2024-01-01,SKU107,256,74,20,70
2024-01-01,SKU108,41,57,21,61
2024-01-01,SKU109,116,41,18,52
2024-01-01,SKU110,97,7,17,26
2024-01-01,SKU111,195,91,5,52
2024-01-01,SKU112,108,5,10,65
2024-01-01,SKU113,244,56,19,53
2024-01-01,SKU114,101,46,14,78
2024-01-01,SKU115,164,49,16,69
2024-01-01,SKU116,193,86,4,70
2024-01-01,SKU117,191,8,13,26
2024-01-01,SKU118,217,36,11,66
2024-01-01,SKU119,96,42,5,57
2024-01-01,SKU120,92,44,12,61
2024-01-01,SKU121,220,16,5,39
2024-01-01,SKU122,212,82,13,72
2024-01-01,SKU123,85,85,19,25
2024-01-01,SKU124,236,65,14,21
2024-01-01,SKU125,205,39,8,80
2024-01-01,SKU126,129,43,18,32
2024-01-01,SKU127,135,17,7,24
2024-01-01,SKU128,171,100,6,52
2024-01-01,SKU129,296,94,19,22
2024-01-01,SKU130,192,98,7,58
2024-01-01,SKU131,212,19,8,31
2024-01-01,SKU132,104,92,17,22
2024-01-01,SKU133,230,46,10,48
2024-01-01,SKU134,165,96,17,34
2024-01-01,SKU135,293,30,12,71
2024-01-01,SKU136,260,24,14,63
2024-01-01,SKU137,245,59,12,69
2024-01-01,SKU138,215,64,19,46
2024-01-01,SKU139,102,25,7,75
2024-01-01,SKU140,148,6,18,75
2024-01-01,SKU141,210,70,6,65
2024-01-01,SKU142,284,15,12,25
2024-01-01,SKU143,102,34,17,77
2024-01-01,SKU144,282,18,16,25
2024-01-01,SKU145,133,57,14,79
2024-01-01,SKU146,33,53,4,45
2024-01-01,SKU147,277,47,10,44
2024-01-01,SKU148,61,47,10,21
2024-01-01,SKU149,183,12,13,70
2024-01-01,SKU150,94,17,4,38
2024-01-01,SKU151,261,89,7,68
2024-01-01,SKU152,260,57,3,77
2024-01-01,SKU153,60,2,11,33
2024-01-01,SKU154,96,70,19,47
2024-01-01,SKU155,76,99,12,35
2024-01-01,SKU156,174,15,4,35
2024-01-01,SKU157,234,81,17,24
2024-01-01,SKU158,76,63,20,21
2024-01-01,SKU159,283,73,10,65
2024-01-01,SKU160,93,37,16,20
2024-01-01,SKU161,200,30,21,46
2024-01-01,SKU162,115,85,5,53
2024-01-01,SKU163,204,8,19,54
2024-01-01,SKU164,279,100,19,55
2024-01-01,SKU165,30,49,18,22
2024-01-01,SKU166,218,47,11,67
2024-01-01,SKU167,28,45,5,42
2024-01-01,SKU168,143,93,6,69
2024-01-01,SKU169,190,17,4,42
2024-01-01,SKU170,299,43,8,73
2024-01-01,SKU171,257,89,18,60
2024-01-01,SKU172,113,17,5,65
2024-01-01,SKU173,254,4,12,32
2024-01-01,SKU174,42,25,4,40
2024-01-01,SKU175,178,65,15,72
2024-01-01,SKU176,298,60,11,22
2024-01-01,SKU177,117,36,14,75
2024-01-01,SKU178,44,83,13,37
2024-01-01,SKU179,83,47,16,76
2024-01-01,SKU180,224,95,17,77
2024-01-01,SKU181,217,43,8,51
2024-01-01,SKU182,274,47,19,37
2024-01-01,SKU183,62,93,16,25
2024-01-01,SKU184,240,77,8,54
2024-01-01,SKU185,170,41,6,25
2024-01-01,SKU186,187,84,12,39
2024-01-01,SKU187,248,77,16,30
2024-01-01,SKU188,247,44,17,22
2024-01-01,SKU189,200,78,16,37
2024-01-01,SKU190,49,9,15,43
2024-01-01,SKU191,282,95,8,80
2024-01-01,SKU192,35,18,17,22
2024-01-01,SKU193,84,8,10,69
2024-01-01,SKU194,207,46,15,80
2024-01-01,SKU195,36,77,7,63
2024-01-01,SKU196,250,47,14,48
2024-01-01,SKU197,59,73,7,53
2024-01-01,SKU198,207,50,13,61
2024-01-01,SKU199,162,31,6,21
2024-01-01,SKU200,115,63,19,44
2024-01-08,SKU001,37,84,14,75
2024-01-08,SKU002,186,60,17,75
2024-01-08,SKU003,296,34,20,48
2024-01-08,SKU004,89,89,20,31
2024-01-08,SKU005,253,80,21,47
2024-01-08,SKU006,288,81,20,39
2024-01-08,SKU007,197,61,20,34
2024-01-08,SKU008,65,56,12,43
2024-01-08,SKU009,231,33,7,39
2024-01-08,SKU010,25,0,19,72
2024-01-08,SKU011,89,44,12,50
2024-01-08,SKU012,293,1,18,80
2024-01-08,SKU013,264,38,3,69
2024-01-08,SKU014,240,37,10,70
2024-01-08,SKU015,23,70,14,32
2024-01-08,SKU016,230,71,16,45
2024-01-08,SKU017,147,20,15,73
2024-01-08,SKU018,213,28,11,25
2024-01-08,SKU019,236,80,10,53
2024-01-08,SKU020,159,36,20,71
2024-01-08,SKU021,157,52,9,74
2024-01-08,SKU022,55,23,7,38
2024-01-08,SKU023,76,81,17,59
2024-01-08,SKU024,251,34,18,32
2024-01-08,SKU025,184,2,7,23
2024-01-08,SKU026,293,2,8,26
2024-01-08,SKU027,164,34,7,65
2024-01-08,SKU028,244,93,3,34
2024-01-08,SKU029,66,19,3,51
2024-01-08,SKU030,131,43,16,39
2024-01-08,SKU031,275,47,17,64
2024-01-08,SKU032,36,42,5,73
2024-01-08,SKU033,94,7,11,69
2024-01-08,SKU034,220,9,20,50
2024-01-08,SKU035,112,24,11,72
2024-01-08,SKU036,215,1,6,69
2024-01-08,SKU037,147,49,17,35
2024-01-08,SKU038,37,25,17,67
2024-01-08,SKU039,68,66,9,50
2024-01-08,SKU040,219,87,12,79
2024-01-08,SKU041,185,20,4,67
2024-01-08,SKU042,286,15,11,50
2024-01-08,SKU043,172,25,14,76
2024-01-08,SKU044,46,85,9,27
2024-01-08,SKU045,140,81,16,40
2024-01-08,SKU046,27,21,11,57
2024-01-08,SKU047,81,50,10,20
2024-01-08,SKU048,41,74,18,64
2024-01-08,SKU049,99,47,5,35
2024-01-08,SKU050,100,63,5,63
2024-01-08,SKU051,193,97,4,23
2024-01-08,SKU052,202,82,7,64
2024-01-08,SKU053,294,13,7,51
2024-01-08,SKU054,139,40,20,70
2024-01-08,SKU055,197,56,9,21
2024-01-08,SKU056,213,45,7,36
2024-01-08,SKU057,40,62,17,55
2024-01-08,SKU058,170,69,18,32
2024-01-08,SKU059,115,69,14,40
2024-01-08,SKU060,259,35,20,30
2024-01-08,SKU061,55,67,7,48
2024-01-08,SKU062,171,33,20,43
2024-01-08,SKU063,252,0,19,44
2024-01-08,SKU064,114,2,14,69
2024-01-08,SKU065,142,41,5,62
2024-01-08,SKU066,295,49,9,53
2024-01-08,SKU067,274,98,20,29
2024-01-08,SKU068,164,41,16,61
2024-01-08,SKU069,184,14,6,53
2024-01-08,SKU070,54,5,7,31
2024-01-08,SKU071,36,25,6,51
2024-01-08,SKU072,118,12,4,56
2024-01-08,SKU073,218,84,18,53
2024-01-08,SKU074,151,6,14,34
2024-01-08,SKU075,56,1,9,61
2024-01-08,SKU076,271,10,17,71
2024-01-08,SKU077,51,46,20,67
2024-01-08,SKU078,232,47,4,72
2024-01-08,SKU079,156,67,4,66
2024-01-08,SKU080,56,38,5,80
2024-01-08,SKU081,130,66,6,26
2024-01-08,SKU082,138,68,15,32
2024-01-08,SKU083,118,67,10,56
2024-01-08,SKU084,111,71,20,46
2024-01-08,SKU085,74,98,21,42
2024-01-08,SKU086,254,89,16,76
2024-01-08,SKU087,73,21,8,55
2024-01-08,SKU088,225,64,13,62
2024-01-08,SKU089,100,68,17,79
2024-01-08,SKU090,200,40,20,40
2024-01-08,SKU091,210,52,16,72
2024-01-08,SKU092,185,77,10,56
2024-01-08,SKU093,299,27,15,69
2024-01-08,SKU094,150,46,17,48
2024-01-08,SKU095,223,0,4,38
2024-01-08,SKU096,28,66,7,76
2024-01-08,SKU097,174,0,12,34
2024-01-08,SKU098,129,40,3,69
2024-01-08,SKU099,161,70,19,55
2024-01-08,SKU100,99,12,4,49
2024-01-08,SKU101,202,19,7,36
2024-01-08,SKU102,207,74,10,34
2024-01-08,SKU103,151,38,5,56
2024-01-08,SKU104,224,72,9,66
2024-01-08,SKU105,59,92,13,70
2024-01-08,SKU106,267,22,18,72
2024-01-08,SKU107,68,76,12,22
2024-01-08,SKU108,215,10,4,78
2024-01-08,SKU109,191,44,16,46
2024-01-08,SKU110,81,98,10,67
2024-01-08,SKU111,25,81,15,23
2024-01-08,SKU112,176,67,4,40
2024-01-08,SKU113,296,72,7,40
2024-01-08,SKU114,277,89,10,29
2024-01-08,SKU115,45,86,15,48
2024-01-08,SKU116,278,11,10,47
2024-01-08,SKU117,168,100,15,29
2024-01-08,SKU118,87,43,5,50
2024-01-08,SKU119,45,70,15,36
2024-01-08,SKU120,63,51,19,47
2024-01-08,SKU121,86,97,7,50
2024-01-08,SKU122,121,62,15,61
2024-01-08,SKU123,120,71,19,35
2024-01-08,SKU124,144,9,11,69
2024-01-08,SKU125,240,41,21,25
2024-01-08,SKU126,77,85,16,47
2024-01-08,SKU127,207,44,9,40
2024-01-08,SKU128,196,76,3,69
2024-01-08,SKU129,176,21,14,59
2024-01-08,SKU130,246,79,7,48
2024-01-08,SKU131,42,29,9,63
2024-01-08,SKU132,211,19,5,27
2024-01-08,SKU133,47,31,7,75
2024-01-08,SKU134,167,1,13,64
2024-01-08,SKU135,76,39,17,50
2024-01-08,SKU136,31,42,9,67
2024-01-08,SKU137,295,27,9,54
2024-01-08,SKU138,287,96,11,55
2024-01-08,SKU139,267,79,7,64
2024-01-08,SKU140,29,48,21,77
2024-01-08,SKU141,289,5,11,30
2024-01-08,SKU142,50,36,9,70
2024-01-08,SKU143,158,6,17,61
2024-01-08,SKU144,24,8,15,62
2024-01-08,SKU145,158,84,14,75
2024-01-08,SKU146,75,2,12,75
2024-01-08,SKU147,217,29,15,52
2024-01-08,SKU148,70,40,18,75
2024-01-08,SKU149,292,11,8,32
2024-01-08,SKU150,276,58,20,79
2024-01-08,SKU151,31,5,10,79
2024-01-08,SKU152,291,39,13,51
2024-01-08,SKU153,221,95,8,21
2024-01-08,SKU154,197,87,14,42
2024-01-08,SKU155,174,30,19,37
2024-01-08,SKU156,51,80,11,76
2024-01-08,SKU157,218,3,20,80
2024-01-08,SKU158,163,28,7,41
2024-01-08,SKU159,221,84,7,25
2024-01-08,SKU160,215,66,10,46
2024-01-08,SKU161,143,73,7,47
2024-01-08,SKU162,179,77,13,48
2024-01-08,SKU163,297,16,9,61
2024-01-08,SKU164,90,74,20,63
2024-01-08,SKU165,123,17,12,64
2024-01-08,SKU166,288,17,16,78
2024-01-08,SKU167,94,83,21,78
2024-01-08,SKU168,100,40,5,55
2024-01-08,SKU169,292,92,6,31
2024-01-08,SKU170,182,18,3,68
2024-01-08,SKU171,183,52,16,39
2024-01-08,SKU172,246,95,11,29
2024-01-08,SKU173,116,13,7,31
2024-01-08,SKU174,33,97,11,58
2024-01-08,SKU175,138,76,10,34
2024-01-08,SKU176,33,45,5,64
2024-01-08,SKU177,264,17,19,74
2024-01-08,SKU178,260,91,14,31
2024-01-08,SKU179,218,62,18,28
2024-01-08,SKU180,103,24,10,22
2024-01-08,SKU181,229,97,3,79
2024-01-08,SKU182,158,52,10,67
2024-01-08,SKU183,123,96,9,24
2024-01-08,SKU184,110,56,18,64
2024-01-08,SKU185,186,58,10,47
2024-01-08,SKU186,227,99,4,58
2024-01-08,SKU187,214,92,13,45
2024-01-08,SKU188,294,67,4,53
2024-01-08,SKU189,75,57,17,72
2024-01-08,SKU190,41,31,19,54
2024-01-08,SKU191,222,94,4,55
2024-01-08,SKU192,218,66,4,32
2024-01-08,SKU193,169,56,15,76
2024-01-08,SKU194,175,99,12,49
2024-01-08,SKU195,105,54,12,59
2024-01-08,SKU196,47,88,19,77
2024-01-08,SKU197,92,59,17,25
2024-01-08,SKU198,276,14,8,69
2024-01-08,SKU199,299,17,15,46
2024-01-08,SKU200,185,57,3,31
2024-01-15,SKU001,82,47,5,68
2024-01-15,SKU002,73,64,13,46
2024-01-15,SKU003,250,21,11,33
2024-01-15,SKU004,279,5,17,21
2024-01-15,SKU005,57,81,17,44
2024-01-15,SKU006,195,95,15,74
2024-01-15,SKU007,119,50,4,20
2024-01-15,SKU008,148,14,7,40
2024-01-15,SKU009,257,62,17,24
2024-01-15,SKU010,62,70,10,65
2024-01-15,SKU011,244,17,18,72
2024-01-15,SKU012,162,20,8,73
2024-01-15,SKU013,29,77,6,31
2024-01-15,SKU014,170,15,20,67
2024-01-15,SKU015,220,21,5,62
2024-01-15,SKU016,25,86,11,29
2024-01-15,SKU017,245,45,8,33
2024-01-15,SKU018,37,86,20,33
2024-01-15,SKU019,246,89,4,73
2024-01-15,SKU020,287,82,6,44
2024-01-15,SKU021,177,56,4,58
2024-01-15,SKU022,22,6,15,69
2024-01-15,SKU023,123,31,14,78
2024-01-15,SKU024,142,25,5,21
2024-01-15,SKU025,235,3,3,41
2024-01-15,SKU026,118,87,5,34
2024-01-15,SKU027,69,85,8,66
2024-01-15,SKU028,105,5,16,52
2024-01-15,SKU029,75,41,13,55
2024-01-15,SKU030,117,79,9,79
2024-01-15,SKU031,297,50,16,27
2024-01-15,SKU032,138,27,6,42
2024-01-15,SKU033,185,22,3,45
2024-01-15,SKU034,181,1,15,33
2024-01-15,SKU035,254,28,5,62
2024-01-15,SKU036,162,83,14,22
2024-01-15,SKU037,54,27,16,39
2024-01-15,SKU038,275,13,20,70
2024-01-15,SKU039,107,32,6,58
2024-01-15,SKU040,186,80,15,63
2024-01-15,SKU041,88,42,8,60
2024-01-15,SKU042,182,85,18,24
2024-01-15,SKU043,191,2,21,48
2024-01-15,SKU044,215,65,10,52
2024-01-15,SKU045,26,29,3,59
2024-01-15,SKU046,83,39,10,67
2024-01-15,SKU047,239,96,10,59
2024-01-15,SKU048,60,7,7,43
2024-01-15,SKU049,275,37,9,29
2024-01-15,SKU050,212,26,4,35
2024-01-15,SKU051,247,94,13,28
2024-01-15,SKU052,162,40,4,53
2024-01-15,SKU053,232,82,12,68
2024-01-15,SKU054,32,29,13,41
2024-01-15,SKU055,144,26,20,23
2024-01-15,SKU056,147,87,10,58
2024-01-15,SKU057,215,66,13,31
2024-01-15,SKU058,246,80,3,24
2024-01-15,SKU059,271,8,9,23
2024-01-15,SKU060,92,26,7,25
2024-01-15,SKU061,108,75,20,73
2024-01-15,SKU062,124,30,19,25
2024-01-15,SKU063,238,92,17,39
2024-01-15,SKU064,104,92,9,35
2024-01-15,SKU065,237,22,10,39
2024-01-15,SKU066,166,73,17,60
2024-01-15,SKU067,123,34,18,25
2024-01-15,SKU068,204,50,15,30
2024-01-15,SKU069,261,56,16,52
2024-01-15,SKU070,241,97,7,72
2024-01-15,SKU071,266,2,15,47
2024-01-15,SKU072,62,97,12,58
2024-01-15,SKU073,295,19,20,66
2024-01-15,SKU074,109,32,15,49
2024-01-15,SKU075,176,58,12,44
2024-01-15,SKU076,266,9,13,28
2024-01-15,SKU077,260,25,7,78
2024-01-15,SKU078,117,0,3,75
2024-01-15,SKU079,276,93,14,51
2024-01-15,SKU080,227,53,15,67
2024-01-15,SKU081,211,49,18,39
2024-01-15,SKU082,56,52,4,78
2024-01-15,SKU083,83,49,21,30
2024-01-15,SKU084,119,97,16,36
2024-01-15,SKU085,198,65,18,60
2024-01-15,SKU086,208,89,4,61
2024-01-15,SKU087,217,54,10,35
2024-01-15,SKU088,264,4,14,60
2024-01-15,SKU089,34,89,7,36
2024-01-15,SKU090,253,87,7,36
2024-01-15,SKU091,146,77,21,80
2024-01-15,SKU092,102,1,6,69
2024-01-15,SKU093,67,82,15,45
2024-01-15,SKU094,61,66,9,76
2024-01-15,SKU095,236,21,16,36
2024-01-15,SKU096,174,64,20,62
2024-01-15,SKU097,215,75,12,66
2024-01-15,SKU098,230,96,5,26
2024-01-15,SKU099,196,18,11,67
2024-01-15,SKU100,127,95,15,64
2024-01-15,SKU101,177,0,8,72
2024-01-15,SKU102,271,0,6,24
2024-01-15,SKU103,233,67,16,61
2024-01-15,SKU104,167,93,16,30
2024-01-15,SKU105,110,47,8,65
2024-01-15,SKU106,88,25,18,31
2024-01-15,SKU107,277,14,17,56
2024-01-15,SKU108,128,23,9,23
2024-01-15,SKU109,113,97,9,36
2024-01-15,SKU110,229,56,6,75
2024-01-15,SKU111,105,10,12,25
2024-01-15,SKU112,213,15,11,24
2024-01-15,SKU113,195,3,21,35
2024-01-15,SKU114,264,62,6,20
2024-01-15,SKU115,51,34,3,62
2024-01-15,SKU116,41,12,9,53
2024-01-15,SKU117,23,48,19,68
2024-01-15,SKU118,156,62,18,68
2024-01-15,SKU119,192,77,16,41
2024-01-15,SKU120,209,87,13,40
2024-01-15,SKU121,142,46,15,44
2024-01-15,SKU122,49,45,13,71
2024-01-15,SKU123,71,0,17,75
2024-01-15,SKU124,225,92,7,21
2024-01-15,SKU125,82,67,11,80
2024-01-15,SKU126,147,47,17,59
2024-01-15,SKU127,263,65,16,62
2024-01-15,SKU128,116,0,13,21
2024-01-15,SKU129,204,5,13,63
2024-01-15,SKU130,247,29,18,45
2024-01-15,SKU131,61,44,16,80
2024-01-15,SKU132,263,84,6,66
2024-01-15,SKU133,217,37,9,65
2024-01-15,SKU134,93,66,21,70
2024-01-15,SKU135,278,4,7,51
2024-01-15,SKU136,64,38,20,75
2024-01-15,SKU137,259,21,17,27
2024-01-15,SKU138,266,84,20,35
2024-01-15,SKU139,144,27,8,68
2024-01-15,SKU140,65,13,16,65
2024-01-15,SKU141,34,20,13,77
2024-01-15,SKU142,216,98,11,34
2024-01-15,SKU143,151,85,18,80
2024-01-15,SKU144,83,85,7,79
2024-01-15,SKU145,293,81,18,25
2024-01-15,SKU146,190,28,21,69
2024-01-15,SKU147,53,82,13,44
2024-01-15,SKU148,215,83,20,74
2024-01-15,SKU149,243,29,10,36
2024-01-15,SKU150,79,37,5,27
2024-01-15,SKU151,65,43,21,79
2024-01-15,SKU152,116,95,6,56
2024-01-15,SKU153,208,16,13,44
2024-01-15,SKU154,20,39,4,57
2024-01-15,SKU155,294,24,15,47
2024-01-15,SKU156,183,98,14,71
2024-01-15,SKU157,84,66,21,34
2024-01-15,SKU158,74,50,3,54
2024-01-15,SKU159,255,40,7,72
2024-01-15,SKU160,171,28,18,63
2024-01-15,SKU161,253,18,12,29
2024-01-15,SKU162,37,76,13,39
2024-01-15,SKU163,277,88,6,37
2024-01-15,SKU164,264,80,9,51
2024-01-15,SKU165,169,90,15,23
2024-01-15,SKU166,190,19,9,74
2024-01-15,SKU167,135,89,4,79
2024-01-15,SKU168,111,62,15,39
2024-01-15,SKU169,101,2,20,45
2024-01-15,SKU170,192,54,18,42
2024-01-15,SKU171,220,50,5,53
2024-01-15,SKU172,164,36,9,64
2024-01-15,SKU173,300,50,6,28
2024-01-15,SKU174,185,96,21,75
2024-01-15,SKU175,47,90,12,49
2024-01-15,SKU176,103,73,7,48
2024-01-15,SKU177,267,37,7,33
2024-01-15,SKU178,131,95,9,67
2024-01-15,SKU179,24,46,21,26
2024-01-15,SKU180,95,48,16,63
2024-01-15,SKU181,106,7,6,42
2024-01-15,SKU182,262,22,4,27
2024-01-15,SKU183,283,83,13,57
2024-01-15,SKU184,242,19,15,35
2024-01-15,SKU185,37,15,10,45
2024-01-15,SKU186,270,38,8,61
2024-01-15,SKU187,212,99,5,69
2024-01-15,SKU188,257,83,15,37
2024-01-15,SKU189,247,47,3,27
2024-01-15,SKU190,79,10,6,51
2024-01-15,SKU191,280,28,3,57
2024-01-15,SKU192,265,35,6,70
2024-01-15,SKU193,112,49,18,61
2024-01-15,SKU194,242,38,21,28
2024-01-15,SKU195,70,41,5,65
2024-01-15,SKU196,295,23,15,72
2024-01-15,SKU197,30,50,20,72
2024-01-15,SKU198,294,100,19,51
2024-01-15,SKU199,52,66,21,54
2024-01-15,SKU200,83,96,9,62
2024-01-22,SKU001,240,35,14,49
2024-01-22,SKU002,144,93,19,56
2024-01-22,SKU003,254,5,5,40
2024-01-22,SKU004,210,4,7,58
2024-01-22,SKU005,71,48,19,66
2024-01-22,SKU006,60,43,12,47
2024-01-22,SKU007,225,2,8,80
2024-01-22,SKU008,151,92,5,73
2024-01-22,SKU009,241,14,9,56
2024-01-22,SKU010,153,38,19,54
2024-01-22,SKU011,144,88,4,43
2024-01-22,SKU012,262,27,16,37
2024-01-22,SKU013,115,35,19,62
2024-01-22,SKU014,43,77,15,78
2024-01-22,SKU015,112,86,12,37
2024-01-22,SKU016,22,52,9,21
2024-01-22,SKU017,232,84,7,37
2024-01-22,SKU018,156,59,13,26
2024-01-22,SKU019,133,28,3,65
2024-01-22,SKU020,186,28,5,59
2024-01-22,SKU021,167,93,17,57
2024-01-22,SKU022,235,81,13,54
2024-01-22,SKU023,219,60,20,20
2024-01-22,SKU024,195,43,13,42
2024-01-22,SKU025,247,19,17,74
2024-01-22,SKU026,275,26,20,64
2024-01-22,SKU027,107,86,15,36
2024-01-22,SKU028,226,4,21,25
2024-01-22,SKU029,269,71,14,25
2024-01-22,SKU030,126,95,19,43
2024-01-22,SKU031,175,37,13,48
2024-01-22,SKU032,259,3,7,59
2024-01-22,SKU033,105,79,14,56
2024-01-22,SKU034,240,53,3,68
2024-01-22,SKU035,165,71,18,35
2024-01-22,SKU036,212,68,7,44
2024-01-22,SKU037,83,12,15,33
2024-01-22,SKU038,128,14,21,38
2024-01-22,SKU039,111,20,15,55
2024-01-22,SKU040,229,45,9,46
2024-01-22,SKU041,162,40,14,60
2024-01-22,SKU042,74,85,13,52
2024-01-22,SKU043,294,68,15,34
2024-01-22,SKU044,226,63,17,38
2024-01-22,SKU045,250,20,8,45
2024-01-22,SKU046,167,0,20,73
2024-01-22,SKU047,191,97,17,61
2024-01-22,SKU048,108,87,6,44
2024-01-22,SKU049,234,53,16,32
2024-01-22,SKU050,34,79,10,28
2024-01-22,SKU051,277,10,21,66
2024-01-22,SKU052,229,2,13,59
2024-01-22,SKU053,147,21,21,60
2024-01-22,SKU054,261,87,5,80
2024-01-22,SKU055,209,2,15,55
2024-01-22,SKU056,281,24,8,49
2024-01-22,SKU057,208,92,10,31
2024-01-22,SKU058,261,91,9,40
2024-01-22,SKU059,87,37,5,77
2024-01-22,SKU060,35,26,21,49
2024-01-22,SKU061,255,31,17,35
2024-01-22,SKU062,110,59,19,61
2024-01-22,SKU063,76,77,13,75
2024-01-22,SKU064,101,31,17,66
2024-01-22,SKU065,55,0,4,63
2024-01-22,SKU066,228,66,18,75
2024-01-22,SKU067,217,9,16,36
2024-01-22,SKU068,295,15,20,65
2024-01-22,SKU069,32,56,18,72
2024-01-22,SKU070,50,37,15,73
2024-01-22,SKU071,40,46,15,65
2024-01-22,SKU072,281,80,17,47
2024-01-22,SKU073,83,13,7,74
2024-01-22,SKU074,154,97,21,68
2024-01-22,SKU075,77,92,8,43
2024-01-22,SKU076,231,84,13,29
2024-01-22,SKU077,144,61,9,36
2024-01-22,SKU078,69,42,5,49
2024-01-22,SKU079,271,96,10,68
2024-01-22,SKU080,153,43,12,64
2024-01-22,SKU081,247,42,17,64
2024-01-22,SKU082,152,72,11,58
2024-01-22,SKU083,38,97,7,29
2024-01-22,SKU084,287,36,3,34
2024-01-22,SKU085,209,72,14,65
2024-01-22,SKU086,169,39,8,56
2024-01-22,SKU087,176,60,17,63
2024-01-22,SKU088,170,19,7,29
2024-01-22,SKU089,169,49,11,60
2024-01-22,SKU090,136,3,9,57
2024-01-22,SKU091,175,18,21,20
2024-01-22,SKU092,152,46,19,67
2024-01-22,SKU093,284,51,18,59
2024-01-22,SKU094,107,44,7,57
2024-01-22,SKU095,276,40,19,43
2024-01-22,SKU096,213,62,8,75
2024-01-22,SKU097,288,61,8,50
2024-01-22,SKU098,214,1,5,41
2024-01-22,SKU099,135,39,9,34
2024-01-22,SKU100,96,35,6,61
2024-01-22,SKU101,120,45,18,49
2024-01-22,SKU102,26,95,19,77
2024-01-22,SKU103,136,94,9,43
2024-01-22,SKU104,36,51,6,80
2024-01-22,SKU105,188,64,5,37
2024-01-22,SKU106,293,94,20,75
2024-01-22,SKU107,60,7,17,56
2024-01-22,SKU108,287,31,10,36
2024-01-22,SKU109,113,88,10,34
2024-01-22,SKU110,253,22,4,58
2024-01-22,SKU111,156,70,11,25
2024-01-22,SKU112,117,93,5,77
2024-01-22,SKU113,87,66,12,23
2024-01-22,SKU114,126,29,10,57
2024-01-22,SKU115,264,59,6,54
2024-01-22,SKU116,46,40,5,32
2024-01-22,SKU117,264,14,17,25
2024-01-22,SKU118,263,25,6,54
2024-01-22,SKU119,130,76,18,39
2024-01-22,SKU120,24,74,16,75
2024-01-22,SKU121,77,92,17,69
2024-01-22,SKU122,119,75,17,20
2024-01-22,SKU123,148,96,16,58
2024-01-22,SKU124,158,63,8,41
2024-01-22,SKU125,279,61,19,38
2024-01-22,SKU126,173,33,20,35
2024-01-22,SKU127,194,35,20,52
2024-01-22,SKU128,178,80,17,27
2024-01-22,SKU129,113,62,3,40
2024-01-22,SKU130,280,60,18,30
2024-01-22,SKU131,111,8,16,63
2024-01-22,SKU132,175,12,17,41
2024-01-22,SKU133,295,23,9,69
2024-01-22,SKU134,75,97,10,33
2024-01-22,SKU135,177,64,12,40
2024-01-22,SKU136,291,60,6,63
2024-01-22,SKU137,173,78,9,56
2024-01-22,SKU138,99,41,8,32
2024-01-22,SKU139,222,100,8,74
2024-01-22,SKU140,100,78,8,40
2024-01-22,SKU141,284,60,16,69
2024-01-22,SKU142,157,29,11,50
2024-01-22,SKU143,175,47,7,39
2024-01-22,SKU144,190,93,14,73
2024-01-22,SKU145,181,57,12,47
2024-01-22,SKU146,221,97,16,20
2024-01-22,SKU147,226,7,16,42
2024-01-22,SKU148,91,58,11,21
2024-01-22,SKU149,123,26,11,38
2024-01-22,SKU150,211,3,13,47
2024-01-22,SKU151,215,41,20,55
2024-01-22,SKU152,122,27,19,48
2024-01-22,SKU153,160,13,5,35
2024-01-22,SKU154,102,41,18,80
2024-01-22,SKU155,260,5,15,64
2024-01-22,SKU156,269,31,11,58
2024-01-22,SKU157,212,7,6,23
2024-01-22,SKU158,195,35,20,43
2024-01-22,SKU159,244,36,6,50
2024-01-22,SKU160,88,95,5,40
2024-01-22,SKU161,231,19,7,57
2024-01-22,SKU162,173,73,9,55
2024-01-22,SKU163,65,56,10,40
2024-01-22,SKU164,299,97,11,55
2024-01-22,SKU165,291,37,3,28
2024-01-22,SKU166,54,100,13,74
2024-01-22,SKU167,204,98,17,67
2024-01-22,SKU168,129,23,13,49
2024-01-22,SKU169,136,58,14,41
2024-01-22,SKU170,121,86,11,36
2024-01-22,SKU171,31,17,6,61
2024-01-22,SKU172,230,54,15,71
2024-01-22,SKU173,269,6,19,23
2024-01-22,SKU174,282,47,3,56
2024-01-22,SKU175,243,4,19,75
2024-01-22,SKU176,187,68,18,38
2024-01-22,SKU177,190,81,5,67
2024-01-22,SKU178,58,72,5,55
2024-01-22,SKU179,77,68,8,71
2024-01-22,SKU180,282,11,21,79
2024-01-22,SKU181,259,78,9,68
2024-01-22,SKU182,57,98,16,72
2024-01-22,SKU183,161,59,17,76
2024-01-22,SKU184,97,83,13,24
2024-01-22,SKU185,113,82,21,41
2024-01-22,SKU186,252,67,16,76
2024-01-22,SKU187,30,51,21,38
2024-01-22,SKU188,23,79,15,21
2024-01-22,SKU189,24,28,13,47
2024-01-22,SKU190,97,33,10,57
2024-01-22,SKU191,187,68,17,61
2024-01-22,SKU192,122,98,21,79
2024-01-22,SKU193,201,91,21,29
2024-01-22,SKU194,116,98,7,33
2024-01-22,SKU195,177,23,6,21
2024-01-22,SKU196,293,77,4,69
2024-01-22,SKU197,85,69,14,24
2024-01-22,SKU198,187,40,10,62
2024-01-22,SKU199,126,25,12,30
2024-01-22,SKU200,237,34,10,79
2024-02-01,SKU001,248,77,21,48
2024-02-01,SKU002,21,23,21,31
2024-02-01,SKU003,245,8,8,23
2024-02-01,SKU004,189,31,17,68
2024-02-01,SKU005,289,63,6,33
2024-02-01,SKU006,271,90,13,28
2024-02-01,SKU007,285,31,7,29
2024-02-01,SKU008,34,86,6,28
2024-02-01,SKU009,206,50,4,55
2024-02-01,SKU010,116,22,4,76
2024-02-01,SKU011,42,33,20,51
2024-02-01,SKU012,258,66,19,52
2024-02-01,SKU013,244,44,9,64
2024-02-01,SKU014,210,85,19,42
2024-02-01,SKU015,114,30,20,45
2024-02-01,SKU016,51,96,4,32
2024-02-01,SKU017,28,35,12,35
2024-02-01,SKU018,218,82,5,72
2024-02-01,SKU019,184,14,17,24
2024-02-01,SKU020,197,20,9,75
2024-02-01,SKU021,67,2,7,61
2024-02-01,SKU022,105,99,21,67
2024-02-01,SKU023,198,84,3,25
2024-02-01,SKU024,175,25,18,37
2024-02-01,SKU025,281,24,4,59
2024-02-01,SKU026,120,0,21,46
2024-02-01,SKU027,260,10,9,63
2024-02-01,SKU028,275,11,6,29
2024-02-01,SKU029,223,6,7,66
2024-02-01,SKU030,97,14,9,30
2024-02-01,SKU031,80,87,17,46
2024-02-01,SKU032,258,96,7,23
2024-02-01,SKU033,78,77,5,27
2024-02-01,SKU034,77,48,15,26
2024-02-01,SKU035,86,23,4,27
2024-02-01,SKU036,36,57,7,66
2024-02-01,SKU037,195,84,19,68
2024-02-01,SKU038,244,31,9,79
2024-02-01,SKU039,129,4,12,56
2024-02-01,SKU040,118,55,15,41
2024-02-01,SKU041,126,68,3,62
2024-02-01,SKU042,111,58,12,69
2024-02-01,SKU043,286,13,7,68
2024-02-01,SKU044,164,22,6,25
2024-02-01,SKU045,165,2,20,63
2024-02-01,SKU046,222,80,19,28
2024-02-01,SKU047,192,1,21,62
2024-02-01,SKU048,187,17,7,58
2024-02-01,SKU049,166,48,7,21
2024-02-01,SKU050,119,89,14,42
2024-02-01,SKU051,214,8,3,71
2024-02-01,SKU052,129,91,21,58
2024-02-01,SKU053,196,16,21,51
2024-02-01,SKU054,28,99,6,34
2024-02-01,SKU055,252,15,7,37
2024-02-01,SKU056,117,54,14,55
2024-02-01,SKU057,187,69,14,44
2024-02-01,SKU058,177,97,7,33
2024-02-01,SKU059,33,33,5,76
2024-02-01,SKU060,99,3,7,50
2024-02-01,SKU061,47,54,6,43
2024-02-01,SKU062,102,61,10,55
2024-02-01,SKU063,273,35,4,30
2024-02-01,SKU064,51,56,5,47
2024-02-01,SKU065,238,75,3,46
2024-02-01,SKU066,136,16,7,75
2024-02-01,SKU067,164,67,6,41
2024-02-01,SKU068,183,33,8,72
2024-02-01,SKU069,23,28,12,22
2024-02-01,SKU070,147,7,6,21
2024-02-01,SKU071,205,51,18,56
2024-02-01,SKU072,251,47,16,77
2024-02-01,SKU073,177,79,5,43
2024-02-01,SKU074,246,75,14,43
2024-02-01,SKU075,165,54,8,80
2024-02-01,SKU076,146,32,18,73
2024-02-01,SKU077,74,17,11,49
2024-02-01,SKU078,242,0,6,22
2024-02-01,SKU079,50,98,6,71
2024-02-01,SKU080,283,15,4,33
2024-02-01,SKU081,33,94,16,55
2024-02-01,SKU082,137,12,17,45
2024-02-01,SKU083,161,97,5,51
2024-02-01,SKU084,102,54,19,22
2024-02-01,SKU085,298,1,19,26
2024-02-01,SKU086,207,57,6,29
2024-02-01,SKU087,35,92,6,41
2024-02-01,SKU088,51,59,5,32
2024-02-01,SKU089,280,5,16,48
2024-02-01,SKU090,72,31,4,49
2024-02-01,SKU091,137,42,5,23
2024-02-01,SKU092,167,46,19,37
2024-02-01,SKU093,271,38,9,71
2024-02-01,SKU094,225,22,6,65
2024-02-01,SKU095,120,3,3,56
2024-02-01,SKU096,242,23,14,54
2024-02-01,SKU097,290,86,14,48
2024-02-01,SKU098,238,90,16,58
2024-02-01,SKU099,149,63,3,33
2024-02-01,SKU100,81,71,3,41
2024-02-01,SKU101,121,85,9,58
2024-02-01,SKU102,226,20,17,79
2024-02-01,SKU103,150,55,15,47
2024-02-01,SKU104,96,10,14,57
2024-02-01,SKU105,52,67,10,73
2024-02-01,SKU106,90,89,18,21
2024-02-01,SKU107,36,7,11,45
2024-02-01,SKU108,232,54,6,39
2024-02-01,SKU109,189,80,21,21
2024-02-01,SKU110,54,14,4,48
2024-02-01,SKU111,268,85,17,27
2024-02-01,SKU112,149,4,3,67
2024-02-01,SKU113,154,74,10,54
2024-02-01,SKU114,54,91,21,68
2024-02-01,SKU115,158,73,3,40
2024-02-01,SKU116,147,85,5,40
2024-02-01,SKU117,108,5,11,59
2024-02-01,SKU118,276,4,21,39
2024-02-01,SKU119,274,50,19,51
2024-02-01,SKU120,134,82,5,32
2024-02-01,SKU121,257,75,17,63
2024-02-01,SKU122,81,53,15,58
2024-02-01,SKU123,169,13,16,78
2024-02-01,SKU124,215,12,7,33
2024-02-01,SKU125,268,36,4,51
2024-02-01,SKU126,265,73,11,35
2024-02-01,SKU127,139,22,13,47
2024-02-01,SKU128,113,26,19,62
2024-02-01,SKU129,168,74,21,78
2024-02-01,SKU130,78,78,17,71
2024-02-01,SKU131,27,8,11,30
2024-02-01,SKU132,240,84,7,21
2024-02-01,SKU133,129,59,4,52
2024-02-01,SKU134,255,69,8,26
2024-02-01,SKU135,65,52,4,73
2024-02-01,SKU136,101,84,3,60
2024-02-01,SKU137,152,12,20,80
2024-02-01,SKU138,62,30,14,63
2024-02-01,SKU139,282,76,19,76
2024-02-01,SKU140,249,18,6,25
2024-02-01,SKU141,247,2,20,52
2024-02-01,SKU142,168,84,19,21
2024-02-01,SKU143,56,69,15,77
2024-02-01,SKU144,153,38,20,28
2024-02-01,SKU145,102,97,6,48
2024-02-01,SKU146,202,66,19,67
2024-02-01,SKU147,139,73,17,52
2024-02-01,SKU148,211,56,3,54
2024-02-01,SKU149,108,7,3,36
2024-02-01,SKU150,296,5,16,50
2024-02-01,SKU151,183,60,5,73
2024-02-01,SKU152,112,24,15,56
2024-02-01,SKU153,63,38,15,25
2024-02-01,SKU154,63,20,19,77
2024-02-01,SKU155,275,86,21,37
2024-02-01,SKU156,104,76,16,55
2024-02-01,SKU157,278,19,17,66
2024-02-01,SKU158,220,74,18,62
2024-02-01,SKU159,45,34,4,57
2024-02-01,SKU160,201,29,6,36
2024-02-01,SKU161,65,74,16,27
2024-02-01,SKU162,201,54,4,51
2024-02-01,SKU163,147,22,18,38
2024-02-01,SKU164,134,42,15,42
2024-02-01,SKU165,74,99,17,57
2024-02-01,SKU166,223,23,12,60
2024-02-01,SKU167,43,77,16,64
2024-02-01,SKU168,164,78,15,44
2024-02-01,SKU169,299,31,11,79
2024-02-01,SKU170,239,3,11,48
2024-02-01,SKU171,281,39,7,24
2024-02-01,SKU172,247,1,7,55
2024-02-01,SKU173,193,13,15,29
2024-02-01,SKU174,101,45,21,68
2024-02-01,SKU175,144,80,16,37
2024-02-01,SKU176,297,69,7,20
2024-02-01,SKU177,277,73,10,37
2024-02-01,SKU178,293,51,20,64
2024-02-01,SKU179,276,29,4,76
2024-02-01,SKU180,243,17,11,45
2024-02-01,SKU181,265,19,19,48
2024-02-01,SKU182,54,54,3,59
2024-02-01,SKU183,52,11,12,24
2024-02-01,SKU184,129,14,21,77
2024-02-01,SKU185,147,45,8,72
2024-02-01,SKU186,124,91,16,26
2024-02-01,SKU187,139,27,18,66
2024-02-01,SKU188,228,0,13,31
2024-02-01,SKU189,147,5,11,40
2024-02-01,SKU190,281,12,15,41
2024-02-01,SKU191,31,21,14,78
2024-02-01,SKU192,162,96,12,51
2024-02-01,SKU193,94,33,6,59
2024-02-01,SKU194,69,54,13,61
2024-02-01,SKU195,36,24,12,37
2024-02-01,SKU196,34,100,21,46
2024-02-01,SKU197,225,8,18,68
2024-02-01,SKU198,267,95,5,69
2024-02-01,SKU199,284,16,11,58
2024-02-01,SKU200,295,73,20,60
2024-02-08,SKU001,225,33,3,56
2024-02-08,SKU002,108,22,19,54
2024-02-08,SKU003,162,78,19,49
2024-02-08,SKU004,158,40,14,27
2024-02-08,SKU005,141,98,13,54
2024-02-08,SKU006,252,17,18,27
2024-02-08,SKU007,252,34,9,21
2024-02-08,SKU008,237,70,20,27
2024-02-08,SKU009,74,96,15,73
2024-02-08,SKU010,158,99,4,32
2024-02-08,SKU011,176,26,21,52
2024-02-08,SKU012,287,8,19,51
2024-02-08,SKU013,125,70,18,48
2024-02-08,SKU014,203,65,10,66
2024-02-08,SKU015,139,27,15,38
2024-02-08,SKU016,263,57,3,73
2024-02-08,SKU017,148,12,10,65
2024-02-08,SKU018,24,77,3,59
2024-02-08,SKU019,77,44,9,52
2024-02-08,SKU020,234,2,8,54
2024-02-08,SKU021,85,50,7,42
2024-02-08,SKU022,155,100,8,22
2024-02-08,SKU023,154,8,8,75
2024-02-08,SKU024,139,10,4,66
2024-02-08,SKU025,202,57,17,28
2024-02-08,SKU026,23,34,11,24
2024-02-08,SKU027,30,7,18,64
2024-02-08,SKU028,159,12,21,33
2024-02-08,SKU029,101,34,14,69
2024-02-08,SKU030,142,70,5,23
2024-02-08,SKU031,267,91,12,26
2024-02-08,SKU032,93,18,11,54
2024-02-08,SKU033,258,3,21,66
2024-02-08,SKU034,263,19,15,36
2024-02-08,SKU035,228,26,8,31
2024-02-08,SKU036,211,10,18,73
2024-02-08,SKU037,172,18,8,38
2024-02-08,SKU038,27,33,9,31
2024-02-08,SKU039,234,12,6,54
2024-02-08,SKU040,46,4,9,39
2024-02-08,SKU041,215,67,16,26
2024-02-08,SKU042,215,27,4,50
2024-02-08,SKU043,26,19,20,45
2024-02-08,SKU044,249,88,8,23
2024-02-08,SKU045,97,99,4,22
2024-02-08,SKU046,191,99,10,45
2024-02-08,SKU047,232,92,7,24
2024-02-08,SKU048,204,25,16,54
2024-02-08,SKU049,35,1,13,49
2024-02-08,SKU050,263,77,13,21
2024-02-08,SKU051,50,12,18,35
2024-02-08,SKU052,89,42,21,20
2024-02-08,SKU053,33,59,9,59
2024-02-08,SKU054,256,11,9,68
2024-02-08,SKU055,37,83,17,30
2024-02-08,SKU056,102,11,6,33
2024-02-08,SKU057,296,48,21,22
2024-02-08,SKU058,280,60,5,61
2024-02-08,SKU059,219,63,7,31
2024-02-08,SKU060,81,3,11,40
2024-02-08,SKU061,163,95,16,70
2024-02-08,SKU062,77,63,6,56
2024-02-08,SKU063,105,70,5,50
2024-02-08,SKU064,23,58,11,39
2024-02-08,SKU065,145,52,4,29
2024-02-08,SKU066,135,97,12,38
2024-02-08,SKU067,87,23,14,29
2024-02-08,SKU068,67,82,15,20
2024-02-08,SKU069,93,43,8,33
2024-02-08,SKU070,158,96,5,29
2024-02-08,SKU071,28,74,11,39
2024-02-08,SKU072,248,60,8,44
2024-02-08,SKU073,31,26,8,46
2024-02-08,SKU074,200,40,6,34
2024-02-08,SKU075,86,60,16,25
2024-02-08,SKU076,258,77,12,66
2024-02-08,SKU077,32,86,7,37
2024-02-08,SKU078,196,88,14,57
2024-02-08,SKU079,296,44,6,44
2024-02-08,SKU080,38,16,6,26
2024-02-08,SKU081,76,40,20,57
2024-02-08,SKU082,66,21,16,54
2024-02-08,SKU083,227,96,12,66
2024-02-08,SKU084,294,52,11,50
2024-02-08,SKU085,239,65,16,28
2024-02-08,SKU086,129,59,15,23
2024-02-08,SKU087,24,64,19,37
2024-02-08,SKU088,179,58,11,21
2024-02-08,SKU089,281,95,10,48
2024-02-08,SKU090,65,72,6,56
2024-02-08,SKU091,36,62,12,59
2024-02-08,SKU092,86,10,16,39
2024-02-08,SKU093,42,6,15,56
2024-02-08,SKU094,290,98,9,45
2024-02-08,SKU095,85,25,13,34
2024-02-08,SKU096,162,69,11,52
2024-02-08,SKU097,243,34,17,80
2024-02-08,SKU098,40,64,8,27
2024-02-08,SKU099,134,73,19,46
2024-02-08,SKU100,183,35,16,31
2024-02-08,SKU101,95,91,3,30
2024-02-08,SKU102,53,21,9,67
2024-02-08,SKU103,271,87,7,75
2024-02-08,SKU104,27,45,13,20
2024-02-08,SKU105,126,97,9,20
2024-02-08,SKU106,51,2,3,55
2024-02-08,SKU107,285,48,10,70
2024-02-08,SKU108,169,95,15,49
2024-02-08,SKU109,142,75,6,59
2024-02-08,SKU110,22,0,19,53
2024-02-08,SKU111,66,15,11,27
2024-02-08,SKU112,227,0,3,57
2024-02-08,SKU113,67,49,21,68
2024-02-08,SKU114,97,30,7,63
2024-02-08,SKU115,273,25,17,67
2024-02-08,SKU116,292,98,21,66
2024-02-08,SKU117,255,94,4,44
2024-02-08,SKU118,24,69,13,39
2024-02-08,SKU119,298,10,20,47
2024-02-08,SKU120,265,33,15,35
2024-02-08,SKU121,40,6,3,78
2024-02-08,SKU122,283,35,10,35
2024-02-08,SKU123,242,15,6,66
2024-02-08,SKU124,145,57,5,79
2024-02-08,SKU125,69,66,5,40
2024-02-08,SKU126,67,84,20,61
2024-02-08,SKU127,209,88,11,41
2024-02-08,SKU128,276,18,21,71
2024-02-08,SKU129,178,19,3,32
2024-02-08,SKU130,153,85,3,24
2024-02-08,SKU131,205,26,13,68
2024-02-08,SKU132,142,35,16,46
2024-02-08,SKU133,35,57,13,44
2024-02-08,SKU134,148,36,21,76
2024-02-08,SKU135,159,51,16,48
2024-02-08,SKU136,95,91,4,26
2024-02-08,SKU137,49,70,7,37
2024-02-08,SKU138,28,17,20,78
2024-02-08,SKU139,66,88,19,29
2024-02-08,SKU140,90,83,10,52
2024-02-08,SKU141,248,76,12,20
2024-02-08,SKU142,96,50,7,22
2024-02-08,SKU143,291,44,19,76
2024-02-08,SKU144,55,63,11,64
2024-02-08,SKU145,186,17,17,34
2024-02-08,SKU146,203,81,9,46
2024-02-08,SKU147,179,20,10,42
2024-02-08,SKU148,252,2,3,38
2024-02-08,SKU149,64,20,6,69
2024-02-08,SKU150,91,70,13,26
2024-02-08,SKU151,79,87,16,80
2024-02-08,SKU152,55,80,8,70
2024-02-08,SKU153,187,44,21,21
2024-02-08,SKU154,166,85,15,27
2024-02-08,SKU155,36,7,17,58
2024-02-08,SKU156,108,28,4,36
2024-02-08,SKU157,238,52,3,23
2024-02-08,SKU158,63,16,20,35
2024-02-08,SKU159,287,18,17,25
2024-02-08,SKU160,35,11,8,32
2024-02-08,SKU161,85,72,16,24
2024-02-08,SKU162,199,11,7,21
2024-02-08,SKU163,155,68,14,20
2024-02-08,SKU164,274,94,16,47
2024-02-08,SKU165,186,28,11,39
2024-02-08,SKU166,215,92,4,76
2024-02-08,SKU167,176,83,8,77
2024-02-08,SKU168,93,56,16,34
2024-02-08,SKU169,173,49,3,26
2024-02-08,SKU170,65,42,10,20
2024-02-08,SKU171,207,63,9,66
2024-02-08,SKU172,178,62,7,36
2024-02-08,SKU173,140,44,20,46
2024-02-08,SKU174,62,62,16,54
2024-02-08,SKU175,106,20,13,68
2024-02-08,SKU176,71,95,7,72
2024-02-08,SKU177,254,85,8,45
2024-02-08,SKU178,251,0,19,45
2024-02-08,SKU179,234,90,15,79
2024-02-08,SKU180,199,89,15,80
2024-02-08,SKU181,98,16,11,24
2024-02-08,SKU182,246,52,20,48
2024-02-08,SKU183,281,34,12,50
2024-02-08,SKU184,259,10,8,57
2024-02-08,SKU185,50,81,9,43
2024-02-08,SKU186,27,4,16,79
2024-02-08,SKU187,75,65,12,52
2024-02-08,SKU188,267,38,7,28
2024-02-08,SKU189,140,40,11,71
2024-02-08,SKU190,127,39,4,39
2024-02-08,SKU191,234,94,15,55
2024-02-08,SKU192,98,14,7,25
2024-02-08,SKU193,192,81,16,73
2024-02-08,SKU194,149,77,14,30
2024-02-08,SKU195,202,32,21,70
2024-02-08,SKU196,108,2,15,62
2024-02-08,SKU197,161,36,5,69
2024-02-08,SKU198,83,12,18,69
2024-02-08,SKU199,120,69,20,25
2024-02-08,SKU200,291,18,17,35
2024-02-15,SKU001,233,53,12,26
2024-02-15,SKU002,156,60,14,34
2024-02-15,SKU003,147,51,21,64
2024-02-15,SKU004,209,20,12,76
2024-02-15,SKU005,246,99,11,79
2024-02-15,SKU006,221,55,13,62
2024-02-15,SKU007,139,43,9,55
2024-02-15,SKU008,228,16,21,55
2024-02-15,SKU009,193,95,10,29
2024-02-15,SKU010,168,25,15,51
2024-02-15,SKU011,97,38,6,41
2024-02-15,SKU012,263,10,8,61
2024-02-15,SKU013,254,82,16,80
2024-02-15,SKU014,120,95,20,79
2024-02-15,SKU015,134,41,11,33
2024-02-15,SKU016,166,52,20,41
2024-02-15,SKU017,276,95,16,35
2024-02-15,SKU018,33,52,6,45
2024-02-15,SKU019,295,18,12,56
2024-02-15,SKU020,260,75,10,59
2024-02-15,SKU021,299,100,5,46
2024-02-15,SKU022,69,45,10,63
2024-02-15,SKU023,276,10,6,45
2024-02-15,SKU024,283,83,9,64
2024-02-15,SKU025,256,11,3,35
2024-02-15,SKU026,31,63,9,50
2024-02-15,SKU027,86,48,4,50
2024-02-15,SKU028,105,99,3,80
2024-02-15,SKU029,68,35,20,59
2024-02-15,SKU030,236,61,20,77
2024-02-15,SKU031,29,71,7,44
2024-02-15,SKU032,160,73,9,27
2024-02-15,SKU033,87,15,12,45
2024-02-15,SKU034,120,75,12,70
2024-02-15,SKU035,246,50,8,40
2024-02-15,SKU036,162,18,21,73
2024-02-15,SKU037,104,49,12,42
2024-02-15,SKU038,227,26,9,58
2024-02-15,SKU039,75,58,7,67
2024-02-15,SKU040,173,1,9,45
2024-02-15,SKU041,154,64,5,62
2024-02-15,SKU042,76,23,16,64
2024-02-15,SKU043,216,91,12,56
2024-02-15,SKU044,255,11,16,48
2024-02-15,SKU045,33,52,20,34
2024-02-15,SKU046,131,42,10,58
2024-02-15,SKU047,76,4,6,44
2024-02-15,SKU048,75,21,14,70
2024-02-15,SKU049,34,14,15,69
2024-02-15,SKU050,146,72,11,66
2024-02-15,SKU051,37,97,5,32
2024-02-15,SKU052,135,29,11,37
2024-02-15,SKU053,130,60,16,73
2024-02-15,SKU054,266,84,9,63
2024-02-15,SKU055,160,68,6,38
2024-02-15,SKU056,43,72,20,71
2024-02-15,SKU057,155,11,4,24
2024-02-15,SKU058,242,63,9,22
2024-02-15,SKU059,57,32,20,25
2024-02-15,SKU060,73,51,3,38
2024-02-15,SKU061,62,98,3,23
2024-02-15,SKU062,179,83,8,77
2024-02-15,SKU063,39,19,19,55
2024-02-15,SKU064,233,53,6,45
2024-02-15,SKU065,298,4,5,76
2024-02-15,SKU066,40,31,12,29
2024-02-15,SKU067,82,98,9,36
2024-02-15,SKU068,276,95,13,39
2024-02-15,SKU069,153,19,4,33
2024-02-15,SKU070,183,25,5,47
2024-02-15,SKU071,51,89,18,56
2024-02-15,SKU072,69,62,21,26
2024-02-15,SKU073,125,69,15,23
2024-02-15,SKU074,60,41,18,26
2024-02-15,SKU075,64,63,6,33
2024-02-15,SKU076,89,100,6,57
2024-02-15,SKU077,178,2,7,39
2024-02-15,SKU078,257,85,3,30
2024-02-15,SKU079,286,71,5,38
2024-02-15,SKU080,67,15,7,73
2024-02-15,SKU081,293,58,12,40
2024-02-15,SKU082,89,62,5,69
2024-02-15,SKU083,129,55,18,74
2024-02-15,SKU084,281,47,18,44
2024-02-15,SKU085,170,54,9,58
2024-02-15,SKU086,56,30,20,70
2024-02-15,SKU087,60,4,18,39
2024-02-15,SKU088,76,84,15,27
2024-02-15,SKU089,166,21,10,61
2024-02-15,SKU090,97,15,14,38
2024-02-15,SKU091,44,9,10,25
2024-02-15,SKU092,191,27,13,23
2024-02-15,SKU093,230,76,16,62
2024-02-15,SKU094,114,49,5,46
2024-02-15,SKU095,300,32,14,41
2024-02-15,SKU096,105,41,8,68
2024-02-15,SKU097,274,94,12,77
2024-02-15,SKU098,58,0,7,60
2024-02-15,SKU099,206,36,18,66
2024-02-15,SKU100,53,90,17,57
2024-02-15,SKU101,297,76,11,53
2024-02-15,SKU102,289,45,16,44
2024-02-15,SKU103,164,64,21,80
2024-02-15,SKU104,133,7,3,43
2024-02-15,SKU105,74,75,13,47
2024-02-15,SKU106,251,44,15,33
2024-02-15,SKU107,207,46,19,38
2024-02-15,SKU108,94,23,17,60
2024-02-15,SKU109,64,58,7,44
2024-02-15,SKU110,226,17,14,45
2024-02-15,SKU111,207,3,11,44
2024-02-15,SKU112,24,60,3,62
2024-02-15,SKU113,41,10,12,74
2024-02-15,SKU114,160,14,10,20
2024-02-15,SKU115,213,65,16,75
2024-02-15,SKU116,112,33,4,70
2024-02-15,SKU117,282,56,6,76
2024-02-15,SKU118,22,0,16,46
2024-02-15,SKU119,297,76,4,63
2024-02-15,SKU120,159,97,6,51
2024-02-15,SKU121,89,68,7,20
2024-02-15,SKU122,261,52,8,32
2024-02-15,SKU123,276,92,6,27
2024-02-15,SKU124,199,84,8,28
2024-02-15,SKU125,137,18,20,29
2024-02-15,SKU126,112,22,20,29
2024-02-15,SKU127,165,1,20,37
2024-02-15,SKU128,261,41,7,53
2024-02-15,SKU129,118,45,21,58
2024-02-15,SKU130,172,4,3,37
2024-02-15,SKU131,67,4,20,37
2024-02-15,SKU132,251,77,6,34
2024-02-15,SKU133,210,100,6,65
2024-02-15,SKU134,79,31,14,62
2024-02-15,SKU135,35,99,13,32
2024-02-15,SKU136,183,99,17,79
2024-02-15,SKU137,94,21,19,57
2024-02-15,SKU138,87,0,16,38
2024-02-15,SKU139,80,81,14,51
2024-02-15,SKU140,40,76,17,53
2024-02-15,SKU141,143,3,7,79
2024-02-15,SKU142,296,2,5,21
2024-02-15,SKU143,173,13,12,78
2024-02-15,SKU144,188,31,12,24
2024-02-15,SKU145,190,97,7,70
2024-02-15,SKU146,281,97,6,79
2024-02-15,SKU147,154,36,18,55
2024-02-15,SKU148,229,58,12,66
2024-02-15,SKU149,85,70,4,31
2024-02-15,SKU150,63,82,19,63
2024-02-15,SKU151,134,2,15,34
2024-02-15,SKU152,196,63,20,61
2024-02-15,SKU153,32,86,10,49
2024-02-15,SKU154,79,85,7,26
2024-02-15,SKU155,133,84,17,36
2024-02-15,SKU156,142,92,15,58
2024-02-15,SKU157,27,40,13,55
2024-02-15,SKU158,185,44,18,70
2024-02-15,SKU159,210,75,21,39
2024-02-15,SKU160,30,69,11,31
2024-02-15,SKU161,20,53,16,56
2024-02-15,SKU162,45,88,12,42
2024-02-15,SKU163,98,66,20,47
2024-02-15,SKU164,27,48,5,66
2024-02-15,SKU165,44,49,13,46
2024-02-15,SKU166,255,30,10,48
2024-02-15,SKU167,159,47,17,77
2024-02-15,SKU168,42,10,15,40
2024-02-15,SKU169,93,56,16,25
2024-02-15,SKU170,134,53,20,24
2024-02-15,SKU171,173,75,20,23
2024-02-15,SKU172,91,45,10,60
2024-02-15,SKU173,30,65,11,32
2024-02-15,SKU174,265,92,15,59
2024-02-15,SKU175,102,81,15,38
2024-02-15,SKU176,157,38,17,69
2024-02-15,SKU177,275,23,13,71
2024-02-15,SKU178,24,68,12,63
2024-02-15,SKU179,114,30,7,77
2024-02-15,SKU180,148,22,9,39
2024-02-15,SKU181,282,0,4,37
2024-02-15,SKU182,60,58,7,39
2024-02-15,SKU183,76,92,13,41
2024-02-15,SKU184,146,50,6,40
2024-02-15,SKU185,293,43,13,49
2024-02-15,SKU186,164,74,3,44
2024-02-15,SKU187,109,63,21,71
2024-02-15,SKU188,213,1,8,37
2024-02-15,SKU189,104,47,17,23
2024-02-15,SKU190,142,97,9,34
2024-02-15,SKU191,93,79,13,63
2024-02-15,SKU192,169,45,8,79
2024-02-15,SKU193,133,10,13,60
2024-02-15,SKU194,295,17,19,44
2024-02-15,SKU195,135,5,11,21
2024-02-15,SKU196,91,77,16,45
2024-02-15,SKU197,114,88,5,48
2024-02-15,SKU198,100,12,18,38
2024-02-15,SKU199,100,76,7,73
2024-02-15,SKU200,87,3,12,25
2024-02-22,SKU001,289,76,16,22
2024-02-22,SKU002,270,7,17,28
2024-02-22,SKU003,88,68,20,33
2024-02-22,SKU004,158,99,5,33
2024-02-22,SKU005,138,44,6,68
2024-02-22,SKU006,119,78,3,24
2024-02-22,SKU007,159,24,4,58
2024-02-22,SKU008,259,39,8,51
2024-02-22,SKU009,178,78,10,47
2024-02-22,SKU010,227,86,10,40
2024-02-22,SKU011,265,91,21,46
2024-02-22,SKU012,246,98,5,80
2024-02-22,SKU013,157,66,3,32
2024-02-22,SKU014,25,85,4,78
2024-02-22,SKU015,253,86,10,71
2024-02-22,SKU016,206,99,16,73
2024-02-22,SKU017,206,71,7,44
2024-02-22,SKU018,32,65,8,74
2024-02-22,SKU019,195,23,16,35
2024-02-22,SKU020,261,75,11,65
2024-02-22,SKU021,54,18,19,75
2024-02-22,SKU022,287,49,16,80
2024-02-22,SKU023,73,11,7,63
2024-02-22,SKU024,85,25,8,24
2024-02-22,SKU025,155,80,8,40
2024-02-22,SKU026,101,48,5,79
2024-02-22,SKU027,75,74,18,70
2024-02-22,SKU028,299,72,7,73
2024-02-22,SKU029,190,79,12,45
2024-02-22,SKU030,183,57,11,60
2024-02-22,SKU031,159,48,14,64
2024-02-22,SKU032,129,23,14,63
2024-02-22,SKU033,182,35,12,79
2024-02-22,SKU034,59,14,19,26
2024-02-22,SKU035,292,85,13,25
2024-02-22,SKU036,129,48,17,32
2024-02-22,SKU037,281,2,13,29
2024-02-22,SKU038,49,26,20,72
2024-02-22,SKU039,296,12,21,33
2024-02-22,SKU040,247,92,16,52
2024-02-22,SKU041,174,99,6,54
2024-02-22,SKU042,163,63,5,36
2024-02-22,SKU043,215,85,7,30
2024-02-22,SKU044,34,9,11,62
2024-02-22,SKU045,287,31,9,35
2024-02-22,SKU046,185,34,4,77
2024-02-22,SKU047,69,14,8,48
2024-02-22,SKU048,106,69,9,78
2024-02-22,SKU049,219,1,9,20
2024-02-22,SKU050,280,61,15,78
2024-02-22,SKU051,169,59,18,22
2024-02-22,SKU052,25,53,18,47
2024-02-22,SKU053,75,69,10,69
2024-02-22,SKU054,258,48,7,67
2024-02-22,SKU055,211,0,18,46
2024-02-22,SKU056,267,88,5,60
2024-02-22,SKU057,233,23,6,51
2024-02-22,SKU058,95,5,12,54
2024-02-22,SKU059,288,66,15,55
2024-02-22,SKU060,45,84,12,26
2024-02-22,SKU061,276,49,21,34
2024-02-22,SKU062,42,28,8,44
2024-02-22,SKU063,172,83,13,70
2024-02-22,SKU064,225,32,16,49
2024-02-22,SKU065,172,13,21,59
2024-02-22,SKU066,62,51,4,40
2024-02-22,SKU067,138,77,3,44
2024-02-22,SKU068,148,72,4,56
2024-02-22,SKU069,269,82,3,34
2024-02-22,SKU070,172,16,13,72
2024-02-22,SKU071,78,90,17,63
2024-02-22,SKU072,47,15,20,24
2024-02-22,SKU073,211,71,21,26
2024-02-22,SKU074,116,50,20,29
2024-02-22,SKU075,220,59,3,49
2024-02-22,SKU076,161,22,6,41
2024-02-22,SKU077,146,8,10,60
2024-02-22,SKU078,223,93,7,69
2024-02-22,SKU079,194,21,15,70
2024-02-22,SKU080,21,17,8,27
2024-02-22,SKU081,236,73,3,55
2024-02-22,SKU082,281,58,14,70
2024-02-22,SKU083,161,65,3,29
2024-02-22,SKU084,138,25,14,54
2024-02-22,SKU085,138,96,19,72
2024-02-22,SKU086,172,24,5,20
2024-02-22,SKU087,229,46,17,35
2024-02-22,SKU088,187,10,18,39
2024-02-22,SKU089,193,32,15,56
2024-02-22,SKU090,131,98,14,27
2024-02-22,SKU091,33,20,5,39
2024-02-22,SKU092,44,97,5,29
2024-02-22,SKU093,298,31,9,25
2024-02-22,SKU094,189,47,19,80
2024-02-22,SKU095,266,72,21,20
2024-02-22,SKU096,132,43,17,26
2024-02-22,SKU097,272,63,5,74
2024-02-22,SKU098,268,89,3,32
2024-02-22,SKU099,36,44,16,52
2024-02-22,SKU100,251,7,21,39
2024-02-22,SKU101,57,16,11,78
2024-02-22,SKU102,215,0,13,25
2024-02-22,SKU103,220,32,20,71
2024-02-22,SKU104,138,97,20,57
2024-02-22,SKU105,184,26,10,48
2024-02-22,SKU106,217,71,11,27
2024-02-22,SKU107,252,97,15,49
2024-02-22,SKU108,257,85,16,74
2024-02-22,SKU109,51,1,15,37
2024-02-22,SKU110,134,39,13,80
2024-02-22,SKU111,252,86,10,73
2024-02-22,SKU112,60,81,18,68
2024-02-22,SKU113,141,5,10,34
2024-02-22,SKU114,110,33,21,70
2024-02-22,SKU115,235,95,17,41
2024-02-22,SKU116,275,33,13,27
2024-02-22,SKU117,20,38,20,37
2024-02-22,SKU118,293,5,21,39
2024-02-22,SKU119,244,92,9,73
2024-02-22,SKU120,79,69,5,42
2024-02-22,SKU121,218,2,13,74
2024-02-22,SKU122,168,20,18,23
2024-02-22,SKU123,252,76,21,77
2024-02-22,SKU124,204,74,12,71
2024-02-22,SKU125,264,52,6,26
2024-02-22,SKU126,75,6,18,56
2024-02-22,SKU127,262,50,12,76
2024-02-22,SKU128,250,46,12,63
2024-02-22,SKU129,199,53,13,49
2024-02-22,SKU130,96,65,21,70
2024-02-22,SKU131,253,19,8,44
2024-02-22,SKU132,127,37,19,41
2024-02-22,SKU133,157,87,3,68
2024-02-22,SKU134,124,74,3,58
2024-02-22,SKU135,279,33,15,53
2024-02-22,SKU136,198,94,16,20
2024-02-22,SKU137,242,48,21,66
2024-02-22,SKU138,113,83,16,24
2024-02-22,SKU139,131,66,7,79
2024-02-22,SKU140,229,100,20,50
2024-02-22,SKU141,37,79,17,76
2024-02-22,SKU142,245,58,17,58
2024-02-22,SKU143,211,59,4,68
2024-02-22,SKU144,125,72,21,77
2024-02-22,SKU145,228,18,15,34
2024-02-22,SKU146,274,59,21,31
2024-02-22,SKU147,247,8,5,23
2024-02-22,SKU148,244,97,10,42
2024-02-22,SKU149,83,16,20,58
2024-02-22,SKU150,234,22,8,62
2024-02-22,SKU151,36,52,20,77
2024-02-22,SKU152,105,36,9,30
2024-02-22,SKU153,138,24,10,23
2024-02-22,SKU154,93,27,21,79
2024-02-22,SKU155,137,32,11,44
2024-02-22,SKU156,31,100,15,72
2024-02-22,SKU157,34,48,21,36
2024-02-22,SKU158,136,87,3,45
2024-02-22,SKU159,196,83,7,32
2024-02-22,SKU160,194,56,20,76
2024-02-22,SKU161,220,41,7,58
2024-02-22,SKU162,176,11,7,52
2024-02-22,SKU163,195,31,18,65
2024-02-22,SKU164,44,4,15,75
2024-02-22,SKU165,155,32,19,76
2024-02-22,SKU166,192,36,20,50
2024-02-22,SKU167,194,31,6,27
2024-02-22,SKU168,286,100,3,36
2024-02-22,SKU169,105,46,14,39
2024-02-22,SKU170,93,67,3,40
2024-02-22,SKU171,146,56,16,68
2024-02-22,SKU172,174,16,14,41
2024-02-22,SKU173,35,61,20,75
2024-02-22,SKU174,237,70,19,60
2024-02-22,SKU175,248,69,15,21
2024-02-22,SKU176,112,5,10,66
2024-02-22,SKU177,86,21,6,35
2024-02-22,SKU178,58,61,4,77
2024-02-22,SKU179,67,79,13,55
2024-02-22,SKU180,225,53,9,80
2024-02-22,SKU181,87,69,18,56
2024-02-22,SKU182,288,99,18,30
2024-02-22,SKU183,285,63,9,72
2024-02-22,SKU184,59,32,8,71
2024-02-22,SKU185,178,72,14,71
2024-02-22,SKU186,229,22,21,72
2024-02-22,SKU187,77,60,21,45
2024-02-22,SKU188,178,38,6,47
2024-02-22,SKU189,24,30,9,68
2024-02-22,SKU190,113,69,20,52
2024-02-22,SKU191,23,60,3,21
2024-02-22,SKU192,185,10,4,31
2024-02-22,SKU193,289,62,12,41
2024-02-22,SKU194,60,19,3,29
2024-02-22,SKU195,101,93,3,25
2024-02-22,SKU196,270,46,12,43
2024-02-22,SKU197,159,8,15,37
2024-02-22,SKU198,291,63,7,62
2024-02-22,SKU199,54,7,11,45
2024-02-22,SKU200,232,16,17,40
2024-03-01,SKU001,232,29,11,59
2024-03-01,SKU002,192,76,12,20
2024-03-01,SKU003,122,71,21,42
2024-03-01,SKU004,184,100,12,46
2024-03-01,SKU005,205,55,14,32
2024-03-01,SKU006,58,60,4,52
2024-03-01,SKU007,271,27,4,23
2024-03-01,SKU008,96,94,5,21
2024-03-01,SKU009,94,94,17,80
2024-03-01,SKU010,124,48,15,34
2024-03-01,SKU011,105,44,15,62
2024-03-01,SKU012,256,26,8,30
2024-03-01,SKU013,124,36,19,48
2024-03-01,SKU014,157,72,9,58
2024-03-01,SKU015,53,54,15,20
2024-03-01,SKU016,69,74,6,22
2024-03-01,SKU017,25,38,20,53
2024-03-01,SKU018,240,50,3,67
2024-03-01,SKU019,246,26,7,46
2024-03-01,SKU020,178,38,17,69
2024-03-01,SKU021,121,85,18,52
2024-03-01,SKU022,202,78,14,60
2024-03-01,SKU023,163,11,18,47
2024-03-01,SKU024,49,100,3,58
2024-03-01,SKU025,121,63,6,78
2024-03-01,SKU026,232,37,14,60
2024-03-01,SKU027,75,1,12,42
2024-03-01,SKU028,271,31,11,46
2024-03-01,SKU029,242,73,12,36
2024-03-01,SKU030,272,27,10,54
2024-03-01,SKU031,245,98,20,76
2024-03-01,SKU032,49,95,13,28
2024-03-01,SKU033,276,73,3,62
2024-03-01,SKU034,189,49,16,42
2024-03-01,SKU035,64,70,9,48
2024-03-01,SKU036,297,38,17,48
2024-03-01,SKU037,66,75,19,79
2024-03-01,SKU038,296,64,10,48
2024-03-01,SKU039,160,31,11,42
2024-03-01,SKU040,42,77,15,52
2024-03-01,SKU041,183,79,9,52
2024-03-01,SKU042,40,50,8,67
2024-03-01,SKU043,185,7,7,35
2024-03-01,SKU044,43,65,21,61
2024-03-01,SKU045,219,35,15,71
2024-03-01,SKU046,104,33,10,39
2024-03-01,SKU047,138,45,11,53
2024-03-01,SKU048,227,76,13,31
2024-03-01,SKU049,77,23,6,63
2024-03-01,SKU050,202,49,4,72
2024-03-01,SKU051,140,64,17,24
2024-03-01,SKU052,22,66,20,22
2024-03-01,SKU053,127,42,12,46
2024-03-01,SKU054,168,48,16,20
2024-03-01,SKU055,173,75,4,33
2024-03-01,SKU056,264,51,11,48
2024-03-01,SKU057,161,58,16,67
2024-03-01,SKU058,82,84,5,47
2024-03-01,SKU059,61,23,8,27
2024-03-01,SKU060,193,5,10,66
2024-03-01,SKU061,227,89,13,42
2024-03-01,SKU062,229,90,19,65
2024-03-01,SKU063,55,81,21,77
2024-03-01,SKU064,42,5,12,27
2024-03-01,SKU065,180,66,10,33
2024-03-01,SKU066,130,47,7,74
2024-03-01,SKU067,298,53,15,20
2024-03-01,SKU068,71,28,19,40
2024-03-01,SKU069,181,95,3,69
2024-03-01,SKU070,33,21,21,41
2024-03-01,SKU071,266,24,19,20
2024-03-01,SKU072,74,3,5,31
2024-03-01,SKU073,170,45,17,26
2024-03-01,SKU074,297,11,14,55
2024-03-01,SKU075,48,49,5,58
2024-03-01,SKU076,171,77,21,69
2024-03-01,SKU077,79,24,15,60
2024-03-01,SKU078,211,4,14,41
2024-03-01,SKU079,81,73,6,62
2024-03-01,SKU080,133,73,16,54
2024-03-01,SKU081,244,10,19,47
2024-03-01,SKU082,272,9,18,20
2024-03-01,SKU083,294,1,12,59
2024-03-01,SKU084,95,76,9,65
2024-03-01,SKU085,103,96,20,78
2024-03-01,SKU086,207,2,18,78
2024-03-01,SKU087,71,76,16,25
2024-03-01,SKU088,98,75,10,33
2024-03-01,SKU089,91,9,9,37
2024-03-01,SKU090,200,20,7,22
2024-03-01,SKU091,155,5,4,80
2024-03-01,SKU092,129,61,5,79
2024-03-01,SKU093,261,63,14,53
2024-03-01,SKU094,198,49,7,65
2024-03-01,SKU095,249,32,20,20
2024-03-01,SKU096,218,51,6,24
2024-03-01,SKU097,112,53,7,66
2024-03-01,SKU098,36,83,10,78
2024-03-01,SKU099,50,49,21,73
2024-03-01,SKU100,209,9,16,40
2024-03-01,SKU101,271,86,5,30
2024-03-01,SKU102,76,15,20,47
2024-03-01,SKU103,44,82,5,54
2024-03-01,SKU104,61,15,7,75
2024-03-01,SKU105,137,86,10,32
2024-03-01,SKU106,50,23,13,42
2024-03-01,SKU107,280,98,18,57
2024-03-01,SKU108,89,7,16,70
2024-03-01,SKU109,97,28,6,70
2024-03-01,SKU110,165,84,13,58
2024-03-01,SKU111,240,71,19,64
2024-03-01,SKU112,73,2,21,65
2024-03-01,SKU113,218,81,6,56
2024-03-01,SKU114,227,70,4,38
2024-03-01,SKU115,203,3,14,30
2024-03-01,SKU116,65,8,7,68
2024-03-01,SKU117,45,27,16,20
2024-03-01,SKU118,285,15,15,70
2024-03-01,SKU119,160,99,6,80
2024-03-01,SKU120,26,32,11,67
2024-03-01,SKU121,228,5,20,64
2024-03-01,SKU122,58,88,18,78
2024-03-01,SKU123,72,32,4,71
2024-03-01,SKU124,140,34,16,56
2024-03-01,SKU125,186,33,11,56
2024-03-01,SKU126,200,3,15,20
2024-03-01,SKU127,190,64,4,46
2024-03-01,SKU128,87,88,17,36
2024-03-01,SKU129,194,50,16,58
2024-03-01,SKU130,132,87,20,78
2024-03-01,SKU131,198,73,4,51
2024-03-01,SKU132,152,18,11,25
2024-03-01,SKU133,176,18,3,38
2024-03-01,SKU134,203,58,17,78
2024-03-01,SKU135,240,22,13,74
2024-03-01,SKU136,117,86,20,38
2024-03-01,SKU137,252,51,15,58
2024-03-01,SKU138,63,76,14,32
2024-03-01,SKU139,42,12,15,80
2024-03-01,SKU140,166,63,7,53
2024-03-01,SKU141,225,15,18,38
2024-03-01,SKU142,212,66,13,57
2024-03-01,SKU143,27,17,15,28
2024-03-01,SKU144,248,49,5,27
2024-03-01,SKU145,219,49,7,69
2024-03-01,SKU146,296,51,16,20
2024-03-01,SKU147,117,39,19,28
2024-03-01,SKU148,158,51,20,58
2024-03-01,SKU149,231,61,4,27
2024-03-01,SKU150,222,47,15,30
2024-03-01,SKU151,274,95,18,72
2024-03-01,SKU152,171,5,8,24
2024-03-01,SKU153,206,63,7,33
2024-03-01,SKU154,64,91,7,40
2024-03-01,SKU155,95,35,8,32
2024-03-01,SKU156,194,19,13,72
2024-03-01,SKU157,219,4,3,53
2024-03-01,SKU158,184,95,19,73
2024-03-01,SKU159,178,76,15,76
2024-03-01,SKU160,52,57,8,26
2024-03-01,SKU161,205,7,13,69
2024-03-01,SKU162,96,1,14,78
2024-03-01,SKU163,136,42,9,69
2024-03-01,SKU164,64,24,6,52
2024-03-01,SKU165,159,47,16,21
2024-03-01,SKU166,188,78,10,38
2024-03-01,SKU167,96,31,7,28
2024-03-01,SKU168,83,0,5,76
2024-03-01,SKU169,95,74,11,78
2024-03-01,SKU170,152,95,10,66
2024-03-01,SKU171,75,35,5,37
2024-03-01,SKU172,35,68,18,52
2024-03-01,SKU173,133,33,9,63
2024-03-01,SKU174,258,61,21,68
2024-03-01,SKU175,298,19,12,22
2024-03-01,SKU176,96,12,6,47
2024-03-01,SKU177,291,18,10,25
2024-03-01,SKU178,131,62,21,75
2024-03-01,SKU179,284,10,19,26
2024-03-01,SKU180,27,5,21,44
2024-03-01,SKU181,97,39,8,46
2024-03-01,SKU182,196,59,19,69
2024-03-01,SKU183,242,27,13,43
2024-03-01,SKU184,278,60,17,38
2024-03-01,SKU185,197,16,16,33
2024-03-01,SKU186,173,64,19,80
2024-03-01,SKU187,292,18,9,67
2024-03-01,SKU188,272,80,7,40
2024-03-01,SKU189,179,37,8,28
2024-03-01,SKU190,184,25,13,27
2024-03-01,SKU191,54,59,19,63
2024-03-01,SKU192,115,70,3,41
2024-03-01,SKU193,43,31,11,41
2024-03-01,SKU194,207,29,20,67
2024-03-01,SKU195,289,23,19,50
2024-03-01,SKU196,101,0,11,48
2024-03-01,SKU197,223,60,16,44
2024-03-01,SKU198,213,90,4,54
2024-03-01,SKU199,85,69,20,51
2024-03-01,SKU200,173,41,19,48
2024-03-08,SKU001,145,81,15,41
2024-03-08,SKU002,116,16,21,52
2024-03-08,SKU003,185,55,20,37
2024-03-08,SKU004,247,92,17,72
2024-03-08,SKU005,34,94,18,71
2024-03-08,SKU006,42,54,4,21
2024-03-08,SKU007,275,34,15,26
2024-03-08,SKU008,162,100,10,35
2024-03-08,SKU009,247,4,4,70
2024-03-08,SKU010,162,93,21,25
2024-03-08,SKU011,269,39,12,32
2024-03-08,SKU012,218,71,17,25
2024-03-08,SKU013,215,30,19,78
2024-03-08,SKU014,254,55,8,75
2024-03-08,SKU015,60,45,18,65
2024-03-08,SKU016,270,38,3,67
2024-03-08,SKU017,186,32,14,73
2024-03-08,SKU018,276,55,16,27
2024-03-08,SKU019,288,19,12,68
2024-03-08,SKU020,296,92,18,39
2024-03-08,SKU021,54,35,8,51
2024-03-08,SKU022,279,46,10,60
2024-03-08,SKU023,52,32,6,66
2024-03-08,SKU024,277,64,18,31
2024-03-08,SKU025,234,26,11,63
2024-03-08,SKU026,108,10,8,28
2024-03-08,SKU027,124,91,10,56
2024-03-08,SKU028,288,20,6,40
2024-03-08,SKU029,32,1,17,64
2024-03-08,SKU030,82,27,7,62
2024-03-08,SKU031,23,37,11,80
2024-03-08,SKU032,281,33,14,46
2024-03-08,SKU033,252,61,5,43
2024-03-08,SKU034,156,14,17,61
2024-03-08,SKU035,214,49,3,38
2024-03-08,SKU036,181,53,20,57
2024-03-08,SKU037,138,73,5,77
2024-03-08,SKU038,70,51,12,43
2024-03-08,SKU039,245,83,15,51
2024-03-08,SKU040,250,96,15,79
2024-03-08,SKU041,210,60,16,44
2024-03-08,SKU042,225,32,18,45
2024-03-08,SKU043,43,71,14,28
2024-03-08,SKU044,24,64,13,74
2024-03-08,SKU045,91,75,16,39
2024-03-08,SKU046,188,41,8,24
2024-03-08,SKU047,271,46,4,38
2024-03-08,SKU048,295,66,18,53
2024-03-08,SKU049,88,75,20,52
2024-03-08,SKU050,269,18,17,43
2024-03-08,SKU051,173,94,11,29
2024-03-08,SKU052,105,0,16,24
2024-03-08,SKU053,205,88,4,46
2024-03-08,SKU054,107,76,20,49
2024-03-08,SKU055,138,82,19,47
2024-03-08,SKU056,161,4,4,44
2024-03-08,SKU057,265,17,12,46
2024-03-08,SKU058,241,25,21,22
2024-03-08,SKU059,145,20,5,36
2024-03-08,SKU060,146,7,9,25
2024-03-08,SKU061,298,89,9,56
2024-03-08,SKU062,142,30,3,77
2024-03-08,SKU063,60,13,6,71
2024-03-08,SKU064,280,33,3,45
2024-03-08,SKU065,201,32,19,54
2024-03-08,SKU066,185,43,19,51
2024-03-08,SKU067,183,47,7,64
2024-03-08,SKU068,168,45,7,56
2024-03-08,SKU069,221,13,13,24
2024-03-08,SKU070,161,24,16,58
2024-03-08,SKU071,254,32,14,49
2024-03-08,SKU072,287,27,13,24
2024-03-08,SKU073,251,73,20,32
2024-03-08,SKU074,276,58,5,62
2024-03-08,SKU075,143,42,14,45
2024-03-08,SKU076,237,79,16,76
2024-03-08,SKU077,146,84,9,71
2024-03-08,SKU078,297,91,21,42
2024-03-08,SKU079,295,55,11,24
2024-03-08,SKU080,257,83,20,79
2024-03-08,SKU081,92,41,15,77
2024-03-08,SKU082,43,88,6,58
2024-03-08,SKU083,76,99,16,28
2024-03-08,SKU084,155,54,12,60
2024-03-08,SKU085,260,53,8,57
2024-03-08,SKU086,120,50,20,38
2024-03-08,SKU087,90,55,19,75
2024-03-08,SKU088,205,14,18,57
2024-03-08,SKU089,254,24,16,50
2024-03-08,SKU090,44,11,3,28
2024-03-08,SKU091,273,9,4,63
2024-03-08,SKU092,180,92,7,73
2024-03-08,SKU093,24,24,20,62
2024-03-08,SKU094,252,20,6,78
2024-03-08,SKU095,85,15,14,60
2024-03-08,SKU096,58,73,4,60
2024-03-08,SKU097,160,45,15,30
2024-03-08,SKU098,176,92,11,46
2024-03-08,SKU099,113,19,4,26
2024-03-08,SKU100,220,43,16,46
2024-03-08,SKU101,131,80,10,58
2024-03-08,SKU102,128,86,14,22
2024-03-08,SKU103,287,19,12,32
2024-03-08,SKU104,87,49,7,40
2024-03-08,SKU105,143,86,20,25
2024-03-08,SKU106,161,1,10,23
2024-03-08,SKU107,273,40,13,80
2024-03-08,SKU108,289,36,5,63
2024-03-08,SKU109,160,20,4,29
2024-03-08,SKU110,164,67,12,32
2024-03-08,SKU111,197,6,18,37
2024-03-08,SKU112,208,1,9,67
2024-03-08,SKU113,146,23,19,23
2024-03-08,SKU114,258,3,7,36
2024-03-08,SKU115,158,0,12,79
2024-03-08,SKU116,123,11,3,78
2024-03-08,SKU117,26,59,18,26
2024-03-08,SKU118,109,30,13,64
2024-03-08,SKU119,143,16,18,50
2024-03-08,SKU120,132,62,16,42
2024-03-08,SKU121,195,32,17,45
2024-03-08,SKU122,53,56,7,48
2024-03-08,SKU123,202,60,10,41
2024-03-08,SKU124,184,39,20,79
2024-03-08,SKU125,74,36,17,80
2024-03-08,SKU126,69,23,15,46
2024-03-08,SKU127,239,13,13,77
2024-03-08,SKU128,146,74,9,71
2024-03-08,SKU129,85,77,11,31
2024-03-08,SKU130,256,90,4,73
2024-03-08,SKU131,91,8,14,23
2024-03-08,SKU132,70,26,11,73
2024-03-08,SKU133,133,81,10,56
2024-03-08,SKU134,45,55,8,50
2024-03-08,SKU135,296,78,13,52
2024-03-08,SKU136,112,36,17,50
2024-03-08,SKU137,116,27,21,24
2024-03-08,SKU138,87,77,4,34
2024-03-08,SKU139,250,14,6,29
2024-03-08,SKU140,246,44,10,56
2024-03-08,SKU141,205,40,17,62
2024-03-08,SKU142,64,36,8,25
2024-03-08,SKU143,65,53,8,31
2024-03-08,SKU144,37,90,15,74
2024-03-08,SKU145,186,76,5,22
2024-03-08,SKU146,21,91,11,73
2024-03-08,SKU147,148,24,15,36
2024-03-08,SKU148,130,50,11,38
2024-03-08,SKU149,148,26,8,67
2024-03-08,SKU150,234,75,5,36
2024-03-08,SKU151,95,20,3,60
2024-03-08,SKU152,48,59,7,30
2024-03-08,SKU153,246,50,19,35
2024-03-08,SKU154,183,20,17,52
2024-03-08,SKU155,44,80,19,77
2024-03-08,SKU156,248,69,13,62
2024-03-08,SKU157,266,13,4,58
2024-03-08,SKU158,131,24,20,68
2024-03-08,SKU159,210,27,4,20
2024-03-08,SKU160,42,75,4,77
2024-03-08,SKU161,50,85,16,33
2024-03-08,SKU162,91,43,19,66
2024-03-08,SKU163,237,82,18,79
2024-03-08,SKU164,248,42,12,45
2024-03-08,SKU165,209,70,16,27
2024-03-08,SKU166,265,21,20,62
2024-03-08,SKU167,178,59,3,35
2024-03-08,SKU168,168,35,16,60
2024-03-08,SKU169,130,28,8,65
2024-03-08,SKU170,166,48,14,61
2024-03-08,SKU171,231,67,12,80
2024-03-08,SKU172,53,42,12,67
2024-03-08,SKU173,230,94,9,41
2024-03-08,SKU174,81,59,13,51
2024-03-08,SKU175,124,40,5,72
2024-03-08,SKU176,283,46,6,70
2024-03-08,SKU177,275,50,21,63
2024-03-08,SKU178,217,45,21,43
2024-03-08,SKU179,229,41,16,20
2024-03-08,SKU180,41,100,10,65
2024-03-08,SKU181,132,57,13,29
2024-03-08,SKU182,113,72,15,67
2024-03-08,SKU183,159,66,11,60
2024-03-08,SKU184,91,11,3,56
2024-03-08,SKU185,101,23,7,40
2024-03-08,SKU186,67,93,11,41
2024-03-08,SKU187,200,61,21,60
2024-03-08,SKU188,208,92,9,49
2024-03-08,SKU189,86,29,18,45
2024-03-08,SKU190,231,5,11,24
2024-03-08,SKU191,165,18,16,39
2024-03-08,SKU192,129,7,8,59
2024-03-08,SKU193,261,5,20,24
2024-03-08,SKU194,132,62,7,31
2024-03-08,SKU195,93,15,3,59
2024-03-08,SKU196,122,46,7,39
2024-03-08,SKU197,117,77,7,30
2024-03-08,SKU198,209,4,5,65
2024-03-08,SKU199,176,72,15,77
2024-03-08,SKU200,88,71,11,21
2024-03-15,SKU001,145,87,21,31
2024-03-15,SKU002,289,43,10,28
2024-03-15,SKU003,47,19,13,39
2024-03-15,SKU004,228,10,16,65
2024-03-15,SKU005,262,75,12,46
2024-03-15,SKU006,247,82,17,53
2024-03-15,SKU007,54,66,21,53
2024-03-15,SKU008,242,27,16,67
2024-03-15,SKU009,60,28,21,40
2024-03-15,SKU010,168,99,13,70
2024-03-15,SKU011,89,90,5,27
2024-03-15,SKU012,191,95,17,31
2024-03-15,SKU013,137,80,13,60
2024-03-15,SKU014,46,11,11,49
2024-03-15,SKU015,129,63,18,56
2024-03-15,SKU016,236,17,15,63
2024-03-15,SKU017,120,64,21,44
2024-03-15,SKU018,200,37,21,80
2024-03-15,SKU019,272,86,17,56
2024-03-15,SKU020,63,90,18,55
2024-03-15,SKU021,98,17,3,22
2024-03-15,SKU022,83,2,3,26
2024-03-15,SKU023,150,22,19,72
2024-03-15,SKU024,228,85,16,58
2024-03-15,SKU025,49,50,8,40
2024-03-15,SKU026,63,41,18,40
2024-03-15,SKU027,194,13,11,75
2024-03-15,SKU028,41,72,15,48
2024-03-15,SKU029,70,80,3,62
2024-03-15,SKU030,281,1,3,65
2024-03-15,SKU031,155,80,14,52
2024-03-15,SKU032,267,23,11,30
2024-03-15,SKU033,109,61,12,76
2024-03-15,SKU034,221,54,14,65
2024-03-15,SKU035,85,79,12,72
2024-03-15,SKU036,284,25,4,80
2024-03-15,SKU037,196,14,17,27
2024-03-15,SKU038,257,19,13,24
2024-03-15,SKU039,112,83,9,75
2024-03-15,SKU040,151,26,10,40
2024-03-15,SKU041,138,55,17,43
2024-03-15,SKU042,249,87,18,51
2024-03-15,SKU043,247,27,11,77
2024-03-15,SKU044,86,49,13,54
2024-03-15,SKU045,266,41,4,33
2024-03-15,SKU046,55,1,12,65
2024-03-15,SKU047,244,76,5,36
2024-03-15,SKU048,20,60,18,24
2024-03-15,SKU049,113,65,3,70
2024-03-15,SKU050,231,10,21,58
2024-03-15,SKU051,38,61,11,45
2024-03-15,SKU052,221,90,16,58
2024-03-15,SKU053,274,85,11,50
2024-03-15,SKU054,97,95,5,49
2024-03-15,SKU055,81,96,8,38
2024-03-15,SKU056,137,47,15,47
2024-03-15,SKU057,276,84,10,70
2024-03-15,SKU058,45,27,7,42
2024-03-15,SKU059,120,49,21,43
2024-03-15,SKU060,93,46,13,54
2024-03-15,SKU061,248,93,15,51
2024-03-15,SKU062,125,40,3,50
2024-03-15,SKU063,67,95,4,62
2024-03-15,SKU064,275,22,19,64
2024-03-15,SKU065,134,83,12,71
2024-03-15,SKU066,256,49,11,80
2024-03-15,SKU067,232,95,5,31
2024-03-15,SKU068,213,11,11,59
2024-03-15,SKU069,124,84,15,62
2024-03-15,SKU070,141,13,21,45
2024-03-15,SKU071,110,56,13,45
2024-03-15,SKU072,172,32,10,57
2024-03-15,SKU073,39,74,13,24
2024-03-15,SKU074,192,50,15,33
2024-03-15,SKU075,28,7,15,32
2024-03-15,SKU076,219,18,6,70
2024-03-15,SKU077,47,45,5,44
2024-03-15,SKU078,152,7,17,52
2024-03-15,SKU079,256,94,4,75
2024-03-15,SKU080,173,64,6,25
2024-03-15,SKU081,124,94,14,68
2024-03-15,SKU082,120,88,18,67
2024-03-15,SKU083,146,77,16,43
2024-03-15,SKU084,101,61,8,68
2024-03-15,SKU085,182,74,20,45
2024-03-15,SKU086,245,58,18,64
2024-03-15,SKU087,51,42,14,39
2024-03-15,SKU088,284,75,21,65
2024-03-15,SKU089,38,60,5,31
2024-03-15,SKU090,216,77,6,40
2024-03-15,SKU091,169,90,20,31
2024-03-15,SKU092,264,1,4,62
2024-03-15,SKU093,85,73,10,33
2024-03-15,SKU094,73,27,7,45
2024-03-15,SKU095,280,73,9,50
2024-03-15,SKU096,154,53,3,30
2024-03-15,SKU097,52,31,16,68
2024-03-15,SKU098,299,68,12,24
2024-03-15,SKU099,204,63,18,25
2024-03-15,SKU100,89,94,5,53
2024-03-15,SKU101,156,22,14,24
2024-03-15,SKU102,200,52,5,50
2024-03-15,SKU103,243,85,14,41
2024-03-15,SKU104,100,19,10,64
2024-03-15,SKU105,208,46,7,64
2024-03-15,SKU106,299,41,20,51
2024-03-15,SKU107,33,55,9,20
2024-03-15,SKU108,97,98,7,55
2024-03-15,SKU109,110,77,10,71
2024-03-15,SKU110,140,45,7,54
2024-03-15,SKU111,244,67,18,26
2024-03-15,SKU112,211,92,9,42
2024-03-15,SKU113,229,38,18,80
2024-03-15,SKU114,100,52,19,62
2024-03-15,SKU115,178,94,18,37
2024-03-15,SKU116,231,35,14,40
2024-03-15,SKU117,37,58,7,77
2024-03-15,SKU118,286,31,6,68
2024-03-15,SKU119,25,15,20,80
2024-03-15,SKU120,200,92,4,53
2024-03-15,SKU121,299,6,20,50
2024-03-15,SKU122,181,51,12,72
2024-03-15,SKU123,199,96,3,67
2024-03-15,SKU124,193,69,6,61
2024-03-15,SKU125,26,40,19,20
2024-03-15,SKU126,75,0,20,77
2024-03-15,SKU127,235,62,18,71
2024-03-15,SKU128,153,32,18,47
2024-03-15,SKU129,60,75,9,48
2024-03-15,SKU130,292,98,20,47
2024-03-15,SKU131,212,24,15,70
2024-03-15,SKU132,171,49,13,35
2024-03-15,SKU133,132,29,12,72
2024-03-15,SKU134,247,56,11,67
2024-03-15,SKU135,229,29,9,80
2024-03-15,SKU136,265,73,7,29
2024-03-15,SKU137,240,21,19,27
2024-03-15,SKU138,58,44,3,31
2024-03-15,SKU139,131,62,12,33
2024-03-15,SKU140,275,31,12,40
2024-03-15,SKU141,45,41,8,27
2024-03-15,SKU142,168,1,13,78
2024-03-15,SKU143,21,32,18,28
2024-03-15,SKU144,233,3,18,75
2024-03-15,SKU145,238,20,5,37
2024-03-15,SKU146,201,75,18,48
2024-03-15,SKU147,140,52,15,21
2024-03-15,SKU148,292,96,13,57
2024-03-15,SKU149,78,77,20,25
2024-03-15,SKU150,244,96,12,51
2024-03-15,SKU151,138,49,16,43
2024-03-15,SKU152,124,78,17,61
2024-03-15,SKU153,290,67,14,53
2024-03-15,SKU154,250,38,19,67
2024-03-15,SKU155,197,83,14,48
2024-03-15,SKU156,79,31,6,71
2024-03-15,SKU157,294,32,11,36
2024-03-15,SKU158,219,8,16,35
2024-03-15,SKU159,183,23,13,50
2024-03-15,SKU160,148,61,18,50
2024-03-15,SKU161,162,30,17,60
2024-03-15,SKU162,100,10,7,34
2024-03-15,SKU163,279,35,19,49
2024-03-15,SKU164,247,47,15,77
2024-03-15,SKU165,57,100,5,79
2024-03-15,SKU166,300,96,21,73
2024-03-15,SKU167,285,60,13,43
2024-03-15,SKU168,272,75,20,74
2024-03-15,SKU169,133,16,8,72
2024-03-15,SKU170,40,81,3,78
2024-03-15,SKU171,50,41,21,20
2024-03-15,SKU172,183,36,14,67
2024-03-15,SKU173,78,56,10,44
2024-03-15,SKU174,184,70,14,38
2024-03-15,SKU175,36,41,21,24
2024-03-15,SKU176,134,35,12,79
2024-03-15,SKU177,114,37,16,28
2024-03-15,SKU178,260,13,7,32
2024-03-15,SKU179,139,31,4,69
2024-03-15,SKU180,228,43,10,32
2024-03-15,SKU181,210,24,14,59
2024-03-15,SKU182,261,40,21,62
2024-03-15,SKU183,297,2,21,45
2024-03-15,SKU184,100,64,8,66
2024-03-15,SKU185,81,76,15,78
2024-03-15,SKU186,20,67,18,55
2024-03-15,SKU187,270,97,13,60
2024-03-15,SKU188,260,64,20,29
2024-03-15,SKU189,263,24,17,74
2024-03-15,SKU190,237,31,4,57
2024-03-15,SKU191,260,58,10,57
2024-03-15,SKU192,283,92,10,75
2024-03-15,SKU193,243,49,16,21
2024-03-15,SKU194,275,84,21,51
2024-03-15,SKU195,277,41,13,20
2024-03-15,SKU196,48,87,12,37
2024-03-15,SKU197,206,84,4,48
2024-03-15,SKU198,91,76,15,30
2024-03-15,SKU199,33,87,5,21
2024-03-15,SKU200,246,78,10,65
2024-03-22,SKU001,169,30,13,79
2024-03-22,SKU002,250,69,11,74
2024-03-22,SKU003,186,79,3,67
2024-03-22,SKU004,261,26,6,29
2024-03-22,SKU005,287,20,5,60
2024-03-22,SKU006,71,9,8,45
2024-03-22,SKU007,177,81,7,26
2024-03-22,SKU008,281,10,13,36
2024-03-22,SKU009,154,98,18,55
2024-03-22,SKU010,278,74,9,69
2024-03-22,SKU011,257,81,17,23
2024-03-22,SKU012,269,7,14,74
2024-03-22,SKU013,34,56,3,59
2024-03-22,SKU014,209,82,3,60
2024-03-22,SKU015,225,16,15,62
2024-03-22,SKU016,131,23,17,45
2024-03-22,SKU017,111,32,9,28
2024-03-22,SKU018,238,42,17,29
2024-03-22,SKU019,21,98,18,58
2024-03-22,SKU020,288,6,11,67
2024-03-22,SKU021,271,5,18,52
2024-03-22,SKU022,143,56,19,51
2024-03-22,SKU023,273,84,13,30
2024-03-22,SKU024,117,79,21,59
2024-03-22,SKU025,242,24,15,56
2024-03-22,SKU026,75,66,12,43
2024-03-22,SKU027,161,34,6,75
2024-03-22,SKU028,299,86,10,52
2024-03-22,SKU029,205,57,21,29
2024-03-22,SKU030,289,21,15,71
2024-03-22,SKU031,95,95,3,26
2024-03-22,SKU032,234,45,6,40
2024-03-22,SKU033,180,21,18,79
2024-03-22,SKU034,165,57,20,73
2024-03-22,SKU035,272,12,14,61
2024-03-22,SKU036,189,94,10,32
2024-03-22,SKU037,124,9,17,56
2024-03-22,SKU038,136,9,9,61
2024-03-22,SKU039,172,63,13,77
2024-03-22,SKU040,216,8,16,67
2024-03-22,SKU041,68,59,15,43
2024-03-22,SKU042,45,18,6,71
2024-03-22,SKU043,30,2,4,30
2024-03-22,SKU044,275,67,16,39
2024-03-22,SKU045,202,66,17,23
2024-03-22,SKU046,22,44,6,60
2024-03-22,SKU047,84,41,10,52
2024-03-22,SKU048,47,83,16,32
2024-03-22,SKU049,68,78,3,41
2024-03-22,SKU050,130,63,15,58
2024-03-22,SKU051,126,21,20,49
2024-03-22,SKU052,105,90,18,38
2024-03-22,SKU053,217,99,8,31
2024-03-22,SKU054,222,65,18,40
2024-03-22,SKU055,119,11,5,67
2024-03-22,SKU056,198,20,11,68
2024-03-22,SKU057,125,68,18,28
2024-03-22,SKU058,33,56,13,48
2024-03-22,SKU059,118,93,6,39
2024-03-22,SKU060,173,32,11,71
2024-03-22,SKU061,78,75,21,44
2024-03-22,SKU062,158,40,21,68
2024-03-22,SKU063,216,22,11,62
2024-03-22,SKU064,123,70,11,20
2024-03-22,SKU065,92,98,18,48
2024-03-22,SKU066,58,45,17,74
2024-03-22,SKU067,137,85,16,53
2024-03-22,SKU068,189,0,17,23
2024-03-22,SKU069,184,86,6,77
2024-03-22,SKU070,297,19,14,25
2024-03-22,SKU071,80,3,9,25
2024-03-22,SKU072,292,55,17,28
2024-03-22,SKU073,29,61,14,57
2024-03-22,SKU074,73,35,11,73
2024-03-22,SKU075,211,53,16,80
2024-03-22,SKU076,59,79,16,71
2024-03-22,SKU077,226,93,17,63
2024-03-22,SKU078,212,1,5,66
2024-03-22,SKU079,190,6,11,35
2024-03-22,SKU080,159,0,5,20
2024-03-22,SKU081,114,50,14,41
2024-03-22,SKU082,252,48,12,49
2024-03-22,SKU083,209,53,15,43
2024-03-22,SKU084,254,24,7,57
2024-03-22,SKU085,264,61,12,25
2024-03-22,SKU086,50,43,3,47
2024-03-22,SKU087,286,41,3,70
2024-03-22,SKU088,97,30,10,23
2024-03-22,SKU089,172,54,8,27
2024-03-22,SKU090,179,89,18,60
2024-03-22,SKU091,31,53,6,73
2024-03-22,SKU092,212,42,10,74
2024-03-22,SKU093,256,28,3,40
2024-03-22,SKU094,124,99,12,30
2024-03-22,SKU095,298,76,3,80
2024-03-22,SKU096,271,90,19,24
2024-03-22,SKU097,233,19,21,32
2024-03-22,SKU098,51,73,15,27
2024-03-22,SKU099,200,7,18,27
2024-03-22,SKU100,45,55,15,27
2024-03-22,SKU101,223,77,4,34
2024-03-22,SKU102,241,58,4,41
2024-03-22,SKU103,50,34,6,27
2024-03-22,SKU104,255,84,21,60
2024-03-22,SKU105,260,56,16,63
2024-03-22,SKU106,123,13,21,38
2024-03-22,SKU107,231,56,4,56
2024-03-22,SKU108,218,86,4,55
2024-03-22,SKU109,256,34,16,72
2024-03-22,SKU110,55,19,7,58
2024-03-22,SKU111,281,28,3,52
2024-03-22,SKU112,270,69,19,39
2024-03-22,SKU113,260,57,21,54
2024-03-22,SKU114,280,64,7,36
2024-03-22,SKU115,130,58,14,59
2024-03-22,SKU116,226,67,15,54
2024-03-22,SKU117,240,22,17,36
2024-03-22,SKU118,277,23,10,20
2024-03-22,SKU119,38,72,17,24
2024-03-22,SKU120,186,32,18,72
2024-03-22,SKU121,190,75,14,21
2024-03-22,SKU122,79,24,9,44
2024-03-22,SKU123,251,19,5,24
2024-03-22,SKU124,187,48,17,68
2024-03-22,SKU125,287,8,11,21
2024-03-22,SKU126,294,20,20,31
2024-03-22,SKU127,170,96,15,39
2024-03-22,SKU128,80,82,10,48
2024-03-22,SKU129,60,53,13,23
2024-03-22,SKU130,162,85,8,62
2024-03-22,SKU131,130,84,6,43
2024-03-22,SKU132,229,81,10,50
2024-03-22,SKU133,295,10,10,27
2024-03-22,SKU134,52,46,6,52
2024-03-22,SKU135,58,90,10,44
2024-03-22,SKU136,31,3,11,77
2024-03-22,SKU137,245,76,4,39
2024-03-22,SKU138,241,93,12,38
2024-03-22,SKU139,154,7,14,63
2024-03-22,SKU140,299,8,13,26
2024-03-22,SKU141,134,78,11,78
2024-03-22,SKU142,99,63,20,56
2024-03-22,SKU143,67,90,5,59
2024-03-22,SKU144,102,55,20,58
2024-03-22,SKU145,47,2,19,74
2024-03-22,SKU146,238,86,4,60
2024-03-22,SKU147,236,66,5,77
2024-03-22,SKU148,169,39,5,47
2024-03-22,SKU149,238,92,15,26
2024-03-22,SKU150,72,61,17,63
2024-03-22,SKU151,97,77,11,30
2024-03-22,SKU152,21,52,18,23
2024-03-22,SKU153,35,43,19,67
2024-03-22,SKU154,196,70,7,37
2024-03-22,SKU155,25,32,18,51
2024-03-22,SKU156,185,89,18,31
2024-03-22,SKU157,165,0,4,34
2024-03-22,SKU158,50,25,5,43
2024-03-22,SKU159,53,95,19,75
2024-03-22,SKU160,231,11,17,42
2024-03-22,SKU161,242,22,7,63
2024-03-22,SKU162,178,78,12,60
2024-03-22,SKU163,259,53,11,61
2024-03-22,SKU164,71,78,11,57
2024-03-22,SKU165,197,64,9,31
2024-03-22,SKU166,205,9,21,22
2024-03-22,SKU167,62,1,7,75
2024-03-22,SKU168,226,29,9,36
2024-03-22,SKU169,88,18,17,78
2024-03-22,SKU170,268,89,18,23
2024-03-22,SKU171,292,41,21,39
2024-03-22,SKU172,104,54,19,31
2024-03-22,SKU173,140,78,14,67
2024-03-22,SKU174,209,33,9,64
2024-03-22,SKU175,162,32,20,70
2024-03-22,SKU176,113,11,10,53
2024-03-22,SKU177,22,15,6,40
2024-03-22,SKU178,193,61,15,58
2024-03-22,SKU179,161,99,6,63
2024-03-22,SKU180,209,13,9,59
2024-03-22,SKU181,299,97,14,43
2024-03-22,SKU182,147,20,9,50
2024-03-22,SKU183,205,1,19,68
2024-03-22,SKU184,130,78,18,35
2024-03-22,SKU185,80,59,13,77
2024-03-22,SKU186,105,40,7,63
2024-03-22,SKU187,132,18,11,35
2024-03-22,SKU188,148,89,7,26
2024-03-22,SKU189,124,72,14,71
2024-03-22,SKU190,267,73,16,40
2024-03-22,SKU191,243,21,20,20
2024-03-22,SKU192,271,25,10,43
2024-03-22,SKU193,29,1,16,65
2024-03-22,SKU194,152,88,13,69
2024-03-22,SKU195,186,92,19,22
2024-03-22,SKU196,176,100,19,30
2024-03-22,SKU197,169,5,18,74
2024-03-22,SKU198,297,20,19,44
2024-03-22,SKU199,115,46,14,53
2024-03-22,SKU200,245,95,8,56
2024-04-01,SKU001,124,100,15,21
2024-04-01,SKU002,33,9,16,72
2024-04-01,SKU003,286,1,6,68
2024-04-01,SKU004,62,43,9,67
2024-04-01,SKU005,233,2,15,38
2024-04-01,SKU006,127,77,12,43
2024-04-01,SKU007,120,83,11,77
2024-04-01,SKU008,272,26,7,23
2024-04-01,SKU009,21,74,16,22
2024-04-01,SKU010,79,47,9,41
2024-04-01,SKU011,123,80,3,42
2024-04-01,SKU012,132,22,14,47
2024-04-01,SKU013,108,39,20,54
2024-04-01,SKU014,296,2,12,58
2024-04-01,SKU015,273,5,11,46
2024-04-01,SKU016,161,70,13,40
2024-04-01,SKU017,202,12,15,56
2024-04-01,SKU018,127,20,12,22
2024-04-01,SKU019,190,97,17,68
2024-04-01,SKU020,168,12,5,78
2024-04-01,SKU021,124,47,9,56
2024-04-01,SKU022,70,80,3,35
2024-04-01,SKU023,282,82,21,24
2024-04-01,SKU024,222,98,15,51
2024-04-01,SKU025,245,87,3,59
2024-04-01,SKU026,204,19,5,52
2024-04-01,SKU027,190,86,19,74
2024-04-01,SKU028,213,67,4,36
2024-04-01,SKU029,116,77,11,29
2024-04-01,SKU030,27,4,19,63
2024-04-01,SKU031,291,75,7,40
2024-04-01,SKU032,296,81,13,50
2024-04-01,SKU033,283,25,20,22
2024-04-01,SKU034,118,61,3,33
2024-04-01,SKU035,251,60,9,68
2024-04-01,SKU036,62,19,4,43
2024-04-01,SKU037,229,72,12,53
2024-04-01,SKU038,201,26,4,49
2024-04-01,SKU039,149,66,17,80
2024-04-01,SKU040,59,24,11,21
2024-04-01,SKU041,198,88,6,79
2024-04-01,SKU042,160,1,13,23
2024-04-01,SKU043,56,70,6,35
2024-04-01,SKU044,217,9,18,76
2024-04-01,SKU045,37,0,4,37
2024-04-01,SKU046,283,45,12,66
2024-04-01,SKU047,75,92,7,63
2024-04-01,SKU048,118,85,11,52
2024-04-01,SKU049,73,1,21,38
2024-04-01,SKU050,186,21,13,40
2024-04-01,SKU051,147,89,21,44
2024-04-01,SKU052,94,41,14,47
2024-04-01,SKU053,60,34,11,26
2024-04-01,SKU054,99,84,21,54
2024-04-01,SKU055,248,7,5,78
2024-04-01,SKU056,49,78,9,62
2024-04-01,SKU057,86,15,13,29
2024-04-01,SKU058,150,13,18,71
2024-04-01,SKU059,240,14,6,26
2024-04-01,SKU060,177,65,10,30
2024-04-01,SKU061,148,96,4,58
2024-04-01,SKU062,227,95,13,79
2024-04-01,SKU063,89,86,16,72
2024-04-01,SKU064,59,16,6,44
2024-04-01,SKU065,231,91,21,39
2024-04-01,SKU066,284,11,4,20
2024-04-01,SKU067,59,8,8,65
2024-04-01,SKU068,126,28,3,27
2024-04-01,SKU069,234,58,21,72
2024-04-01,SKU070,215,43,14,60
2024-04-01,SKU071,219,83,17,77
2024-04-01,SKU072,145,23,10,55
2024-04-01,SKU073,118,49,19,39
2024-04-01,SKU074,70,37,10,39
2024-04-01,SKU075,164,50,8,31
2024-04-01,SKU076,278,2,18,36
2024-04-01,SKU077,48,40,9,52
2024-04-01,SKU078,26,43,14,20
2024-04-01,SKU079,158,20,19,61
2024-04-01,SKU080,55,55,20,34
2024-04-01,SKU081,223,19,13,80
2024-04-01,SKU082,248,62,8,25
2024-04-01,SKU083,33,89,19,51
2024-04-01,SKU084,114,59,12,79
2024-04-01,SKU085,82,6,14,57
2024-04-01,SKU086,60,44,17,77
2024-04-01,SKU087,280,95,5,43
2024-04-01,SKU088,193,43,5,55
2024-04-01,SKU089,179,75,14,65
2024-04-01,SKU090,208,21,16,36
2024-04-01,SKU091,146,80,13,28
2024-04-01,SKU092,90,12,18,32
2024-04-01,SKU093,85,70,12,29
2024-04-01,SKU094,155,99,19,50
2024-04-01,SKU095,107,72,20,23
2024-04-01,SKU096,102,2,7,59
2024-04-01,SKU097,58,82,17,31
2024-04-01,SKU098,216,40,6,61
2024-04-01,SKU099,144,92,11,29
2024-04-01,SKU100,36,39,13,73
2024-04-01,SKU101,271,66,6,35
2024-04-01,SKU102,74,37,14,68
2024-04-01,SKU103,214,17,14,34
2024-04-01,SKU104,51,27,4,76
2024-04-01,SKU105,90,35,5,34
2024-04-01,SKU106,28,1,6,27
2024-04-01,SKU107,127,8,12,47
2024-04-01,SKU108,174,39,8,25
2024-04-01,SKU109,164,31,17,61
2024-04-01,SKU110,264,64,3,74
2024-04-01,SKU111,210,42,7,67
2024-04-01,SKU112,88,61,18,21
2024-04-01,SKU113,84,54,4,67
2024-04-01,SKU114,176,72,17,45
2024-04-01,SKU115,262,78,21,67
2024-04-01,SKU116,285,57,8,42
2024-04-01,SKU117,226,85,21,47
2024-04-01,SKU118,176,9,5,33
2024-04-01,SKU119,198,1,17,64
2024-04-01,SKU120,242,100,12,59
2024-04-01,SKU121,214,57,8,64
2024-04-01,SKU122,248,90,15,32
2024-04-01,SKU123,131,72,16,52
2024-04-01,SKU124,33,5,17,27
2024-04-01,SKU125,74,78,12,51
2024-04-01,SKU126,180,6,14,60
2024-04-01,SKU127,114,16,4,26
2024-04-01,SKU128,53,18,18,72
2024-04-01,SKU129,24,93,12,29
2024-04-01,SKU130,85,89,14,79
2024-04-01,SKU131,134,30,7,33
2024-04-01,SKU132,63,38,10,33
2024-04-01,SKU133,77,52,5,47
2024-04-01,SKU134,227,94,18,39
2024-04-01,SKU135,177,52,21,51
2024-04-01,SKU136,40,62,6,27
2024-04-01,SKU137,289,91,21,41
2024-04-01,SKU138,54,14,6,43
2024-04-01,SKU139,272,69,17,28
2024-04-01,SKU140,142,74,4,78
2024-04-01,SKU141,120,63,6,40
2024-04-01,SKU142,208,66,15,20
2024-04-01,SKU143,113,51,12,28
2024-04-01,SKU144,127,51,8,66
2024-04-01,SKU145,174,43,19,54
2024-04-01,SKU146,166,91,15,67
2024-04-01,SKU147,125,57,5,71
2024-04-01,SKU148,163,59,20,51
2024-04-01,SKU149,197,3,19,62
2024-04-01,SKU150,31,45,17,60
2024-04-01,SKU151,53,8,18,53
2024-04-01,SKU152,152,80,12,37
2024-04-01,SKU153,45,7,7,66
2024-04-01,SKU154,269,33,19,58
2024-04-01,SKU155,150,21,11,39
2024-04-01,SKU156,138,56,9,45
2024-04-01,SKU157,219,54,4,38
2024-04-01,SKU158,178,68,15,70
2024-04-01,SKU159,254,14,6,54
2024-04-01,SKU160,288,9,16,24
2024-04-01,SKU161,289,21,18,65
2024-04-01,SKU162,245,82,10,38
2024-04-01,SKU163,248,59,12,57
2024-04-01,SKU164,233,56,19,67
2024-04-01,SKU165,169,47,7,49
2024-04-01,SKU166,140,88,10,61
2024-04-01,SKU167,72,81,19,73
2024-04-01,SKU168,286,13,13,46
2024-04-01,SKU169,273,41,12,27
2024-04-01,SKU170,129,42,11,60
2024-04-01,SKU171,200,43,17,58
2024-04-01,SKU172,253,81,3,66
2024-04-01,SKU173,255,76,4,50
2024-04-01,SKU174,246,82,4,73
2024-04-01,SKU175,178,80,14,41
2024-04-01,SKU176,127,3,3,24
2024-04-01,SKU177,268,25,6,69
2024-04-01,SKU178,154,13,7,50
2024-04-01,SKU179,108,44,21,31
2024-04-01,SKU180,75,81,8,56
2024-04-01,SKU181,202,48,17,64
2024-04-01,SKU182,85,33,4,43
2024-04-01,SKU183,207,43,8,40
2024-04-01,SKU184,73,63,18,38
2024-04-01,SKU185,292,45,16,40
2024-04-01,SKU186,99,83,15,39
2024-04-01,SKU187,99,97,11,33
2024-04-01,SKU188,244,39,7,52
2024-04-01,SKU189,89,100,7,21
2024-04-01,SKU190,114,16,4,37
2024-04-01,SKU191,57,0,16,38
2024-04-01,SKU192,227,5,17,30
2024-04-01,SKU193,212,43,8,65
2024-04-01,SKU194,51,87,6,66
2024-04-01,SKU195,162,65,17,46
2024-04-01,SKU196,44,79,16,48
2024-04-01,SKU197,138,56,8,43
2024-04-01,SKU198,37,7,21,35
2024-04-01,SKU199,102,15,21,41
2024-04-01,SKU200,219,92,9,70
2024-04-08,SKU001,174,18,3,21
2024-04-08,SKU002,137,23,15,80
2024-04-08,SKU003,189,7,10,23
2024-04-08,SKU004,182,17,11,26
2024-04-08,SKU005,69,34,8,22
2024-04-08,SKU006,246,52,14,74
2024-04-08,SKU007,68,28,9,41
2024-04-08,SKU008,111,72,12,58
2024-04-08,SKU009,211,60,16,23
2024-04-08,SKU010,147,91,21,46
2024-04-08,SKU011,56,3,20,37
2024-04-08,SKU012,104,96,21,50
2024-04-08,SKU013,47,38,13,33
2024-04-08,SKU014,287,54,20,48
2024-04-08,SKU015,223,8,7,64
2024-04-08,SKU016,249,52,18,44
2024-04-08,SKU017,97,14,9,41
2024-04-08,SKU018,173,80,13,45
2024-04-08,SKU019,54,35,10,74
2024-04-08,SKU020,81,44,9,79
2024-04-08,SKU021,282,80,9,63
2024-04-08,SKU022,175,71,21,75
2024-04-08,SKU023,205,31,5,31
2024-04-08,SKU024,45,4,19,69
2024-04-08,SKU025,189,73,4,39
2024-04-08,SKU026,44,99,3,75
2024-04-08,SKU027,109,35,6,63
2024-04-08,SKU028,250,4,9,45
2024-04-08,SKU029,148,23,10,71
2024-04-08,SKU030,271,92,10,33
2024-04-08,SKU031,59,26,12,72
2024-04-08,SKU032,96,39,5,38
2024-04-08,SKU033,245,15,19,56
2024-04-08,SKU034,266,50,8,74
2024-04-08,SKU035,58,97,18,70
2024-04-08,SKU036,260,77,12,66
2024-04-08,SKU037,92,82,8,26
2024-04-08,SKU038,37,13,18,28
2024-04-08,SKU039,273,34,20,69
2024-04-08,SKU040,88,10,13,77
2024-04-08,SKU041,64,61,13,21
2024-04-08,SKU042,271,87,21,46
2024-04-08,SKU043,140,10,10,29
2024-04-08,SKU044,160,87,4,62
2024-04-08,SKU045,160,75,15,72
2024-04-08,SKU046,61,79,16,64
2024-04-08,SKU047,183,11,15,45
2024-04-08,SKU048,107,61,5,37
2024-04-08,SKU049,199,61,4,47
2024-04-08,SKU050,182,88,20,77
2024-04-08,SKU051,241,99,19,47
2024-04-08,SKU052,103,98,9,48
2024-04-08,SKU053,281,47,17,49
2024-04-08,SKU054,69,86,17,27
2024-04-08,SKU055,111,8,21,57
2024-04-08,SKU056,119,88,5,51
2024-04-08,SKU057,214,92,18,20
2024-04-08,SKU058,270,81,3,20
2024-04-08,SKU059,85,21,17,56
2024-04-08,SKU060,237,99,8,67
2024-04-08,SKU061,161,39,13,31
2024-04-08,SKU062,246,64,12,80
2024-04-08,SKU063,120,0,3,34
2024-04-08,SKU064,299,63,19,60
2024-04-08,SKU065,40,53,12,47
2024-04-08,SKU066,194,72,12,67
2024-04-08,SKU067,64,84,20,46
2024-04-08,SKU068,297,82,12,58
2024-04-08,SKU069,281,62,11,58
2024-04-08,SKU070,119,89,8,20
2024-04-08,SKU071,127,92,21,29
2024-04-08,SKU072,105,48,20,74
2024-04-08,SKU073,226,64,18,21
2024-04-08,SKU074,125,60,14,43
2024-04-08,SKU075,271,68,14,70
2024-04-08,SKU076,166,41,18,65
2024-04-08,SKU077,217,41,9,20
2024-04-08,SKU078,93,33,16,38
2024-04-08,SKU079,125,2,19,27
2024-04-08,SKU080,133,16,7,31
2024-04-08,SKU081,197,58,14,21
2024-04-08,SKU082,152,9,7,30
2024-04-08,SKU083,235,50,12,68
2024-04-08,SKU084,142,88,14,66
2024-04-08,SKU085,21,73,11,73
2024-04-08,SKU086,181,47,17,34
2024-04-08,SKU087,70,36,21,29
2024-04-08,SKU088,237,54,8,29
2024-04-08,SKU089,149,62,17,47
2024-04-08,SKU090,21,25,20,29
2024-04-08,SKU091,277,7,18,24
2024-04-08,SKU092,51,6,7,36
2024-04-08,SKU093,181,67,19,63
2024-04-08,SKU094,239,34,6,60
2024-04-08,SKU095,255,83,21,35
2024-04-08,SKU096,219,78,18,58
2024-04-08,SKU097,145,84,10,68
2024-04-08,SKU098,123,31,19,32
2024-04-08,SKU099,120,67,17,72
2024-04-08,SKU100,239,70,19,33
2024-04-08,SKU101,224,66,21,70
2024-04-08,SKU102,291,19,14,52
2024-04-08,SKU103,82,57,9,55
2024-04-08,SKU104,242,68,6,78
2024-04-08,SKU105,213,44,8,67
2024-04-08,SKU106,92,31,13,22
2024-04-08,SKU107,271,81,10,50
2024-04-08,SKU108,298,62,10,66
2024-04-08,SKU109,204,17,6,57
2024-04-08,SKU110,287,3,15,80
2024-04-08,SKU111,284,32,15,21
2024-04-08,SKU112,120,26,12,31
2024-04-08,SKU113,199,7,20,45
2024-04-08,SKU114,257,19,7,46
2024-04-08,SKU115,242,23,20,25
2024-04-08,SKU116,48,57,15,48
2024-04-08,SKU117,253,94,17,71
2024-04-08,SKU118,295,52,17,62
2024-04-08,SKU119,137,89,18,24
2024-04-08,SKU120,292,8,4,42
2024-04-08,SKU121,244,33,16,52
2024-04-08,SKU122,136,27,4,43
2024-04-08,SKU123,130,88,18,37
2024-04-08,SKU124,41,85,16,30
2024-04-08,SKU125,151,17,15,27
2024-04-08,SKU126,48,90,10,35
2024-04-08,SKU127,97,35,20,64
2024-04-08,SKU128,261,63,9,44
2024-04-08,SKU129,199,13,19,54
2024-04-08,SKU130,160,99,6,59
2024-04-08,SKU131,294,52,15,25
2024-04-08,SKU132,128,18,21,39
2024-04-08,SKU133,30,51,10,80
2024-04-08,SKU134,206,60,8,36
2024-04-08,SKU135,259,51,9,58
2024-04-08,SKU136,198,60,7,71
2024-04-08,SKU137,223,84,19,40
2024-04-08,SKU138,37,1,17,28
2024-04-08,SKU139,173,29,19,61
2024-04-08,SKU140,201,67,3,21
2024-04-08,SKU141,281,54,16,77
2024-04-08,SKU142,102,100,11,61
2024-04-08,SKU143,180,88,3,79
2024-04-08,SKU144,187,8,11,59
2024-04-08,SKU145,34,39,19,68
2024-04-08,SKU146,259,95,10,42
2024-04-08,SKU147,269,47,11,34
2024-04-08,SKU148,166,41,10,44
2024-04-08,SKU149,170,79,21,45
2024-04-08,SKU150,71,91,4,51
2024-04-08,SKU151,275,92,21,58
2024-04-08,SKU152,247,58,7,29
2024-04-08,SKU153,102,18,16,39
2024-04-08,SKU154,213,93,5,68
2024-04-08,SKU155,185,30,10,80
2024-04-08,SKU156,37,1,7,51
2024-04-08,SKU157,25,17,17,69
2024-04-08,SKU158,206,94,4,74
2024-04-08,SKU159,263,53,18,68
2024-04-08,SKU160,243,88,21,35
2024-04-08,SKU161,295,88,4,77
2024-04-08,SKU162,183,13,11,42
2024-04-08,SKU163,143,70,15,61
2024-04-08,SKU164,25,14,16,53
2024-04-08,SKU165,56,19,4,51
2024-04-08,SKU166,195,0,4,21
2024-04-08,SKU167,226,78,5,80
2024-04-08,SKU168,198,46,19,76
2024-04-08,SKU169,197,72,10,75
2024-04-08,SKU170,100,18,11,36
2024-04-08,SKU171,183,45,16,41
2024-04-08,SKU172,113,27,8,28
2024-04-08,SKU173,69,38,20,59
2024-04-08,SKU174,178,35,5,32
2024-04-08,SKU175,211,83,5,78
2024-04-08,SKU176,248,51,21,58
2024-04-08,SKU177,121,26,4,35
2024-04-08,SKU178,60,40,16,57
2024-04-08,SKU179,187,75,4,50
2024-04-08,SKU180,26,44,16,58
2024-04-08,SKU181,209,90,5,20
2024-04-08,SKU182,240,26,16,77
2024-04-08,SKU183,77,83,5,71
2024-04-08,SKU184,91,66,18,38
2024-04-08,SKU185,41,90,19,61
2024-04-08,SKU186,77,8,17,72
2024-04-08,SKU187,117,3,15,56
2024-04-08,SKU188,137,67,7,24
2024-04-08,SKU189,161,40,7,54
2024-04-08,SKU190,245,66,21,58
2024-04-08,SKU191,223,17,19,56
2024-04-08,SKU192,140,0,8,55
2024-04-08,SKU193,166,7,14,29
2024-04-08,SKU194,58,64,14,23
2024-04-08,SKU195,184,49,4,55
2024-04-08,SKU196,117,95,6,56
2024-04-08,SKU197,69,19,16,23
2024-04-08,SKU198,154,89,20,42
2024-04-08,SKU199,290,72,16,40
2024-04-08,SKU200,154,78,20,24
2024-04-15,SKU001,199,94,5,73
2024-04-15,SKU002,286,35,4,80
2024-04-15,SKU003,213,26,7,58
2024-04-15,SKU004,151,81,15,43
2024-04-15,SKU005,70,99,9,29
2024-04-15,SKU006,253,10,4,22
2024-04-15,SKU007,173,79,21,26
2024-04-15,SKU008,108,54,11,68
2024-04-15,SKU009,140,66,11,68
2024-04-15,SKU010,261,91,3,66
2024-04-15,SKU011,70,73,8,61
2024-04-15,SKU012,28,46,4,79
2024-04-15,SKU013,68,49,9,35
2024-04-15,SKU014,97,84,10,72
2024-04-15,SKU015,220,16,13,57
2024-04-15,SKU016,132,17,20,47
2024-04-15,SKU017,204,62,6,27
2024-04-15,SKU018,106,90,12,56
2024-04-15,SKU019,75,17,19,69
2024-04-15,SKU020,128,0,3,47
2024-04-15,SKU021,108,30,20,27
2024-04-15,SKU022,282,27,8,37
2024-04-15,SKU023,206,14,16,51
2024-04-15,SKU024,65,63,17,45
2024-04-15,SKU025,82,87,21,47
2024-04-15,SKU026,24,62,5,26
2024-04-15,SKU027,261,18,7,35
2024-04-15,SKU028,136,90,13,56
2024-04-15,SKU029,82,31,9,43
2024-04-15,SKU030,125,10,14,35
2024-04-15,SKU031,200,55,8,65
2024-04-15,SKU032,298,58,7,65
2024-04-15,SKU033,179,45,3,69
2024-04-15,SKU034,159,91,3,56
2024-04-15,SKU035,149,13,11,70
2024-04-15,SKU036,248,85,18,25
2024-04-15,SKU037,239,70,8,54
2024-04-15,SKU038,295,22,5,54
2024-04-15,SKU039,85,37,12,44
2024-04-15,SKU040,300,20,6,45
2024-04-15,SKU041,119,48,7,58
2024-04-15,SKU042,269,0,9,53
2024-04-15,SKU043,240,82,12,61
2024-04-15,SKU044,244,29,7,65
2024-04-15,SKU045,103,27,7,28
2024-04-15,SKU046,149,20,16,32
2024-04-15,SKU047,251,71,9,45
2024-04-15,SKU048,282,95,5,30
2024-04-15,SKU049,194,32,6,38
2024-04-15,SKU050,195,17,19,69
2024-04-15,SKU051,268,69,11,50
2024-04-15,SKU052,197,78,3,37
2024-04-15,SKU053,152,59,12,64
2024-04-15,SKU054,66,56,16,39
2024-04-15,SKU055,129,34,11,24
2024-04-15,SKU056,21,44,17,57
2024-04-15,SKU057,173,85,4,44
2024-04-15,SKU058,184,23,14,33
2024-04-15,SKU059,110,74,10,60
2024-04-15,SKU060,85,34,12,73
2024-04-15,SKU061,157,84,20,68
2024-04-15,SKU062,138,35,14,27
2024-04-15,SKU063,208,40,3,68
2024-04-15,SKU064,250,61,13,79
2024-04-15,SKU065,155,63,7,65
2024-04-15,SKU066,298,100,6,67
2024-04-15,SKU067,184,85,17,21
2024-04-15,SKU068,239,54,8,42
2024-04-15,SKU069,20,13,16,80
2024-04-15,SKU070,108,23,3,39
2024-04-15,SKU071,119,84,17,48
2024-04-15,SKU072,83,33,12,55
2024-04-15,SKU073,263,21,12,53
2024-04-15,SKU074,148,74,7,47
2024-04-15,SKU075,79,44,8,79
2024-04-15,SKU076,285,96,10,20
2024-04-15,SKU077,185,96,16,55
2024-04-15,SKU078,88,93,4,75
2024-04-15,SKU079,44,65,8,21
2024-04-15,SKU080,262,82,19,74
2024-04-15,SKU081,22,76,19,52
2024-04-15,SKU082,113,21,4,57
2024-04-15,SKU083,86,45,8,60
2024-04-15,SKU084,78,0,21,37
2024-04-15,SKU085,93,25,14,63
2024-04-15,SKU086,152,62,21,25
2024-04-15,SKU087,128,6,8,51
2024-04-15,SKU088,86,75,21,20
2024-04-15,SKU089,105,40,5,21
2024-04-15,SKU090,27,86,8,30
2024-04-15,SKU091,265,76,20,79
2024-04-15,SKU092,89,46,17,56
2024-04-15,SKU093,282,67,10,41
2024-04-15,SKU094,148,27,8,47
2024-04-15,SKU095,37,29,8,73
2024-04-15,SKU096,107,38,4,55
2024-04-15,SKU097,22,83,17,50
2024-04-15,SKU098,36,1,10,50
2024-04-15,SKU099,293,13,18,26
2024-04-15,SKU100,197,6,15,54
2024-04-15,SKU101,187,18,12,44
2024-04-15,SKU102,26,64,19,77
2024-04-15,SKU103,209,73,8,63
2024-04-15,SKU104,45,69,13,27
2024-04-15,SKU105,203,10,8,28
2024-04-15,SKU106,281,53,15,22
2024-04-15,SKU107,31,73,21,59
2024-04-15,SKU108,253,88,12,56
2024-04-15,SKU109,163,14,6,69
2024-04-15,SKU110,246,14,14,57
2024-04-15,SKU111,51,30,15,38
2024-04-15,SKU112,276,92,18,35
2024-04-15,SKU113,261,16,14,59
2024-04-15,SKU114,30,96,6,29
2024-04-15,SKU115,181,77,21,47
2024-04-15,SKU116,279,35,19,64
2024-04-15,SKU117,124,34,10,64
2024-04-15,SKU118,89,72,17,54
2024-04-15,SKU119,238,80,18,24
2024-04-15,SKU120,191,39,8,71
2024-04-15,SKU121,193,86,13,71
2024-04-15,SKU122,268,10,21,39
2024-04-15,SKU123,244,85,18,23
2024-04-15,SKU124,42,59,5,58
2024-04-15,SKU125,62,94,4,34
2024-04-15,SKU126,207,24,10,45
2024-04-15,SKU127,134,44,7,27
2024-04-15,SKU128,260,22,9,37
2024-04-15,SKU129,25,43,5,43
2024-04-15,SKU130,184,68,20,61
2024-04-15,SKU131,242,53,10,72
2024-04-15,SKU132,76,84,11,62
2024-04-15,SKU133,133,69,17,23
2024-04-15,SKU134,212,14,5,41
2024-04-15,SKU135,175,18,6,27
2024-04-15,SKU136,287,97,19,59
2024-04-15,SKU137,193,78,11,58
2024-04-15,SKU138,78,79,7,66
2024-04-15,SKU139,217,41,21,41
2024-04-15,SKU140,80,60,9,34
2024-04-15,SKU141,221,83,15,47
2024-04-15,SKU142,176,70,6,37
2024-04-15,SKU143,134,11,9,70
2024-04-15,SKU144,250,33,3,68
2024-04-15,SKU145,20,89,5,56
2024-04-15,SKU146,299,7,6,72
2024-04-15,SKU147,75,0,16,35
2024-04-15,SKU148,104,23,11,73
2024-04-15,SKU149,158,30,8,44
2024-04-15,SKU150,197,98,11,78
2024-04-15,SKU151,180,10,19,58
2024-04-15,SKU152,276,15,21,51
2024-04-15,SKU153,276,83,13,74
2024-04-15,SKU154,186,8,17,58
2024-04-15,SKU155,77,44,12,75
2024-04-15,SKU156,142,51,21,55
2024-04-15,SKU157,40,82,9,37
2024-04-15,SKU158,207,77,11,54
2024-04-15,SKU159,124,3,12,59
2024-04-15,SKU160,159,6,19,22
2024-04-15,SKU161,55,4,3,46
2024-04-15,SKU162,186,51,20,25
2024-04-15,SKU163,294,89,9,32
2024-04-15,SKU164,117,10,15,50
2024-04-15,SKU165,106,49,15,38
2024-04-15,SKU166,28,97,10,65
2024-04-15,SKU167,44,57,14,20
2024-04-15,SKU168,192,72,21,56
2024-04-15,SKU169,33,83,16,37
2024-04-15,SKU170,30,66,6,23
2024-04-15,SKU171,212,57,6,23
2024-04-15,SKU172,73,56,15,43
2024-04-15,SKU173,70,2,13,58
2024-04-15,SKU174,103,3,20,44
2024-04-15,SKU175,188,27,18,38
2024-04-15,SKU176,159,45,14,65
2024-04-15,SKU177,292,25,9,25
2024-04-15,SKU178,288,46,16,44
2024-04-15,SKU179,190,32,21,35
2024-04-15,SKU180,150,59,19,26
2024-04-15,SKU181,95,98,16,53
2024-04-15,SKU182,300,65,6,20
2024-04-15,SKU183,260,80,20,75
2024-04-15,SKU184,212,90,10,31
2024-04-15,SKU185,50,10,17,22
2024-04-15,SKU186,131,2,18,60
2024-04-15,SKU187,288,15,17,67
2024-04-15,SKU188,236,16,10,65
2024-04-15,SKU189,108,41,13,78
2024-04-15,SKU190,291,69,6,25
2024-04-15,SKU191,79,21,17,49
2024-04-15,SKU192,234,12,14,74
2024-04-15,SKU193,68,69,3,48
2024-04-15,SKU194,277,34,12,28
2024-04-15,SKU195,154,49,17,47
2024-04-15,SKU196,29,7,11,75
2024-04-15,SKU197,91,44,17,76
2024-04-15,SKU198,230,40,18,25
2024-04-15,SKU199,114,43,11,39
2024-04-15,SKU200,199,69,12,71
2024-04-22,SKU001,109,30,12,77
2024-04-22,SKU002,66,3,7,74
2024-04-22,SKU003,174,18,14,22
2024-04-22,SKU004,184,77,15,33
2024-04-22,SKU005,74,7,15,68
2024-04-22,SKU006,100,54,20,38
2024-04-22,SKU007,164,8,20,49
2024-04-22,SKU008,259,100,16,73
2024-04-22,SKU009,296,78,16,25
2024-04-22,SKU010,260,54,20,48
2024-04-22,SKU011,115,72,16,28
2024-04-22,SKU012,30,38,8,69
2024-04-22,SKU013,272,46,20,60
2024-04-22,SKU014,65,7,5,64
2024-04-22,SKU015,178,8,4,66
2024-04-22,SKU016,34,67,7,42
2024-04-22,SKU017,111,27,4,44
2024-04-22,SKU018,196,12,6,50
2024-04-22,SKU019,231,71,8,74
2024-04-22,SKU020,186,15,13,76
2024-04-22,SKU021,97,64,19,21
2024-04-22,SKU022,41,39,16,80
2024-04-22,SKU023,32,46,11,46
2024-04-22,SKU024,32,47,4,52
2024-04-22,SKU025,173,82,21,67
2024-04-22,SKU026,191,84,5,50
2024-04-22,SKU027,27,33,7,71
2024-04-22,SKU028,45,97,12,50
2024-04-22,SKU029,127,2,19,73
2024-04-22,SKU030,245,71,20,72
2024-04-22,SKU031,245,42,7,44
2024-04-22,SKU032,134,20,8,75
2024-04-22,SKU033,287,32,12,27
2024-04-22,SKU034,139,29,9,40
2024-04-22,SKU035,47,22,5,23
2024-04-22,SKU036,130,61,18,20
2024-04-22,SKU037,34,18,10,72
2024-04-22,SKU038,129,40,20,28
2024-04-22,SKU039,121,42,3,47
2024-04-22,SKU040,109,59,12,62
2024-04-22,SKU041,62,94,14,50
2024-04-22,SKU042,47,65,19,32
2024-04-22,SKU043,105,64,15,74
2024-04-22,SKU044,38,33,6,44
2024-04-22,SKU045,71,39,10,41
2024-04-22,SKU046,163,28,12,57
2024-04-22,SKU047,77,91,19,56
2024-04-22,SKU048,97,39,14,62
2024-04-22,SKU049,181,57,12,61
2024-04-22,SKU050,235,80,12,66
2024-04-22,SKU051,139,25,10,23
2024-04-22,SKU052,159,2,9,77
2024-04-22,SKU053,42,85,13,55
2024-04-22,SKU054,61,64,6,43
2024-04-22,SKU055,282,44,10,41
2024-04-22,SKU056,21,55,7,58
2024-04-22,SKU057,97,46,20,62
2024-04-22,SKU058,37,93,11,59
2024-04-22,SKU059,52,72,11,69
2024-04-22,SKU060,142,56,9,35
2024-04-22,SKU061,129,8,8,72
2024-04-22,SKU062,124,89,19,44
2024-04-22,SKU063,200,43,15,69
2024-04-22,SKU064,194,84,4,74
2024-04-22,SKU065,100,17,3,60
2024-04-22,SKU066,292,2,14,32
2024-04-22,SKU067,298,90,12,68
2024-04-22,SKU068,273,86,21,76
2024-04-22,SKU069,98,57,14,24
2024-04-22,SKU070,128,23,11,45
2024-04-22,SKU071,186,9,20,32
2024-04-22,SKU072,209,76,6,36
2024-04-22,SKU073,242,14,8,22
2024-04-22,SKU074,78,93,11,22
2024-04-22,SKU075,252,75,19,79
2024-04-22,SKU076,135,35,3,20
2024-04-22,SKU077,250,56,5,71
2024-04-22,SKU078,235,80,4,26
2024-04-22,SKU079,35,71,10,69
2024-04-22,SKU080,76,56,10,39
2024-04-22,SKU081,240,25,8,26
2024-04-22,SKU082,208,46,10,61
2024-04-22,SKU083,143,78,17,75
2024-04-22,SKU084,184,25,6,51
2024-04-22,SKU085,187,16,20,44
2024-04-22,SKU086,71,23,8,36
2024-04-22,SKU087,31,82,4,22
2024-04-22,SKU088,88,40,21,32
2024-04-22,SKU089,272,90,13,74
2024-04-22,SKU090,296,10,20,34
2024-04-22,SKU091,195,4,4,31
2024-04-22,SKU092,94,71,18,67
2024-04-22,SKU093,156,1,19,57
2024-04-22,SKU094,271,47,18,65
2024-04-22,SKU095,284,92,11,75
2024-04-22,SKU096,89,29,14,25
2024-04-22,SKU097,39,90,8,71
2024-04-22,SKU098,242,39,8,27
2024-04-22,SKU099,174,74,7,75
2024-04-22,SKU100,292,90,19,39
2024-04-22,SKU101,57,49,10,80
2024-04-22,SKU102,162,36,18,49
2024-04-22,SKU103,115,62,16,59
2024-04-22,SKU104,121,79,7,20
2024-04-22,SKU105,197,47,5,73
2024-04-22,SKU106,207,94,17,20
2024-04-22,SKU107,148,45,9,67
2024-04-22,SKU108,138,1,12,34
2024-04-22,SKU109,148,79,11,55
2024-04-22,SKU110,77,46,21,55
2024-04-22,SKU111,281,18,15,53
2024-04-22,SKU112,260,37,12,34
2024-04-22,SKU113,142,86,18,78
2024-04-22,SKU114,125,14,11,60
2024-04-22,SKU115,25,18,3,34
2024-04-22,SKU116,30,6,20,26
2024-04-22,SKU117,23,28,5,24
2024-04-22,SKU118,79,82,12,20
2024-04-22,SKU119,271,44,14,56
2024-04-22,SKU120,259,68,16,30
2024-04-22,SKU121,56,53,9,36
2024-04-22,SKU122,279,39,12,34
2024-04-22,SKU123,50,42,9,39
2024-04-22,SKU124,153,96,18,41
2024-04-22,SKU125,201,2,19,29
2024-04-22,SKU126,137,70,7,53
2024-04-22,SKU127,293,71,6,79
2024-04-22,SKU128,221,10,10,80
2024-04-22,SKU129,254,83,5,57
2024-04-22,SKU130,187,87,19,54
2024-04-22,SKU131,34,62,10,70
2024-04-22,SKU132,93,62,6,39
2024-04-22,SKU133,214,28,14,41
2024-04-22,SKU134,170,18,20,39
2024-04-22,SKU135,242,66,16,33
2024-04-22,SKU136,298,56,8,23
2024-04-22,SKU137,127,21,9,53
2024-04-22,SKU138,134,97,7,68
2024-04-22,SKU139,84,61,4,39
2024-04-22,SKU140,153,30,7,50
2024-04-22,SKU141,169,3,8,44
2024-04-22,SKU142,200,43,20,40
2024-04-22,SKU143,112,33,14,55
2024-04-22,SKU144,45,21,10,66
2024-04-22,SKU145,146,15,3,52
2024-04-22,SKU146,70,64,14,61
2024-04-22,SKU147,163,92,20,66
2024-04-22,SKU148,32,41,5,36
2024-04-22,SKU149,140,84,19,53
2024-04-22,SKU150,110,60,10,51
2024-04-22,SKU151,156,74,4,57
2024-04-22,SKU152,152,84,11,51
2024-04-22,SKU153,66,68,5,66
2024-04-22,SKU154,123,18,12,68
2024-04-22,SKU155,39,52,7,76
2024-04-22,SKU156,56,92,12,46
2024-04-22,SKU157,68,29,9,42
2024-04-22,SKU158,153,56,9,70
2024-04-22,SKU159,146,60,4,30
2024-04-22,SKU160,184,41,14,68
2024-04-22,SKU161,220,24,12,60
2024-04-22,SKU162,81,33,6,74
2024-04-22,SKU163,200,59,17,62
2024-04-22,SKU164,76,71,4,67
2024-04-22,SKU165,250,32,21,28
2024-04-22,SKU166,93,96,9,59
2024-04-22,SKU167,239,53,14,28
2024-04-22,SKU168,292,81,14,64
2024-04-22,SKU169,73,81,11,26
2024-04-22,SKU170,20,65,8,69
2024-04-22,SKU171,249,35,13,62
2024-04-22,SKU172,251,35,14,46
2024-04-22,SKU173,198,74,7,43
2024-04-22,SKU174,29,62,16,75
2024-04-22,SKU175,117,29,18,73
2024-04-22,SKU176,138,53,12,74
2024-04-22,SKU177,123,47,10,51
2024-04-22,SKU178,77,23,6,38
2024-04-22,SKU179,221,31,4,51
2024-04-22,SKU180,50,83,4,58
2024-04-22,SKU181,188,67,9,71
2024-04-22,SKU182,30,32,8,69
2024-04-22,SKU183,296,50,9,29
2024-04-22,SKU184,142,8,4,31
2024-04-22,SKU185,226,45,13,80
2024-04-22,SKU186,274,36,18,36
2024-04-22,SKU187,169,77,9,45
2024-04-22,SKU188,221,62,10,40
2024-04-22,SKU189,93,12,15,21
2024-04-22,SKU190,286,31,12,22
2024-04-22,SKU191,105,64,21,49
2024-04-22,SKU192,163,99,3,59
2024-04-22,SKU193,128,97,21,33
2024-04-22,SKU194,156,78,15,37
2024-04-22,SKU195,263,76,9,43
2024-04-22,SKU196,132,79,13,75
2024-04-22,SKU197,219,20,6,67
2024-04-22,SKU198,186,37,7,65
2024-04-22,SKU199,233,17,16,49
2024-04-22,SKU200,61,67,20,58
2024-05-01,SKU001,277,33,11,58
2024-05-01,SKU002,51,94,8,71
2024-05-01,SKU003,139,7,18,72
2024-05-01,SKU004,262,14,12,61
2024-05-01,SKU005,217,42,4,61
2024-05-01,SKU006,96,71,16,20
2024-05-01,SKU007,58,9,19,35
2024-05-01,SKU008,247,52,5,22
2024-05-01,SKU009,281,9,20,65
2024-05-01,SKU010,296,12,10,50
2024-05-01,SKU011,290,7,6,27
2024-05-01,SKU012,42,36,17,20
2024-05-01,SKU013,280,83,11,37
2024-05-01,SKU014,149,32,13,74
2024-05-01,SKU015,137,99,7,42
2024-05-01,SKU016,227,60,7,25
2024-05-01,SKU017,52,72,13,24
2024-05-01,SKU018,64,0,21,37
2024-05-01,SKU019,205,92,7,45
2024-05-01,SKU020,201,96,19,60
2024-05-01,SKU021,87,9,16,41
2024-05-01,SKU022,202,11,12,71
2024-05-01,SKU023,242,22,3,74
2024-05-01,SKU024,20,0,20,52
2024-05-01,SKU025,297,95,19,61
2024-05-01,SKU026,261,82,16,39
2024-05-01,SKU027,74,39,10,49
2024-05-01,SKU028,247,21,8,31
2024-05-01,SKU029,279,47,13,80
2024-05-01,SKU030,239,100,21,66
2024-05-01,SKU031,117,10,11,56
2024-05-01,SKU032,138,45,12,54
2024-05-01,SKU033,56,92,4,66
2024-05-01,SKU034,272,25,7,49
2024-05-01,SKU035,233,91,5,57
2024-05-01,SKU036,40,30,17,50
2024-05-01,SKU037,251,31,5,26
2024-05-01,SKU038,24,21,13,64
2024-05-01,SKU039,118,100,17,62
2024-05-01,SKU040,183,74,10,33
2024-05-01,SKU041,189,69,13,27
2024-05-01,SKU042,197,85,5,60
2024-05-01,SKU043,171,73,11,22
2024-05-01,SKU044,30,63,11,79
2024-05-01,SKU045,240,60,7,34
2024-05-01,SKU046,254,98,19,54
2024-05-01,SKU047,61,13,19,52
2024-05-01,SKU048,93,12,4,48
2024-05-01,SKU049,213,98,4,40
2024-05-01,SKU050,206,40,20,62
2024-05-01,SKU051,257,98,4,36
2024-05-01,SKU052,93,47,10,64
2024-05-01,SKU053,244,59,16,57
2024-05-01,SKU054,228,61,10,28
2024-05-01,SKU055,211,34,21,45
2024-05-01,SKU056,215,3,18,70
2024-05-01,SKU057,23,22,20,60
2024-05-01,SKU058,260,27,18,73
2024-05-01,SKU059,85,26,20,21
2024-05-01,SKU060,204,58,6,29
2024-05-01,SKU061,79,51,16,31
2024-05-01,SKU062,216,86,15,53
2024-05-01,SKU063,112,61,10,36
2024-05-01,SKU064,106,67,21,75
2024-05-01,SKU065,50,83,11,30
2024-05-01,SKU066,223,69,13,67
2024-05-01,SKU067,169,37,15,72
2024-05-01,SKU068,21,80,15,52
2024-05-01,SKU069,289,73,13,79
2024-05-01,SKU070,279,77,10,29
2024-05-01,SKU071,56,79,5,62
2024-05-01,SKU072,137,24,4,78
2024-05-01,SKU073,162,38,7,26
2024-05-01,SKU074,264,77,13,33
2024-05-01,SKU075,173,88,20,69
2024-05-01,SKU076,197,53,11,75
2024-05-01,SKU077,199,95,3,38
2024-05-01,SKU078,179,53,8,36
2024-05-01,SKU079,32,99,12,63
2024-05-01,SKU080,169,12,15,79
2024-05-01,SKU081,130,11,16,66
2024-05-01,SKU082,217,98,12,73
2024-05-01,SKU083,68,62,4,23
2024-05-01,SKU084,51,28,10,48
2024-05-01,SKU085,28,32,17,37
2024-05-01,SKU086,84,14,7,67
2024-05-01,SKU087,40,54,15,21
2024-05-01,SKU088,211,86,19,21
2024-05-01,SKU089,294,98,13,46
2024-05-01,SKU090,23,96,7,66
2024-05-01,SKU091,69,80,18,23
2024-05-01,SKU092,276,64,19,20
2024-05-01,SKU093,244,18,11,29
2024-05-01,SKU094,51,61,13,35
2024-05-01,SKU095,29,96,20,80
2024-05-01,SKU096,247,59,7,29
2024-05-01,SKU097,214,76,16,69
2024-05-01,SKU098,220,56,10,37
2024-05-01,SKU099,181,66,16,23
2024-05-01,SKU100,65,94,13,65
2024-05-01,SKU101,38,5,19,43
2024-05-01,SKU102,185,97,11,56
2024-05-01,SKU103,54,91,12,64
2024-05-01,SKU104,219,44,5,47
2024-05-01,SKU105,274,100,21,30
2024-05-01,SKU106,76,18,17,24
2024-05-01,SKU107,183,18,15,25
2024-05-01,SKU108,267,15,19,46
2024-05-01,SKU109,260,7,21,47
2024-05-01,SKU110,278,30,18,28
2024-05-01,SKU111,33,8,16,36
2024-05-01,SKU112,297,83,13,80
2024-05-01,SKU113,152,59,5,35
2024-05-01,SKU114,132,17,13,55
2024-05-01,SKU115,66,89,21,65
2024-05-01,SKU116,228,26,11,55
2024-05-01,SKU117,66,29,3,73
2024-05-01,SKU118,38,38,10,76
2024-05-01,SKU119,216,18,14,61
2024-05-01,SKU120,220,72,6,62
2024-05-01,SKU121,190,31,10,20
2024-05-01,SKU122,195,71,5,79
2024-05-01,SKU123,295,63,15,30
2024-05-01,SKU124,164,0,11,79
2024-05-01,SKU125,239,48,5,21
2024-05-01,SKU126,52,4,16,63
2024-05-01,SKU127,53,73,14,67
2024-05-01,SKU128,279,8,15,25
2024-05-01,SKU129,290,78,9,65
2024-05-01,SKU130,96,73,20,47
2024-05-01,SKU131,186,24,16,44
2024-05-01,SKU132,77,38,14,21
2024-05-01,SKU133,59,70,5,55
2024-05-01,SKU134,265,71,14,75
2024-05-01,SKU135,49,29,17,39
2024-05-01,SKU136,123,49,5,31
2024-05-01,SKU137,193,8,12,30
2024-05-01,SKU138,218,12,19,58
2024-05-01,SKU139,60,16,12,24
2024-05-01,SKU140,187,91,8,24
2024-05-01,SKU141,99,10,10,70
2024-05-01,SKU142,128,69,17,33
2024-05-01,SKU143,28,5,15,22
2024-05-01,SKU144,140,83,8,72
2024-05-01,SKU145,278,75,17,58
2024-05-01,SKU146,203,59,10,49
2024-05-01,SKU147,256,47,16,80
2024-05-01,SKU148,171,82,6,21
2024-05-01,SKU149,177,47,7,22
2024-05-01,SKU150,265,16,13,58
2024-05-01,SKU151,159,95,3,32
2024-05-01,SKU152,273,49,11,57
2024-05-01,SKU153,173,88,5,32
2024-05-01,SKU154,141,2,21,52
2024-05-01,SKU155,150,93,13,43
2024-05-01,SKU156,99,91,7,72
2024-05-01,SKU157,211,41,12,75
2024-05-01,SKU158,150,16,8,52
2024-05-01,SKU159,194,9,11,25
2024-05-01,SKU160,140,96,15,67
2024-05-01,SKU161,123,18,14,76
2024-05-01,SKU162,181,67,16,74
2024-05-01,SKU163,75,30,9,67
2024-05-01,SKU164,117,83,9,20
2024-05-01,SKU165,198,54,6,71
2024-05-01,SKU166,136,13,5,27
2024-05-01,SKU167,144,63,7,80
2024-05-01,SKU168,125,89,16,50
2024-05-01,SKU169,47,65,8,67
2024-05-01,SKU170,83,27,14,66
2024-05-01,SKU171,110,94,7,24
2024-05-01,SKU172,80,9,6,53
2024-05-01,SKU173,35,73,20,33
2024-05-01,SKU174,45,64,18,57
2024-05-01,SKU175,129,28,9,22
2024-05-01,SKU176,52,24,19,71
2024-05-01,SKU177,62,80,20,80
2024-05-01,SKU178,236,2,8,21
2024-05-01,SKU179,281,19,20,56
2024-05-01,SKU180,228,84,19,60
2024-05-01,SKU181,80,69,6,37
2024-05-01,SKU182,140,26,13,79
2024-05-01,SKU183,285,53,8,54
2024-05-01,SKU184,147,47,19,65
2024-05-01,SKU185,24,46,20,53
2024-05-01,SKU186,251,62,21,47
2024-05-01,SKU187,276,4,17,46
2024-05-01,SKU188,273,72,4,31
2024-05-01,SKU189,163,36,16,36
2024-05-01,SKU190,159,20,9,61
2024-05-01,SKU191,196,73,19,66
2024-05-01,SKU192,215,34,19,37
2024-05-01,SKU193,34,88,21,31
2024-05-01,SKU194,261,3,7,56
2024-05-01,SKU195,40,62,14,36
2024-05-01,SKU196,94,19,11,55
2024-05-01,SKU197,38,11,12,49
2024-05-01,SKU198,218,69,21,55
2024-05-01,SKU199,126,51,9,61
2024-05-01,SKU200,75,42,15,42
2024-05-08,SKU001,48,90,10,66
2024-05-08,SKU002,153,10,5,77
2024-05-08,SKU003,139,56,9,72
2024-05-08,SKU004,91,3,7,28
2024-05-08,SKU005,36,10,17,34
2024-05-08,SKU006,296,22,7,60
2024-05-08,SKU007,240,99,4,71
2024-05-08,SKU008,223,68,15,60
2024-05-08,SKU009,231,53,10,20
2024-05-08,SKU010,266,2,16,71
2024-05-08,SKU011,165,69,20,46
2024-05-08,SKU012,136,76,19,74
2024-05-08,SKU013,251,40,16,55
2024-05-08,SKU014,70,73,8,59
2024-05-08,SKU015,189,73,5,25
2024-05-08,SKU016,29,16,19,39
2024-05-08,SKU017,126,67,9,40
2024-05-08,SKU018,27,72,10,29
2024-05-08,SKU019,246,47,9,28
2024-05-08,SKU020,218,77,12,74
2024-05-08,SKU021,276,95,15,32
2024-05-08,SKU022,84,7,5,74
2024-05-08,SKU023,144,92,3,74
2024-05-08,SKU024,222,41,9,32
2024-05-08,SKU025,107,30,15,78
2024-05-08,SKU026,56,12,20,44
2024-05-08,SKU027,214,39,6,24
2024-05-08,SKU028,193,11,15,38
2024-05-08,SKU029,149,52,13,58
2024-05-08,SKU030,95,24,16,69
2024-05-08,SKU031,211,76,18,55
2024-05-08,SKU032,97,55,21,21
2024-05-08,SKU033,46,67,3,20
2024-05-08,SKU034,164,58,3,32
2024-05-08,SKU035,115,20,16,22
2024-05-08,SKU036,26,67,19,69
2024-05-08,SKU037,292,39,9,78
2024-05-08,SKU038,61,25,11,59
2024-05-08,SKU039,255,31,6,76
2024-05-08,SKU040,30,46,9,55
2024-05-08,SKU041,285,67,10,26
2024-05-08,SKU042,102,79,3,39
2024-05-08,SKU043,159,20,19,76
2024-05-08,SKU044,94,30,16,27
2024-05-08,SKU045,240,4,5,21
2024-05-08,SKU046,271,18,20,59
2024-05-08,SKU047,125,91,20,30
2024-05-08,SKU048,55,16,6,22
2024-05-08,SKU049,69,46,6,20
2024-05-08,SKU050,232,6,18,71
2024-05-08,SKU051,283,38,21,50
2024-05-08,SKU052,33,36,7,64
2024-05-08,SKU053,37,74,17,63
2024-05-08,SKU054,254,86,15,74
2024-05-08,SKU055,238,85,10,26
2024-05-08,SKU056,36,6,12,41
2024-05-08,SKU057,122,9,11,28
2024-05-08,SKU058,88,27,15,40
2024-05-08,SKU059,142,21,18,25
2024-05-08,SKU060,152,61,8,61
2024-05-08,SKU061,197,1,18,80
2024-05-08,SKU062,213,19,9,34
2024-05-08,SKU063,85,99,17,78
2024-05-08,SKU064,210,5,21,62
2024-05-08,SKU065,159,39,11,52
2024-05-08,SKU066,133,10,18,79
2024-05-08,SKU067,166,95,21,76
2024-05-08,SKU068,129,53,3,71
2024-05-08,SKU069,57,50,5,47
2024-05-08,SKU070,282,60,15,34
2024-05-08,SKU071,35,62,9,49
2024-05-08,SKU072,103,19,13,50
2024-05-08,SKU073,210,69,11,53
2024-05-08,SKU074,143,51,9,58
2024-05-08,SKU075,80,56,4,26
2024-05-08,SKU076,128,100,19,59
2024-05-08,SKU077,299,13,3,29
2024-05-08,SKU078,184,56,20,53
2024-05-08,SKU079,84,22,9,79
2024-05-08,SKU080,138,86,13,53
2024-05-08,SKU081,239,17,9,37
2024-05-08,SKU082,92,84,7,34
2024-05-08,SKU083,169,97,7,29
2024-05-08,SKU084,233,38,5,21
2024-05-08,SKU085,82,33,11,80
2024-05-08,SKU086,92,24,3,43
2024-05-08,SKU087,215,49,13,68
2024-05-08,SKU088,244,57,16,20
2024-05-08,SKU089,226,13,7,42
2024-05-08,SKU090,83,62,11,35
2024-05-08,SKU091,174,22,6,21
2024-05-08,SKU092,297,39,10,59
2024-05-08,SKU093,294,65,21,76
2024-05-08,SKU094,122,89,21,21
2024-05-08,SKU095,147,90,6,47
2024-05-08,SKU096,230,33,15,47
2024-05-08,SKU097,284,1,7,72
2024-05-08,SKU098,220,85,20,50
2024-05-08,SKU099,169,95,20,42
2024-05-08,SKU100,76,80,6,48
2024-05-08,SKU101,237,84,16,27
2024-05-08,SKU102,95,35,18,71
2024-05-08,SKU103,212,82,20,40
2024-05-08,SKU104,253,48,16,39
2024-05-08,SKU105,239,72,8,78
2024-05-08,SKU106,241,47,4,31
2024-05-08,SKU107,101,60,17,64
2024-05-08,SKU108,172,52,11,65
2024-05-08,SKU109,298,23,13,65
2024-05-08,SKU110,168,40,17,44
2024-05-08,SKU111,144,37,12,71
2024-05-08,SKU112,251,85,20,30
2024-05-08,SKU113,40,6,6,32
2024-05-08,SKU114,271,84,15,52
2024-05-08,SKU115,146,46,8,66
2024-05-08,SKU116,287,9,10,51
2024-05-08,SKU117,86,86,11,31
2024-05-08,SKU118,43,36,16,67
2024-05-08,SKU119,207,29,13,30
2024-05-08,SKU120,54,83,18,60
2024-05-08,SKU121,51,43,18,28
2024-05-08,SKU122,213,63,17,56
2024-05-08,SKU123,118,5,4,29
2024-05-08,SKU124,45,24,4,37
2024-05-08,SKU125,117,25,4,78
2024-05-08,SKU126,268,59,21,73
2024-05-08,SKU127,29,92,3,60
2024-05-08,SKU128,67,16,5,73
2024-05-08,SKU129,204,24,8,35
2024-05-08,SKU130,277,69,12,23
2024-05-08,SKU131,193,47,13,20
2024-05-08,SKU132,239,20,18,27
2024-05-08,SKU133,83,6,15,32
2024-05-08,SKU134,56,76,20,43
2024-05-08,SKU135,165,35,20,23
2024-05-08,SKU136,241,49,17,77
2024-05-08,SKU137,215,34,16,28
2024-05-08,SKU138,36,85,16,40
2024-05-08,SKU139,52,51,14,25
2024-05-08,SKU140,87,51,13,75
2024-05-08,SKU141,148,60,9,50
2024-05-08,SKU142,39,34,8,70
2024-05-08,SKU143,53,100,12,27
2024-05-08,SKU144,206,18,10,55
2024-05-08,SKU145,250,56,19,51
2024-05-08,SKU146,50,98,3,20
2024-05-08,SKU147,291,43,11,78
2024-05-08,SKU148,197,7,16,60
2024-05-08,SKU149,125,43,18,45
2024-05-08,SKU150,142,85,9,52
2024-05-08,SKU151,79,23,9,76
2024-05-08,SKU152,185,38,9,80
2024-05-08,SKU153,129,55,4,45
2024-05-08,SKU154,99,0,9,51
2024-05-08,SKU155,231,7,7,60
2024-05-08,SKU156,39,80,18,22
2024-05-08,SKU157,248,31,18,35
2024-05-08,SKU158,222,53,20,22
2024-05-08,SKU159,143,11,16,73
2024-05-08,SKU160,246,55,3,48
2024-05-08,SKU161,27,34,15,61
2024-05-08,SKU162,240,2,4,41
2024-05-08,SKU163,191,75,10,67
2024-05-08,SKU164,53,74,21,37
2024-05-08,SKU165,116,35,11,59
2024-05-08,SKU166,54,83,15,25
2024-05-08,SKU167,206,79,4,31
2024-05-08,SKU168,244,78,20,76
2024-05-08,SKU169,97,53,8,28
2024-05-08,SKU170,186,43,13,48
2024-05-08,SKU171,175,99,6,59
2024-05-08,SKU172,153,92,14,60
2024-05-08,SKU173,42,66,4,47
2024-05-08,SKU174,216,3,10,46
2024-05-08,SKU175,139,34,3,57
2024-05-08,SKU176,65,90,15,76
2024-05-08,SKU177,60,53,21,33
2024-05-08,SKU178,83,31,9,35
2024-05-08,SKU179,213,25,12,40
2024-05-08,SKU180,108,68,3,37
2024-05-08,SKU181,132,24,8,67
2024-05-08,SKU182,217,32,11,37
2024-05-08,SKU183,211,100,19,26
2024-05-08,SKU184,227,38,21,37
2024-05-08,SKU185,232,12,13,76
2024-05-08,SKU186,100,81,19,46
2024-05-08,SKU187,78,41,6,43
2024-05-08,SKU188,231,59,12,61
2024-05-08,SKU189,29,80,18,64
2024-05-08,SKU190,149,73,6,48
2024-05-08,SKU191,34,54,3,62
2024-05-08,SKU192,297,12,7,42
2024-05-08,SKU193,245,7,15,21
2024-05-08,SKU194,99,89,19,66
2024-05-08,SKU195,104,18,11,78
2024-05-08,SKU196,244,8,12,50
2024-05-08,SKU197,46,52,18,42
2024-05-08,SKU198,220,42,4,70
2024-05-08,SKU199,29,99,3,31
2024-05-08,SKU200,77,86,21,67
2024-05-15,SKU001,73,58,19,21
2024-05-15,SKU002,229,45,13,74
2024-05-15,SKU003,39,22,16,39
2024-05-15,SKU004,263,17,7,32
2024-05-15,SKU005,59,33,16,63
2024-05-15,SKU006,170,19,4,29
2024-05-15,SKU007,26,57,15,42
2024-05-15,SKU008,269,73,16,45
2024-05-15,SKU009,253,44,19,25
2024-05-15,SKU010,125,38,10,69
2024-05-15,SKU011,171,88,11,49
2024-05-15,SKU012,246,94,15,67
2024-05-15,SKU013,106,29,15,65
2024-05-15,SKU014,217,52,10,48
2024-05-15,SKU015,238,15,8,20
2024-05-15,SKU016,153,45,18,51
2024-05-15,SKU017,229,61,11,23
2024-05-15,SKU018,149,79,14,78
2024-05-15,SKU019,35,50,8,42
2024-05-15,SKU020,63,95,6,25
2024-05-15,SKU021,197,84,14,47
2024-05-15,SKU022,195,22,7,49
2024-05-15,SKU023,83,80,9,45
2024-05-15,SKU024,93,33,20,20
2024-05-15,SKU025,156,55,18,50
2024-05-15,SKU026,132,25,20,35
2024-05-15,SKU027,193,100,4,29
2024-05-15,SKU028,257,71,15,62
2024-05-15,SKU029,100,86,15,32
2024-05-15,SKU030,75,33,5,34
2024-05-15,SKU031,182,95,4,32
2024-05-15,SKU032,250,67,13,25
2024-05-15,SKU033,173,9,8,21
2024-05-15,SKU034,54,9,21,21
2024-05-15,SKU035,217,63,18,34
2024-05-15,SKU036,233,69,13,31
2024-05-15,SKU037,140,58,12,79
2024-05-15,SKU038,257,53,6,27
2024-05-15,SKU039,191,43,20,66
2024-05-15,SKU040,164,74,18,69
2024-05-15,SKU041,117,64,12,20
2024-05-15,SKU042,21,66,6,24
2024-05-15,SKU043,51,45,7,25
2024-05-15,SKU044,105,33,3,62
2024-05-15,SKU045,265,54,16,50
2024-05-15,SKU046,287,48,6,59
2024-05-15,SKU047,292,49,15,38
2024-05-15,SKU048,200,25,10,53
2024-05-15,SKU049,122,58,10,33
2024-05-15,SKU050,82,5,17,72
2024-05-15,SKU051,174,56,15,21
2024-05-15,SKU052,118,11,4,50
2024-05-15,SKU053,247,58,9,61
2024-05-15,SKU054,208,31,10,56
2024-05-15,SKU055,229,33,5,37
2024-05-15,SKU056,178,11,8,50
2024-05-15,SKU057,209,61,21,54
2024-05-15,SKU058,27,22,17,68
2024-05-15,SKU059,91,7,9,41
2024-05-15,SKU060,103,46,5,29
2024-05-15,SKU061,20,79,19,49
2024-05-15,SKU062,203,43,12,79
2024-05-15,SKU063,224,63,4,20
2024-05-15,SKU064,166,60,14,63
2024-05-15,SKU065,300,58,4,72
2024-05-15,SKU066,70,16,19,21
2024-05-15,SKU067,254,4,9,37
2024-05-15,SKU068,71,15,15,32
2024-05-15,SKU069,295,53,5,22
2024-05-15,SKU070,66,1,19,32
2024-05-15,SKU071,47,13,14,32
2024-05-15,SKU072,195,96,7,75
2024-05-15,SKU073,249,71,3,22
2024-05-15,SKU074,187,52,4,52
2024-05-15,SKU075,292,52,9,70
2024-05-15,SKU076,167,10,15,28
2024-05-15,SKU077,298,39,6,71
2024-05-15,SKU078,153,33,17,38
2024-05-15,SKU079,219,79,3,66
2024-05-15,SKU080,204,63,21,30
2024-05-15,SKU081,147,21,5,69
2024-05-15,SKU082,297,25,21,40
2024-05-15,SKU083,266,53,20,76
2024-05-15,SKU084,196,25,19,58
2024-05-15,SKU085,138,24,13,44
2024-05-15,SKU086,84,89,11,27
2024-05-15,SKU087,197,10,17,77
2024-05-15,SKU088,225,30,6,54
2024-05-15,SKU089,111,59,19,44
2024-05-15,SKU090,207,52,19,50
2024-05-15,SKU091,216,88,17,64
2024-05-15,SKU092,123,59,14,44
2024-05-15,SKU093,293,66,4,66
2024-05-15,SKU094,285,41,16,47
2024-05-15,SKU095,198,18,6,79
2024-05-15,SKU096,215,27,12,53
2024-05-15,SKU097,263,70,15,67
2024-05-15,SKU098,157,66,3,27
2024-05-15,SKU099,46,42,6,61
2024-05-15,SKU100,67,64,12,71
2024-05-15,SKU101,91,84,15,79
2024-05-15,SKU102,175,15,3,30
2024-05-15,SKU103,94,6,14,54
2024-05-15,SKU104,142,41,21,73
2024-05-15,SKU105,185,81,18,69
2024-05-15,SKU106,287,2,20,34
2024-05-15,SKU107,197,17,15,74
2024-05-15,SKU108,108,92,17,35
2024-05-15,SKU109,295,23,17,45
2024-05-15,SKU110,28,55,17,22
2024-05-15,SKU111,223,18,14,20
2024-05-15,SKU112,61,85,18,66
2024-05-15,SKU113,105,51,6,26
2024-05-15,SKU114,295,90,4,58
2024-05-15,SKU115,186,55,4,70
2024-05-15,SKU116,212,82,21,59
2024-05-15,SKU117,141,92,8,35
2024-05-15,SKU118,90,94,9,47
2024-05-15,SKU119,271,88,10,45
2024-05-15,SKU120,194,87,11,66
2024-05-15,SKU121,44,10,21,66
2024-05-15,SKU122,264,27,6,24
2024-05-15,SKU123,65,98,8,21
2024-05-15,SKU124,92,59,8,31
2024-05-15,SKU125,78,50,10,24
2024-05-15,SKU126,270,37,6,59
2024-05-15,SKU127,134,70,21,28
2024-05-15,SKU128,250,31,10,37
2024-05-15,SKU129,28,77,13,54
2024-05-15,SKU130,222,31,13,38
2024-05-15,SKU131,243,74,8,35
2024-05-15,SKU132,91,49,16,28
2024-05-15,SKU133,151,19,21,66
2024-05-15,SKU134,237,48,10,57
2024-05-15,SKU135,28,57,11,28
2024-05-15,SKU136,217,54,9,33
2024-05-15,SKU137,276,80,5,31
2024-05-15,SKU138,95,67,3,20
2024-05-15,SKU139,114,28,18,23
2024-05-15,SKU140,229,2,9,24
2024-05-15,SKU141,166,8,17,62
2024-05-15,SKU142,145,88,10,44
2024-05-15,SKU143,77,20,10,57
2024-05-15,SKU144,131,25,20,25
2024-05-15,SKU145,300,75,11,41
2024-05-15,SKU146,163,85,21,79
2024-05-15,SKU147,246,44,5,64
2024-05-15,SKU148,192,20,10,69
2024-05-15,SKU149,291,87,13,55
2024-05-15,SKU150,244,19,14,21
2024-05-15,SKU151,215,58,5,34
2024-05-15,SKU152,92,17,10,48
2024-05-15,SKU153,28,74,3,76
2024-05-15,SKU154,141,13,10,39
2024-05-15,SKU155,220,39,12,78
2024-05-15,SKU156,136,77,3,64
2024-05-15,SKU157,62,42,10,34
2024-05-15,SKU158,191,71,10,73
2024-05-15,SKU159,116,88,7,72
2024-05-15,SKU160,236,46,4,72
2024-05-15,SKU161,26,15,8,53
2024-05-15,SKU162,56,64,12,61
2024-05-15,SKU163,293,78,10,60
2024-05-15,SKU164,218,38,13,58
2024-05-15,SKU165,51,31,4,68
2024-05-15,SKU166,49,49,17,79
2024-05-15,SKU167,54,83,9,38
2024-05-15,SKU168,229,71,4,44
2024-05-15,SKU169,34,49,14,45
2024-05-15,SKU170,53,18,6,63
2024-05-15,SKU171,272,39,18,28
2024-05-15,SKU172,231,62,8,33
2024-05-15,SKU173,175,4,16,54
2024-05-15,SKU174,299,91,17,51
2024-05-15,SKU175,96,61,13,78
2024-05-15,SKU176,121,70,16,44
2024-05-15,SKU177,268,90,4,48
2024-05-15,SKU178,126,93,12,61
2024-05-15,SKU179,84,13,20,77
2024-05-15,SKU180,28,93,19,59
2024-05-15,SKU181,124,13,15,78
2024-05-15,SKU182,278,17,9,66
2024-05-15,SKU183,275,73,21,67
2024-05-15,SKU184,210,31,12,28
2024-05-15,SKU185,34,42,16,45
2024-05-15,SKU186,277,2,17,34
2024-05-15,SKU187,203,21,15,48
2024-05-15,SKU188,182,49,14,76
2024-05-15,SKU189,110,79,20,79
2024-05-15,SKU190,23,47,10,61
2024-05-15,SKU191,39,24,15,27
2024-05-15,SKU192,24,2,11,60
2024-05-15,SKU193,242,80,3,72
2024-05-15,SKU194,190,13,3,80
2024-05-15,SKU195,31,12,21,65
2024-05-15,SKU196,194,0,4,59
2024-05-15,SKU197,260,21,15,37
2024-05-15,SKU198,234,18,17,26
2024-05-15,SKU199,233,58,14,71
2024-05-15,SKU200,86,1,14,56
2024-05-22,SKU001,288,21,13,36
2024-05-22,SKU002,183,17,5,66
2024-05-22,SKU003,61,83,7,27
2024-05-22,SKU004,206,73,12,70
2024-05-22,SKU005,236,31,9,35
2024-05-22,SKU006,74,96,18,56
2024-05-22,SKU007,294,32,7,48
2024-05-22,SKU008,235,75,4,26
2024-05-22,SKU009,259,59,3,76
2024-05-22,SKU010,212,79,4,64
2024-05-22,SKU011,188,29,9,49
2024-05-22,SKU012,51,87,6,58
2024-05-22,SKU013,140,48,10,58
2024-05-22,SKU014,287,100,16,67
2024-05-22,SKU015,193,8,11,60
2024-05-22,SKU016,130,52,11,47
2024-05-22,SKU017,114,72,15,65
2024-05-22,SKU018,48,44,12,65
2024-05-22,SKU019,194,23,5,57
2024-05-22,SKU020,40,100,21,30
2024-05-22,SKU021,222,60,6,31
2024-05-22,SKU022,183,68,11,20
2024-05-22,SKU023,171,63,16,71
2024-05-22,SKU024,49,64,10,71
2024-05-22,SKU025,33,56,10,41
2024-05-22,SKU026,162,53,4,20
2024-05-22,SKU027,269,74,17,65
2024-05-22,SKU028,150,7,18,70
2024-05-22,SKU029,243,66,14,68
2024-05-22,SKU030,215,34,11,73
2024-05-22,SKU031,97,40,13,56
2024-05-22,SKU032,138,31,11,54
2024-05-22,SKU033,277,48,21,40
2024-05-22,SKU034,177,52,20,23
2024-05-22,SKU035,22,16,8,80
2024-05-22,SKU036,27,85,17,47
2024-05-22,SKU037,160,49,14,32
2024-05-22,SKU038,55,90,18,77
2024-05-22,SKU039,211,88,13,56
2024-05-22,SKU040,234,17,18,36
2024-05-22,SKU041,85,27,10,39
2024-05-22,SKU042,82,19,20,64
2024-05-22,SKU043,143,36,10,60
2024-05-22,SKU044,260,2,10,49
2024-05-22,SKU045,194,23,15,75
2024-05-22,SKU046,233,65,14,50
2024-05-22,SKU047,202,29,5,44
2024-05-22,SKU048,73,24,11,44
2024-05-22,SKU049,138,30,7,50
2024-05-22,SKU050,220,50,5,44
2024-05-22,SKU051,131,79,19,37
2024-05-22,SKU052,288,13,6,49
2024-05-22,SKU053,97,98,7,41
2024-05-22,SKU054,80,22,13,50
2024-05-22,SKU055,176,66,6,75
2024-05-22,SKU056,198,100,9,31
2024-05-22,SKU057,177,55,4,60
2024-05-22,SKU058,213,29,19,26
2024-05-22,SKU059,288,0,19,41
2024-05-22,SKU060,199,34,8,22
2024-05-22,SKU061,220,0,10,59
2024-05-22,SKU062,222,6,4,65
2024-05-22,SKU063,268,70,21,67
2024-05-22,SKU064,152,73,9,41
2024-05-22,SKU065,23,51,6,76
2024-05-22,SKU066,269,58,8,80
2024-05-22,SKU067,124,65,7,22
2024-05-22,SKU068,253,44,5,27
2024-05-22,SKU069,142,38,20,69
2024-05-22,SKU070,240,43,17,57
2024-05-22,SKU071,234,90,20,27
2024-05-22,SKU072,26,31,8,23
2024-05-22,SKU073,90,20,11,20
2024-05-22,SKU074,70,62,10,63
2024-05-22,SKU075,102,71,5,40
2024-05-22,SKU076,184,97,12,33
2024-05-22,SKU077,53,18,11,60
2024-05-22,SKU078,228,62,11,20
2024-05-22,SKU079,22,79,12,20
2024-05-22,SKU080,173,31,17,55
2024-05-22,SKU081,71,36,5,27
2024-05-22,SKU082,211,67,17,65
2024-05-22,SKU083,134,53,4,76
2024-05-22,SKU084,231,89,10,36
2024-05-22,SKU085,40,47,5,76
2024-05-22,SKU086,123,4,4,42
2024-05-22,SKU087,256,23,10,56
2024-05-22,SKU088,211,26,8,48
2024-05-22,SKU089,78,64,8,34
2024-05-22,SKU090,132,15,16,51
2024-05-22,SKU091,80,53,7,58
2024-05-22,SKU092,232,94,20,24
2024-05-22,SKU093,259,99,13,39
2024-05-22,SKU094,67,36,12,72
2024-05-22,SKU095,86,83,10,34
2024-05-22,SKU096,196,19,6,40
2024-05-22,SKU097,227,6,7,33
2024-05-22,SKU098,106,38,18,39
2024-05-22,SKU099,222,67,18,56
2024-05-22,SKU100,87,63,5,55
2024-05-22,SKU101,199,45,5,34
2024-05-22,SKU102,259,6,9,64
2024-05-22,SKU103,199,90,21,48
2024-05-22,SKU104,254,69,3,55
2024-05-22,SKU105,273,64,12,26
2024-05-22,SKU106,254,65,16,77
2024-05-22,SKU107,261,79,10,59
2024-05-22,SKU108,130,55,10,56
2024-05-22,SKU109,174,94,21,62
2024-05-22,SKU110,188,62,8,21
2024-05-22,SKU111,87,6,9,77
2024-05-22,SKU112,182,20,6,23
2024-05-22,SKU113,174,69,6,27
2024-05-22,SKU114,152,53,19,60
2024-05-22,SKU115,65,31,20,74
2024-05-22,SKU116,136,31,5,33
2024-05-22,SKU117,288,55,9,63
2024-05-22,SKU118,167,73,7,33
2024-05-22,SKU119,185,88,7,67
2024-05-22,SKU120,162,77,9,51
2024-05-22,SKU121,77,5,11,26
2024-05-22,SKU122,257,50,8,71
2024-05-22,SKU123,190,89,6,75
2024-05-22,SKU124,23,31,3,79
2024-05-22,SKU125,56,52,11,73
2024-05-22,SKU126,41,94,11,21
2024-05-22,SKU127,136,78,17,68
2024-05-22,SKU128,224,16,6,27
2024-05-22,SKU129,290,71,3,47
2024-05-22,SKU130,38,35,10,73
2024-05-22,SKU131,277,75,5,26
2024-05-22,SKU132,175,82,19,29
2024-05-22,SKU133,55,77,21,71
2024-05-22,SKU134,77,21,3,44
2024-05-22,SKU135,95,32,12,24
2024-05-22,SKU136,290,40,3,24
2024-05-22,SKU137,233,99,16,66
2024-05-22,SKU138,169,85,5,41
2024-05-22,SKU139,29,77,14,80
2024-05-22,SKU140,273,94,13,44
2024-05-22,SKU141,289,11,5,61
2024-05-22,SKU142,137,32,10,24
2024-05-22,SKU143,193,28,8,58
2024-05-22,SKU144,133,12,11,57
2024-05-22,SKU145,138,77,7,77
2024-05-22,SKU146,284,82,7,69
2024-05-22,SKU147,100,26,14,65
2024-05-22,SKU148,225,31,11,77
2024-05-22,SKU149,264,21,16,30
2024-05-22,SKU150,158,56,6,77
2024-05-22,SKU151,139,73,6,46
2024-05-22,SKU152,182,21,17,63
2024-05-22,SKU153,246,95,9,20
2024-05-22,SKU154,298,60,7,63
2024-05-22,SKU155,149,1,10,45
2024-05-22,SKU156,166,67,4,20
2024-05-22,SKU157,104,85,14,72
2024-05-22,SKU158,167,1,16,65
2024-05-22,SKU159,157,95,15,62
2024-05-22,SKU160,252,54,14,80
2024-05-22,SKU161,53,62,7,50
2024-05-22,SKU162,275,90,13,68
2024-05-22,SKU163,132,20,21,27
2024-05-22,SKU164,87,26,15,40
2024-05-22,SKU165,190,55,12,36
2024-05-22,SKU166,75,33,21,32
2024-05-22,SKU167,22,3,5,67
2024-05-22,SKU168,208,78,3,33
2024-05-22,SKU169,113,32,3,35
2024-05-22,SKU170,44,74,8,28
2024-05-22,SKU171,279,28,12,32
2024-05-22,SKU172,217,34,12,43
2024-05-22,SKU173,216,54,9,21
2024-05-22,SKU174,42,48,16,56
2024-05-22,SKU175,180,70,4,79
2024-05-22,SKU176,166,98,11,21
2024-05-22,SKU177,220,52,12,39
2024-05-22,SKU178,228,47,5,41
2024-05-22,SKU179,257,12,18,62
2024-05-22,SKU180,97,88,10,23
2024-05-22,SKU181,26,17,19,52
2024-05-22,SKU182,123,35,21,62
2024-05-22,SKU183,84,68,11,71
2024-05-22,SKU184,171,42,13,68
2024-05-22,SKU185,41,60,12,73
2024-05-22,SKU186,107,79,19,29
2024-05-22,SKU187,298,2,9,65
2024-05-22,SKU188,269,74,11,37
2024-05-22,SKU189,35,6,3,24
2024-05-22,SKU190,21,42,16,53
2024-05-22,SKU191,267,60,4,34
2024-05-22,SKU192,241,32,15,39
2024-05-22,SKU193,174,17,7,73
2024-05-22,SKU194,78,51,21,46
2024-05-22,SKU195,287,77,8,64
2024-05-22,SKU196,276,55,21,51
2024-05-22,SKU197,252,74,10,73
2024-05-22,SKU198,170,64,13,59
2024-05-22,SKU199,241,24,14,50
2024-05-22,SKU200,84,16,9,66
2024-06-01,SKU001,180,41,4,33
2024-06-01,SKU002,163,86,17,69
2024-06-01,SKU003,61,0,16,53
2024-06-01,SKU004,272,24,5,80
2024-06-01,SKU005,259,31,16,48
2024-06-01,SKU006,96,31,5,23
2024-06-01,SKU007,81,91,3,59
2024-06-01,SKU008,168,45,21,49
2024-06-01,SKU009,201,84,6,35
2024-06-01,SKU010,35,13,8,20
2024-06-01,SKU011,275,28,3,73
2024-06-01,SKU012,298,9,15,32
2024-06-01,SKU013,167,64,6,25
2024-06-01,SKU014,30,97,13,21
2024-06-01,SKU015,88,98,17,68
2024-06-01,SKU016,105,42,17,70
2024-06-01,SKU017,253,99,8,47
2024-06-01,SKU018,62,77,13,54
2024-06-01,SKU019,178,99,10,77
2024-06-01,SKU020,218,14,8,51
2024-06-01,SKU021,117,44,20,42
2024-06-01,SKU022,298,84,7,38
2024-06-01,SKU023,119,38,19,75
2024-06-01,SKU024,98,18,19,78
2024-06-01,SKU025,23,65,13,48
2024-06-01,SKU026,214,21,9,44
2024-06-01,SKU027,107,30,21,25
2024-06-01,SKU028,229,91,6,70
2024-06-01,SKU029,147,95,13,71
2024-06-01,SKU030,21,18,12,54
2024-06-01,SKU031,195,40,8,41
2024-06-01,SKU032,220,65,17,80
2024-06-01,SKU033,46,67,20,22
2024-06-01,SKU034,220,89,9,42
2024-06-01,SKU035,265,100,7,70
2024-06-01,SKU036,277,80,20,29
2024-06-01,SKU037,42,44,12,25
2024-06-01,SKU038,142,59,8,54
2024-06-01,SKU039,111,78,6,31
2024-06-01,SKU040,244,10,15,79
2024-06-01,SKU041,165,29,6,60
2024-06-01,SKU042,225,79,13,79
2024-06-01,SKU043,300,7,4,70
2024-06-01,SKU044,230,66,11,24
2024-06-01,SKU045,59,54,4,75
2024-06-01,SKU046,104,80,4,75
2024-06-01,SKU047,52,21,7,75
2024-06-01,SKU048,74,96,7,42
2024-06-01,SKU049,296,100,12,70
2024-06-01,SKU050,271,98,7,35
2024-06-01,SKU051,288,58,12,52
2024-06-01,SKU052,166,64,21,77
2024-06-01,SKU053,136,97,16,56
2024-06-01,SKU054,279,1,7,30
2024-06-01,SKU055,192,5,21,26
2024-06-01,SKU056,131,47,17,65
2024-06-01,SKU057,66,27,18,64
2024-06-01,SKU058,156,23,6,39
2024-06-01,SKU059,60,40,18,21
2024-06-01,SKU060,211,16,6,23
2024-06-01,SKU061,156,51,3,41
2024-06-01,SKU062,294,75,21,30
2024-06-01,SKU063,227,15,6,21
2024-06-01,SKU064,172,37,18,67
2024-06-01,SKU065,231,85,6,64
2024-06-01,SKU066,166,73,11,32
2024-06-01,SKU067,171,1,14,23
2024-06-01,SKU068,60,29,16,79
2024-06-01,SKU069,276,12,12,74
2024-06-01,SKU070,209,58,13,71
2024-06-01,SKU071,151,89,14,30
2024-06-01,SKU072,132,40,14,68
2024-06-01,SKU073,282,77,17,28
2024-06-01,SKU074,181,46,3,42
2024-06-01,SKU075,206,18,11,24
2024-06-01,SKU076,70,0,19,51
2024-06-01,SKU077,64,41,12,20
2024-06-01,SKU078,106,22,9,38
2024-06-01,SKU079,229,51,8,58
2024-06-01,SKU080,250,20,14,66
2024-06-01,SKU081,170,70,10,42
2024-06-01,SKU082,160,47,21,40
2024-06-01,SKU083,252,23,16,33
2024-06-01,SKU084,173,66,14,71
2024-06-01,SKU085,191,84,3,23
2024-06-01,SKU086,99,31,3,58
2024-06-01,SKU087,256,20,15,63
2024-06-01,SKU088,253,99,20,76
2024-06-01,SKU089,100,69,15,44
2024-06-01,SKU090,60,73,19,28
2024-06-01,SKU091,282,41,3,37
2024-06-01,SKU092,41,53,7,23
2024-06-01,SKU093,176,28,12,27
2024-06-01,SKU094,25,19,10,65
2024-06-01,SKU095,28,13,9,23
2024-06-01,SKU096,76,8,10,28
2024-06-01,SKU097,219,30,10,58
2024-06-01,SKU098,295,70,16,52
2024-06-01,SKU099,172,75,16,47
2024-06-01,SKU100,233,67,15,50
2024-06-01,SKU101,122,35,19,27
2024-06-01,SKU102,202,87,10,77
2024-06-01,SKU103,64,23,8,77
2024-06-01,SKU104,61,76,3,36
2024-06-01,SKU105,118,89,15,22
2024-06-01,SKU106,182,53,21,23
2024-06-01,SKU107,157,97,10,46
2024-06-01,SKU108,175,89,11,36
2024-06-01,SKU109,214,96,11,39
2024-06-01,SKU110,90,82,5,65
2024-06-01,SKU111,58,1,16,48
2024-06-01,SKU112,27,78,4,80
2024-06-01,SKU113,204,26,4,34
2024-06-01,SKU114,107,52,5,75
2024-06-01,SKU115,193,12,20,49
2024-06-01,SKU116,72,4,11,21
2024-06-01,SKU117,176,35,16,36
2024-06-01,SKU118,225,29,20,56
2024-06-01,SKU119,97,18,19,39
2024-06-01,SKU120,39,8,12,66
2024-06-01,SKU121,151,94,18,56
2024-06-01,SKU122,43,89,13,60
2024-06-01,SKU123,272,82,10,40
2024-06-01,SKU124,279,7,13,80
2024-06-01,SKU125,157,14,16,35
2024-06-01,SKU126,73,65,8,77
2024-06-01,SKU127,247,45,4,68
2024-06-01,SKU128,20,52,21,73
2024-06-01,SKU129,101,13,13,32
2024-06-01,SKU130,32,87,3,40
2024-06-01,SKU131,32,90,16,65
2024-06-01,SKU132,267,91,12,69
2024-06-01,SKU133,277,80,6,69
2024-06-01,SKU134,248,78,20,65
2024-06-01,SKU135,48,25,10,79
2024-06-01,SKU136,36,30,21,35
2024-06-01,SKU137,267,45,19,26
2024-06-01,SKU138,130,89,3,64
2024-06-01,SKU139,71,17,5,49
2024-06-01,SKU140,31,78,21,65
2024-06-01,SKU141,165,36,21,40
2024-06-01,SKU142,256,8,20,24
2024-06-01,SKU143,125,32,6,23
2024-06-01,SKU144,114,76,3,47
2024-06-01,SKU145,80,49,21,26
2024-06-01,SKU146,298,97,13,33
2024-06-01,SKU147,232,9,4,46
2024-06-01,SKU148,275,3,17,45
2024-06-01,SKU149,213,61,3,31
2024-06-01,SKU150,186,90,19,59
2024-06-01,SKU151,82,16,18,71
2024-06-01,SKU152,73,60,18,35
2024-06-01,SKU153,100,50,20,61
2024-06-01,SKU154,187,91,18,54
2024-06-01,SKU155,56,7,14,67
2024-06-01,SKU156,85,64,21,38
2024-06-01,SKU157,52,52,20,71
2024-06-01,SKU158,237,29,5,52
2024-06-01,SKU159,202,47,7,62
2024-06-01,SKU160,182,53,17,44
2024-06-01,SKU161,268,69,17,59
2024-06-01,SKU162,21,41,12,79
2024-06-01,SKU163,82,10,16,62
2024-06-01,SKU164,214,76,5,25
2024-06-01,SKU165,203,26,12,21
2024-06-01,SKU166,182,18,12,28
2024-06-01,SKU167,237,77,16,62
2024-06-01,SKU168,240,72,17,46
2024-06-01,SKU169,284,54,21,72
2024-06-01,SKU170,25,6,17,55
2024-06-01,SKU171,109,64,6,45
2024-06-01,SKU172,26,33,6,68
2024-06-01,SKU173,144,63,21,75
2024-06-01,SKU174,237,34,4,38
2024-06-01,SKU175,266,5,9,55
2024-06-01,SKU176,140,39,6,20
2024-06-01,SKU177,142,8,6,24
2024-06-01,SKU178,209,45,18,68
2024-06-01,SKU179,266,6,5,54
2024-06-01,SKU180,133,1,18,52
2024-06-01,SKU181,176,78,3,52
2024-06-01,SKU182,112,96,11,42
2024-06-01,SKU183,213,1,12,78
2024-06-01,SKU184,138,19,3,27
2024-06-01,SKU185,120,5,7,70
2024-06-01,SKU186,85,25,21,69
2024-06-01,SKU187,147,83,14,37
2024-06-01,SKU188,46,31,14,48
2024-06-01,SKU189,61,29,9,68
2024-06-01,SKU190,153,32,18,30
2024-06-01,SKU191,259,70,5,28
2024-06-01,SKU192,76,76,15,78
2024-06-01,SKU193,180,81,18,34
2024-06-01,SKU194,209,10,13,62
2024-06-01,SKU195,167,72,15,23
2024-06-01,SKU196,217,55,4,48
2024-06-01,SKU197,242,52,11,51
2024-06-01,SKU198,66,18,11,33
2024-06-01,SKU199,168,93,15,61
2024-06-01,SKU200,132,33,19,40
2024-06-08,SKU001,68,70,8,72
2024-06-08,SKU002,168,28,7,43
2024-06-08,SKU003,216,43,3,65
2024-06-08,SKU004,166,89,20,38
2024-06-08,SKU005,229,89,12,70
2024-06-08,SKU006,204,46,16,57
2024-06-08,SKU007,23,27,9,45
2024-06-08,SKU008,199,35,13,35
2024-06-08,SKU009,83,81,13,50
2024-06-08,SKU010,177,31,12,49
2024-06-08,SKU011,265,47,16,38
2024-06-08,SKU012,145,19,18,33
2024-06-08,SKU013,120,19,21,59
2024-06-08,SKU014,214,7,11,74
2024-06-08,SKU015,143,22,4,61
2024-06-08,SKU016,236,15,5,29
2024-06-08,SKU017,81,100,17,66
2024-06-08,SKU018,24,34,9,50
2024-06-08,SKU019,235,97,14,21
2024-06-08,SKU020,164,25,9,69
2024-06-08,SKU021,256,16,11,26
2024-06-08,SKU022,251,39,21,22
2024-06-08,SKU023,245,70,8,50
2024-06-08,SKU024,230,77,20,26
2024-06-08,SKU025,266,87,6,62
2024-06-08,SKU026,234,36,7,23
2024-06-08,SKU027,268,32,10,49
2024-06-08,SKU028,181,87,5,62
2024-06-08,SKU029,255,60,18,52
2024-06-08,SKU030,176,16,14,27
2024-06-08,SKU031,42,89,20,25
2024-06-08,SKU032,241,43,19,54
2024-06-08,SKU033,267,71,17,24
2024-06-08,SKU034,54,73,15,76
2024-06-08,SKU035,264,33,18,74
2024-06-08,SKU036,252,43,9,76
2024-06-08,SKU037,60,49,7,62
2024-06-08,SKU038,259,78,18,22
2024-06-08,SKU039,240,95,15,74
2024-06-08,SKU040,209,44,5,41
2024-06-08,SKU041,166,7,10,70
2024-06-08,SKU042,97,70,7,76
2024-06-08,SKU043,242,19,12,49
2024-06-08,SKU044,190,30,16,80
2024-06-08,SKU045,230,51,20,63
2024-06-08,SKU046,24,20,20,80
2024-06-08,SKU047,177,52,6,64
2024-06-08,SKU048,167,46,13,37
2024-06-08,SKU049,210,9,6,71
2024-06-08,SKU050,269,98,13,40
2024-06-08,SKU051,208,65,9,56
2024-06-08,SKU052,290,19,5,42
2024-06-08,SKU053,245,2,21,77
2024-06-08,SKU054,204,81,16,39
2024-06-08,SKU055,215,17,14,45
2024-06-08,SKU056,244,23,9,20
2024-06-08,SKU057,279,41,13,37
2024-06-08,SKU058,170,28,16,69
2024-06-08,SKU059,173,35,21,34
2024-06-08,SKU060,264,39,18,57
2024-06-08,SKU061,26,88,20,52
2024-06-08,SKU062,262,95,16,54
2024-06-08,SKU063,300,99,9,52
2024-06-08,SKU064,158,74,6,47
2024-06-08,SKU065,268,15,14,48
2024-06-08,SKU066,223,95,7,77
2024-06-08,SKU067,174,71,3,45
2024-06-08,SKU068,147,91,9,41
2024-06-08,SKU069,65,99,19,46
2024-06-08,SKU070,92,91,15,70
2024-06-08,SKU071,152,59,18,72
2024-06-08,SKU072,47,73,9,65
2024-06-08,SKU073,242,58,15,46
2024-06-08,SKU074,73,58,17,31
2024-06-08,SKU075,51,80,3,30
2024-06-08,SKU076,136,88,6,59
2024-06-08,SKU077,140,77,4,30
2024-06-08,SKU078,45,2,5,70
2024-06-08,SKU079,162,40,4,24
2024-06-08,SKU080,241,17,12,78
2024-06-08,SKU081,172,39,3,71
2024-06-08,SKU082,33,79,4,34
2024-06-08,SKU083,259,16,7,39
2024-06-08,SKU084,254,20,12,29
2024-06-08,SKU085,175,28,4,42
2024-06-08,SKU086,224,75,16,80
2024-06-08,SKU087,30,40,20,23
2024-06-08,SKU088,92,25,4,21
2024-06-08,SKU089,224,59,21,58
2024-06-08,SKU090,108,87,19,38
2024-06-08,SKU091,221,25,21,77
2024-06-08,SKU092,189,43,13,44
2024-06-08,SKU093,149,22,7,45
2024-06-08,SKU094,20,85,20,27
2024-06-08,SKU095,249,47,17,64
2024-06-08,SKU096,21,14,5,80
2024-06-08,SKU097,22,64,4,73
2024-06-08,SKU098,163,58,12,57
2024-06-08,SKU099,42,45,5,43
2024-06-08,SKU100,286,36,19,78
2024-06-08,SKU101,287,64,7,77
2024-06-08,SKU102,210,64,5,76
2024-06-08,SKU103,114,98,4,68
2024-06-08,SKU104,115,59,8,40
2024-06-08,SKU105,279,15,5,37
2024-06-08,SKU106,74,55,19,56
2024-06-08,SKU107,194,4,15,42
2024-06-08,SKU108,246,24,6,34
2024-06-08,SKU109,108,68,13,25
2024-06-08,SKU110,188,47,7,56
2024-06-08,SKU111,258,33,7,53
2024-06-08,SKU112,220,52,18,49
2024-06-08,SKU113,79,82,4,31
2024-06-08,SKU114,119,24,15,55
2024-06-08,SKU115,96,70,17,53
2024-06-08,SKU116,51,70,21,49
2024-06-08,SKU117,32,63,21,39
2024-06-08,SKU118,271,20,4,41
2024-06-08,SKU119,88,75,5,66
2024-06-08,SKU120,273,59,14,61
2024-06-08,SKU121,37,69,15,34
2024-06-08,SKU122,93,63,17,65
2024-06-08,SKU123,223,75,20,36
2024-06-08,SKU124,116,15,6,30
2024-06-08,SKU125,166,80,4,59
2024-06-08,SKU126,297,95,15,71
2024-06-08,SKU127,22,83,11,35
2024-06-08,SKU128,224,53,19,58
2024-06-08,SKU129,185,63,3,38
2024-06-08,SKU130,79,13,19,43
2024-06-08,SKU131,136,41,16,36
2024-06-08,SKU132,84,29,5,73
2024-06-08,SKU133,221,32,8,64
2024-06-08,SKU134,82,78,16,35
2024-06-08,SKU135,176,50,5,68
2024-06-08,SKU136,24,86,20,73
2024-06-08,SKU137,248,40,21,53
2024-06-08,SKU138,221,3,17,54
2024-06-08,SKU139,233,30,20,71
2024-06-08,SKU140,63,21,12,22
2024-06-08,SKU141,184,61,21,80
2024-06-08,SKU142,98,49,20,28
2024-06-08,SKU143,157,65,10,50
2024-06-08,SKU144,191,11,15,23
2024-06-08,SKU145,221,90,5,75
2024-06-08,SKU146,166,5,9,75
2024-06-08,SKU147,187,10,21,63
2024-06-08,SKU148,199,57,10,22
2024-06-08,SKU149,20,79,18,38
2024-06-08,SKU150,230,46,7,37
2024-06-08,SKU151,286,29,12,54
2024-06-08,SKU152,118,84,5,25
2024-06-08,SKU153,178,47,3,45
2024-06-08,SKU154,178,40,10,33
2024-06-08,SKU155,173,90,13,46
2024-06-08,SKU156,97,35,3,26
2024-06-08,SKU157,135,66,13,58
2024-06-08,SKU158,241,33,16,53
2024-06-08,SKU159,166,66,3,64
2024-06-08,SKU160,279,94,14,78
2024-06-08,SKU161,90,19,20,79
2024-06-08,SKU162,104,38,19,50
2024-06-08,SKU163,170,81,9,29
2024-06-08,SKU164,134,52,8,80
2024-06-08,SKU165,279,82,8,40
2024-06-08,SKU166,189,82,13,25
2024-06-08,SKU167,69,97,11,65
2024-06-08,SKU168,36,48,19,66
2024-06-08,SKU169,159,96,4,20
2024-06-08,SKU170,22,49,18,58
2024-06-08,SKU171,165,59,6,56
2024-06-08,SKU172,56,19,4,72
2024-06-08,SKU173,75,8,6,74
2024-06-08,SKU174,242,87,7,73
2024-06-08,SKU175,287,23,4,67
2024-06-08,SKU176,198,47,15,37
2024-06-08,SKU177,79,76,21,61
2024-06-08,SKU178,22,83,10,57
2024-06-08,SKU179,253,1,18,67
2024-06-08,SKU180,39,38,7,31
2024-06-08,SKU181,68,1,13,46
2024-06-08,SKU182,54,84,8,26
2024-06-08,SKU183,266,88,14,78
2024-06-08,SKU184,105,46,11,51
2024-06-08,SKU185,51,56,20,54
2024-06-08,SKU186,127,46,21,71
2024-06-08,SKU187,168,34,17,28
2024-06-08,SKU188,210,12,7,64
2024-06-08,SKU189,81,16,3,55
2024-06-08,SKU190,228,80,14,64
2024-06-08,SKU191,184,0,21,56
2024-06-08,SKU192,27,61,4,26
2024-06-08,SKU193,174,27,3,43
2024-06-08,SKU194,297,38,17,25
2024-06-08,SKU195,225,27,11,36
2024-06-08,SKU196,81,40,6,74
2024-06-08,SKU197,137,49,6,71
2024-06-08,SKU198,99,92,12,72
2024-06-08,SKU199,36,25,16,79
2024-06-08,SKU200,33,15,8,50
2024-06-15,SKU001,223,39,20,54
2024-06-15,SKU002,262,66,19,63
2024-06-15,SKU003,266,90,9,52
2024-06-15,SKU004,53,19,21,37
2024-06-15,SKU005,212,47,18,74
2024-06-15,SKU006,233,84,4,61
2024-06-15,SKU007,89,34,21,26
2024-06-15,SKU008,85,39,16,56
2024-06-15,SKU009,31,20,14,58
2024-06-15,SKU010,215,98,20,25
2024-06-15,SKU011,242,54,12,80
2024-06-15,SKU012,24,10,18,37
2024-06-15,SKU013,300,75,4,78
2024-06-15,SKU014,41,14,10,21
2024-06-15,SKU015,114,71,18,64
2024-06-15,SKU016,280,28,9,30
2024-06-15,SKU017,51,54,17,65
2024-06-15,SKU018,64,39,16,75
2024-06-15,SKU019,265,80,4,32
2024-06-15,SKU020,67,16,19,46
2024-06-15,SKU021,63,87,10,67
2024-06-15,SKU022,92,15,11,79
2024-06-15,SKU023,273,93,13,74
2024-06-15,SKU024,104,44,8,64
2024-06-15,SKU025,282,38,10,65
2024-06-15,SKU026,295,54,9,74
2024-06-15,SKU027,114,18,8,24
2024-06-15,SKU028,266,7,14,79
2024-06-15,SKU029,44,56,13,49
2024-06-15,SKU030,24,34,18,72
2024-06-15,SKU031,158,8,8,69
2024-06-15,SKU032,213,34,7,55
2024-06-15,SKU033,287,56,21,48
2024-06-15,SKU034,46,47,10,29
2024-06-15,SKU035,235,99,19,69
2024-06-15,SKU036,217,53,17,58
2024-06-15,SKU037,51,14,16,53
2024-06-15,SKU038,217,88,6,54
2024-06-15,SKU039,71,90,11,49
2024-06-15,SKU040,214,17,7,30
2024-06-15,SKU041,64,33,17,63
2024-06-15,SKU042,60,13,21,42
2024-06-15,SKU043,86,52,15,42
2024-06-15,SKU044,116,25,3,45
2024-06-15,SKU045,245,57,10,59
2024-06-15,SKU046,185,36,11,50
2024-06-15,SKU047,190,45,16,53
2024-06-15,SKU048,90,41,11,30
2024-06-15,SKU049,259,85,18,75
2024-06-15,SKU050,83,71,13,61
2024-06-15,SKU051,180,9,16,54
2024-06-15,SKU052,259,62,4,21
2024-06-15,SKU053,52,71,11,54
2024-06-15,SKU054,163,45,16,38
2024-06-15,SKU055,284,88,4,34
2024-06-15,SKU056,209,51,17,67
2024-06-15,SKU057,237,14,5,42
2024-06-15,SKU058,233,36,4,40
2024-06-15,SKU059,295,63,9,39
2024-06-15,SKU060,111,20,8,42
2024-06-15,SKU061,116,68,15,79
2024-06-15,SKU062,78,85,19,27
2024-06-15,SKU063,247,98,10,27
2024-06-15,SKU064,148,29,4,59
2024-06-15,SKU065,37,93,8,23
2024-06-15,SKU066,225,65,5,55
2024-06-15,SKU067,130,54,6,28
2024-06-15,SKU068,148,66,17,70
2024-06-15,SKU069,70,85,10,68
2024-06-15,SKU070,272,27,20,54
2024-06-15,SKU071,270,88,7,36
2024-06-15,SKU072,43,96,4,70
2024-06-15,SKU073,90,38,10,29
2024-06-15,SKU074,151,0,13,22
2024-06-15,SKU075,156,73,5,26
2024-06-15,SKU076,147,68,4,67
2024-06-15,SKU077,297,9,20,25
2024-06-15,SKU078,138,60,21,49
2024-06-15,SKU079,96,35,5,77
2024-06-15,SKU080,249,32,8,80
2024-06-15,SKU081,86,85,16,76
2024-06-15,SKU082,182,32,20,54
2024-06-15,SKU083,195,14,4,26
2024-06-15,SKU084,20,16,5,68
2024-06-15,SKU085,78,28,9,37
2024-06-15,SKU086,40,57,19,24
2024-06-15,SKU087,155,22,16,63
2024-06-15,SKU088,223,31,8,79
2024-06-15,SKU089,271,40,21,32
2024-06-15,SKU090,155,65,18,40
2024-06-15,SKU091,206,87,10,40
2024-06-15,SKU092,195,79,18,54
2024-06-15,SKU093,249,80,21,57
2024-06-15,SKU094,243,31,8,77
2024-06-15,SKU095,140,66,16,47
2024-06-15,SKU096,173,22,21,49
2024-06-15,SKU097,153,80,7,80
2024-06-15,SKU098,99,35,12,25
2024-06-15,SKU099,247,44,9,78
2024-06-15,SKU100,237,61,17,43
2024-06-15,SKU101,132,52,7,74
2024-06-15,SKU102,81,96,3,29
2024-06-15,SKU103,268,29,13,55
2024-06-15,SKU104,52,7,17,71
2024-06-15,SKU105,50,19,12,51
2024-06-15,SKU106,209,52,18,74
2024-06-15,SKU107,22,89,18,75
2024-06-15,SKU108,267,4,8,69
2024-06-15,SKU109,54,33,18,78
2024-06-15,SKU110,152,96,14,74
2024-06-15,SKU111,181,4,5,61
2024-06-15,SKU112,159,94,20,60
2024-06-15,SKU113,91,26,11,62
2024-06-15,SKU114,248,97,21,34
2024-06-15,SKU115,82,68,11,41
2024-06-15,SKU116,245,41,12,32
2024-06-15,SKU117,64,57,4,80
2024-06-15,SKU118,239,63,20,32
2024-06-15,SKU119,217,62,16,76
2024-06-15,SKU120,28,87,15,56
2024-06-15,SKU121,239,66,17,56
2024-06-15,SKU122,84,99,19,44
2024-06-15,SKU123,143,91,4,54
2024-06-15,SKU124,107,41,10,61
2024-06-15,SKU125,38,2,14,37
2024-06-15,SKU126,133,8,15,72
2024-06-15,SKU127,247,88,3,37
2024-06-15,SKU128,45,33,21,29
2024-06-15,SKU129,105,21,11,23
2024-06-15,SKU130,243,55,16,21
2024-06-15,SKU131,227,32,4,80
2024-06-15,SKU132,212,33,15,30
2024-06-15,SKU133,258,67,20,74
2024-06-15,SKU134,237,52,9,53
2024-06-15,SKU135,25,0,9,32
2024-06-15,SKU136,73,24,18,43
2024-06-15,SKU137,291,88,17,52
2024-06-15,SKU138,44,59,17,44
2024-06-15,SKU139,247,56,14,54
2024-06-15,SKU140,143,14,9,63
2024-06-15,SKU141,67,18,21,51
2024-06-15,SKU142,281,46,13,29
2024-06-15,SKU143,238,33,19,62
2024-06-15,SKU144,131,75,20,52
2024-06-15,SKU145,228,15,6,33
2024-06-15,SKU146,203,41,11,34
2024-06-15,SKU147,166,7,13,37
2024-06-15,SKU148,60,51,8,40
2024-06-15,SKU149,204,90,20,23
2024-06-15,SKU150,282,9,18,73
2024-06-15,SKU151,278,51,18,50
2024-06-15,SKU152,96,96,20,54
2024-06-15,SKU153,253,98,10,47
2024-06-15,SKU154,34,46,6,69
2024-06-15,SKU155,59,0,9,42
2024-06-15,SKU156,128,45,20,80
2024-06-15,SKU157,140,78,13,28
2024-06-15,SKU158,185,64,4,23
2024-06-15,SKU159,33,72,16,32
2024-06-15,SKU160,63,67,4,69
2024-06-15,SKU161,36,73,20,66
2024-06-15,SKU162,226,31,9,66
2024-06-15,SKU163,59,51,15,71
2024-06-15,SKU164,197,79,10,48
2024-06-15,SKU165,131,40,4,25
2024-06-15,SKU166,36,26,19,22
2024-06-15,SKU167,25,51,6,64
2024-06-15,SKU168,191,64,18,32
2024-06-15,SKU169,23,15,8,72
2024-06-15,SKU170,173,84,11,75
2024-06-15,SKU171,82,71,8,35
2024-06-15,SKU172,162,68,8,29
2024-06-15,SKU173,108,37,17,25
2024-06-15,SKU174,198,83,13,64
2024-06-15,SKU175,81,40,5,41
2024-06-15,SKU176,101,65,14,38
2024-06-15,SKU177,201,78,19,48
2024-06-15,SKU178,67,11,16,60
2024-06-15,SKU179,35,16,6,34
2024-06-15,SKU180,287,54,20,45
2024-06-15,SKU181,55,81,6,78
2024-06-15,SKU182,298,29,21,39
2024-06-15,SKU183,275,99,13,29
2024-06-15,SKU184,271,86,6,29
2024-06-15,SKU185,24,35,8,38
2024-06-15,SKU186,28,66,8,51
2024-06-15,SKU187,165,48,6,59
2024-06-15,SKU188,290,15,16,72
2024-06-15,SKU189,179,38,10,33
2024-06-15,SKU190,262,25,3,58
2024-06-15,SKU191,45,4,21,22
2024-06-15,SKU192,224,22,5,75
2024-06-15,SKU193,135,77,4,36
2024-06-15,SKU194,71,1,11,77
2024-06-15,SKU195,47,49,10,33
2024-06-15,SKU196,77,35,17,72
2024-06-15,SKU197,221,63,9,21
2024-06-15,SKU198,45,92,6,45
2024-06-15,SKU199,168,48,5,75
2024-06-15,SKU200,58,40,20,64
2024-06-22,SKU001,175,83,12,68
2024-06-22,SKU002,251,32,15,80
2024-06-22,SKU003,102,22,15,70
2024-06-22,SKU004,218,36,4,51
2024-06-22,SKU005,217,31,20,44
2024-06-22,SKU006,134,80,5,52
2024-06-22,SKU007,224,29,11,41
2024-06-22,SKU008,206,40,12,70
2024-06-22,SKU009,261,1,16,77
2024-06-22,SKU010,37,80,18,52
2024-06-22,SKU011,47,46,12,20
2024-06-22,SKU012,246,14,8,57
2024-06-22,SKU013,287,79,18,56
2024-06-22,SKU014,24,13,5,51
2024-06-22,SKU015,238,18,5,77
2024-06-22,SKU016,191,64,19,50
2024-06-22,SKU017,139,10,11,40
2024-06-22,SKU018,40,84,10,67
2024-06-22,SKU019,147,13,14,28
2024-06-22,SKU020,127,46,8,63
2024-06-22,SKU021,185,25,8,29
2024-06-22,SKU022,37,70,5,31
2024-06-22,SKU023,274,94,12,58
2024-06-22,SKU024,143,76,5,70
2024-06-22,SKU025,46,0,6,80
2024-06-22,SKU026,67,16,19,37
2024-06-22,SKU027,47,99,6,72
2024-06-22,SKU028,273,17,10,36
2024-06-22,SKU029,153,50,18,51
2024-06-22,SKU030,207,20,15,55
2024-06-22,SKU031,42,68,8,76
2024-06-22,SKU032,226,65,5,71
2024-06-22,SKU033,182,33,7,35
2024-06-22,SKU034,297,23,21,25
2024-06-22,SKU035,233,77,19,55
2024-06-22,SKU036,41,89,11,56
2024-06-22,SKU037,56,76,20,61
2024-06-22,SKU038,54,61,3,61
2024-06-22,SKU039,28,14,14,58
2024-06-22,SKU040,78,73,17,48
2024-06-22,SKU041,24,99,17,39
2024-06-22,SKU042,158,28,11,50
2024-06-22,SKU043,279,18,5,72
2024-06-22,SKU044,258,86,9,55
2024-06-22,SKU045,79,36,14,43
2024-06-22,SKU046,24,45,16,61
2024-06-22,SKU047,178,82,8,21
2024-06-22,SKU048,88,35,11,46
2024-06-22,SKU049,175,97,7,53
2024-06-22,SKU050,195,74,14,29
2024-06-22,SKU051,194,21,21,31
2024-06-22,SKU052,166,17,4,70
2024-06-22,SKU053,25,37,7,62
2024-06-22,SKU054,198,68,12,34
2024-06-22,SKU055,110,81,21,25
2024-06-22,SKU056,116,92,18,75
2024-06-22,SKU057,39,61,18,28
2024-06-22,SKU058,99,35,11,26
2024-06-22,SKU059,163,97,15,77
2024-06-22,SKU060,133,24,8,49
2024-06-22,SKU061,285,70,12,40
2024-06-22,SKU062,132,3,13,20
2024-06-22,SKU063,243,78,21,55
2024-06-22,SKU064,269,47,19,65
2024-06-22,SKU065,181,19,14,51
2024-06-22,SKU066,105,34,7,69
2024-06-22,SKU067,210,72,19,50
2024-06-22,SKU068,233,33,3,68
2024-06-22,SKU069,42,96,15,56
2024-06-22,SKU070,237,32,16,59
2024-06-22,SKU071,32,14,16,38
2024-06-22,SKU072,161,85,7,66
2024-06-22,SKU073,140,92,17,20
2024-06-22,SKU074,60,98,12,24
2024-06-22,SKU075,192,46,5,67
2024-06-22,SKU076,42,97,14,69
2024-06-22,SKU077,76,56,18,80
2024-06-22,SKU078,188,60,19,73
2024-06-22,SKU079,213,10,7,35
2024-06-22,SKU080,210,82,19,73
2024-06-22,SKU081,251,48,15,30
2024-06-22,SKU082,221,78,4,76
2024-06-22,SKU083,63,10,16,35
2024-06-22,SKU084,104,29,15,69
2024-06-22,SKU085,101,47,9,48
2024-06-22,SKU086,288,55,9,22
2024-06-22,SKU087,251,7,6,60
2024-06-22,SKU088,127,99,6,63
2024-06-22,SKU089,220,95,20,55
2024-06-22,SKU090,248,67,4,76
2024-06-22,SKU091,145,31,7,34
2024-06-22,SKU092,70,54,12,56
2024-06-22,SKU093,192,68,15,36
2024-06-22,SKU094,59,63,4,40
2024-06-22,SKU095,27,27,4,50
2024-06-22,SKU096,68,92,12,76
2024-06-22,SKU097,234,5,6,22
2024-06-22,SKU098,197,65,18,30
2024-06-22,SKU099,156,37,5,69
2024-06-22,SKU100,64,80,5,68
2024-06-22,SKU101,144,73,18,66
2024-06-22,SKU102,138,1,9,72
2024-06-22,SKU103,59,7,14,74
2024-06-22,SKU104,69,100,21,44
2024-06-22,SKU105,293,10,12,67
2024-06-22,SKU106,239,96,21,64
2024-06-22,SKU107,78,1,17,78
2024-06-22,SKU108,216,33,10,71
2024-06-22,SKU109,95,51,9,26
2024-06-22,SKU110,165,23,11,34
2024-06-22,SKU111,295,18,7,36
2024-06-22,SKU112,161,23,21,79
2024-06-22,SKU113,191,13,14,35
2024-06-22,SKU114,299,38,6,22
2024-06-22,SKU115,110,39,3,58
2024-06-22,SKU116,266,40,8,66
2024-06-22,SKU117,222,3,15,46
2024-06-22,SKU118,208,88,11,67
2024-06-22,SKU119,130,15,6,34
2024-06-22,SKU120,21,79,16,79
2024-06-22,SKU121,142,56,18,38
2024-06-22,SKU122,51,98,5,58
2024-06-22,SKU123,155,22,8,52
2024-06-22,SKU124,203,16,8,22
2024-06-22,SKU125,179,100,9,34
2024-06-22,SKU126,24,81,3,44
2024-06-22,SKU127,108,29,4,80
2024-06-22,SKU128,182,3,11,77
2024-06-22,SKU129,245,69,7,80
2024-06-22,SKU130,260,62,9,39
2024-06-22,SKU131,196,59,9,66
2024-06-22,SKU132,165,54,13,29
2024-06-22,SKU133,241,61,12,59
2024-06-22,SKU134,284,31,13,66
2024-06-22,SKU135,66,79,6,48
2024-06-22,SKU136,246,31,17,73
2024-06-22,SKU137,240,51,3,47
2024-06-22,SKU138,104,47,9,69
2024-06-22,SKU139,254,62,8,38
2024-06-22,SKU140,183,57,12,36
2024-06-22,SKU141,80,44,9,59
2024-06-22,SKU142,212,50,4,53
2024-06-22,SKU143,229,5,12,52
2024-06-22,SKU144,150,0,5,55
2024-06-22,SKU145,207,11,12,69
2024-06-22,SKU146,237,69,17,32
2024-06-22,SKU147,221,69,12,40
2024-06-22,SKU148,215,11,19,58
2024-06-22,SKU149,52,95,10,38
2024-06-22,SKU150,121,91,5,66
2024-06-22,SKU151,215,60,14,40
2024-06-22,SKU152,35,82,9,77
2024-06-22,SKU153,74,0,9,53
2024-06-22,SKU154,298,65,8,59
2024-06-22,SKU155,206,48,9,49
2024-06-22,SKU156,262,29,15,68
2024-06-22,SKU157,268,67,21,62
2024-06-22,SKU158,286,71,3,79
2024-06-22,SKU159,69,74,16,78
2024-06-22,SKU160,103,22,9,26
2024-06-22,SKU161,154,16,6,26
2024-06-22,SKU162,110,42,10,37
2024-06-22,SKU163,25,35,11,37
2024-06-22,SKU164,170,0,17,76
2024-06-22,SKU165,86,96,5,74
2024-06-22,SKU166,57,94,6,31
2024-06-22,SKU167,183,75,15,77
2024-06-22,SKU168,223,57,21,69
2024-06-22,SKU169,200,52,6,27
2024-06-22,SKU170,128,78,9,65
2024-06-22,SKU171,199,30,4,24
2024-06-22,SKU172,130,100,15,78
2024-06-22,SKU173,130,27,21,41
2024-06-22,SKU174,269,96,14,50
2024-06-22,SKU175,262,64,18,70
2024-06-22,SKU176,272,91,15,26
2024-06-22,SKU177,106,56,16,43
2024-06-22,SKU178,77,98,11,64
2024-06-22,SKU179,101,39,6,20
2024-06-22,SKU180,50,73,16,58
2024-06-22,SKU181,38,2,11,25
2024-06-22,SKU182,282,8,10,46
2024-06-22,SKU183,228,18,4,46
2024-06-22,SKU184,217,54,5,20
2024-06-22,SKU185,106,96,4,25
2024-06-22,SKU186,67,89,17,37
2024-06-22,SKU187,207,14,19,61
2024-06-22,SKU188,291,96,21,35
2024-06-22,SKU189,155,57,17,34
2024-06-22,SKU190,56,7,6,25
2024-06-22,SKU191,35,51,4,20
2024-06-22,SKU192,138,0,19,41
2024-06-22,SKU193,262,28,18,22
2024-06-22,SKU194,219,14,8,73
2024-06-22,SKU195,162,41,14,42
2024-06-22,SKU196,79,74,14,78
2024-06-22,SKU197,52,28,7,30
2024-06-22,SKU198,88,53,16,74
2024-06-22,SKU199,190,5,20,21
2024-06-22,SKU200,82,61,4,72
2024-07-01,SKU001,42,94,3,60
2024-07-01,SKU002,242,82,10,59
2024-07-01,SKU003,90,34,11,77
2024-07-01,SKU004,156,7,10,26
2024-07-01,SKU005,137,82,10,53
2024-07-01,SKU006,116,60,17,37
2024-07-01,SKU007,105,70,11,30
2024-07-01,SKU008,290,41,5,48
2024-07-01,SKU009,273,46,16,41
2024-07-01,SKU010,223,42,20,53
2024-07-01,SKU011,149,52,21,64
2024-07-01,SKU012,83,69,5,44
2024-07-01,SKU013,188,33,16,35
2024-07-01,SKU014,213,65,4,42
2024-07-01,SKU015,104,32,13,48
2024-07-01,SKU016,193,11,17,22
2024-07-01,SKU017,212,82,12,56
2024-07-01,SKU018,205,19,18,44
2024-07-01,SKU019,63,49,14,42
2024-07-01,SKU020,145,17,8,60
2024-07-01,SKU021,226,55,11,31
2024-07-01,SKU022,237,88,13,24
2024-07-01,SKU023,259,55,7,26
2024-07-01,SKU024,86,50,16,77
2024-07-01,SKU025,142,40,3,40
2024-07-01,SKU026,264,0,13,56
2024-07-01,SKU027,73,95,18,52
2024-07-01,SKU028,269,52,16,60
2024-07-01,SKU029,129,38,8,55
2024-07-01,SKU030,135,25,7,33
2024-07-01,SKU031,281,30,14,47
2024-07-01,SKU032,102,62,9,50
2024-07-01,SKU033,68,11,21,25
2024-07-01,SKU034,280,87,7,75
2024-07-01,SKU035,22,95,15,20
2024-07-01,SKU036,171,45,12,72
2024-07-01,SKU037,35,77,16,69
2024-07-01,SKU038,280,22,9,61
2024-07-01,SKU039,51,8,5,33
2024-07-01,SKU040,165,69,8,46
2024-07-01,SKU041,208,93,13,25
2024-07-01,SKU042,89,68,17,55
2024-07-01,SKU043,118,35,19,67
2024-07-01,SKU044,56,82,21,78
2024-07-01,SKU045,193,61,6,39
2024-07-01,SKU046,224,29,18,21
2024-07-01,SKU047,26,25,13,72
2024-07-01,SKU048,198,93,8,60
2024-07-01,SKU049,252,6,15,41
2024-07-01,SKU050,34,10,17,50
2024-07-01,SKU051,97,62,10,33
2024-07-01,SKU052,290,90,9,30
2024-07-01,SKU053,263,83,16,74
2024-07-01,SKU054,68,14,10,26
2024-07-01,SKU055,288,98,20,35
2024-07-01,SKU056,136,48,14,65
2024-07-01,SKU057,161,98,7,74
2024-07-01,SKU058,250,65,10,55
2024-07-01,SKU059,60,53,12,42
2024-07-01,SKU060,136,60,15,47
2024-07-01,SKU061,76,32,6,55
2024-07-01,SKU062,48,11,10,51
2024-07-01,SKU063,174,23,14,79
2024-07-01,SKU064,294,63,5,26
2024-07-01,SKU065,231,63,6,39
2024-07-01,SKU066,86,21,17,43
2024-07-01,SKU067,173,12,4,57
2024-07-01,SKU068,182,78,17,40
2024-07-01,SKU069,229,64,13,80
2024-07-01,SKU070,172,18,3,46
2024-07-01,SKU071,212,56,6,31
2024-07-01,SKU072,157,78,11,37
2024-07-01,SKU073,139,38,19,70
2024-07-01,SKU074,185,33,7,21
2024-07-01,SKU075,237,2,21,51
2024-07-01,SKU076,278,32,19,32
2024-07-01,SKU077,288,72,9,56
2024-07-01,SKU078,114,88,12,30
2024-07-01,SKU079,283,8,5,28
2024-07-01,SKU080,116,80,16,30
2024-07-01,SKU081,130,69,7,52
2024-07-01,SKU082,291,58,17,51
2024-07-01,SKU083,296,93,18,32
2024-07-01,SKU084,83,28,13,76
2024-07-01,SKU085,26,29,14,50
2024-07-01,SKU086,152,31,10,79
2024-07-01,SKU087,195,3,9,75
2024-07-01,SKU088,245,67,19,45
2024-07-01,SKU089,135,0,11,76
2024-07-01,SKU090,33,59,12,26
2024-07-01,SKU091,277,64,19,53
2024-07-01,SKU092,222,51,10,26
2024-07-01,SKU093,290,26,15,50
2024-07-01,SKU094,169,52,9,35
2024-07-01,SKU095,46,31,12,75
2024-07-01,SKU096,158,49,17,69
2024-07-01,SKU097,41,16,18,44
2024-07-01,SKU098,24,81,16,50
2024-07-01,SKU099,37,33,20,23
2024-07-01,SKU100,120,68,9,38
2024-07-01,SKU101,116,98,3,47
2024-07-01,SKU102,35,100,10,40
2024-07-01,SKU103,201,48,11,66
2024-07-01,SKU104,59,49,17,78
2024-07-01,SKU105,114,6,3,47
2024-07-01,SKU106,80,18,8,80
2024-07-01,SKU107,72,71,19,21
2024-07-01,SKU108,129,84,7,47
2024-07-01,SKU109,131,8,3,25
2024-07-01,SKU110,147,65,20,23
2024-07-01,SKU111,229,20,15,60
2024-07-01,SKU112,229,21,7,32
2024-07-01,SKU113,80,73,6,60
2024-07-01,SKU114,104,22,15,46
2024-07-01,SKU115,246,45,14,42
2024-07-01,SKU116,133,69,9,50
2024-07-01,SKU117,126,95,13,50
2024-07-01,SKU118,279,63,10,39
2024-07-01,SKU119,223,68,10,59
2024-07-01,SKU120,70,70,13,77
2024-07-01,SKU121,90,14,11,75
2024-07-01,SKU122,252,72,13,58
2024-07-01,SKU123,121,70,16,57
2024-07-01,SKU124,128,70,9,73
2024-07-01,SKU125,38,98,10,77
2024-07-01,SKU126,208,94,11,49
2024-07-01,SKU127,99,66,21,73
2024-07-01,SKU128,211,78,11,70
2024-07-01,SKU129,90,15,6,71
2024-07-01,SKU130,158,94,13,68
2024-07-01,SKU131,283,44,15,27
2024-07-01,SKU132,268,65,3,72
2024-07-01,SKU133,170,71,6,70
2024-07-01,SKU134,277,75,3,29
2024-07-01,SKU135,40,12,19,68
2024-07-01,SKU136,61,68,5,74
2024-07-01,SKU137,150,4,17,61
2024-07-01,SKU138,89,72,11,55
2024-07-01,SKU139,293,26,5,53
2024-07-01,SKU140,53,0,4,76
2024-07-01,SKU141,270,85,3,76
2024-07-01,SKU142,204,87,18,35
2024-07-01,SKU143,273,61,10,72
2024-07-01,SKU144,123,73,19,72
2024-07-01,SKU145,248,12,11,75
2024-07-01,SKU146,40,75,15,24
2024-07-01,SKU147,289,36,10,68
2024-07-01,SKU148,112,22,3,32
2024-07-01,SKU149,102,46,12,38
2024-07-01,SKU150,39,69,6,35
2024-07-01,SKU151,272,21,18,65
2024-07-01,SKU152,261,55,10,26
2024-07-01,SKU153,69,87,13,24
2024-07-01,SKU154,147,52,15,43
2024-07-01,SKU155,73,100,10,21
2024-07-01,SKU156,241,60,5,71
2024-07-01,SKU157,126,29,20,36
2024-07-01,SKU158,136,90,12,66
2024-07-01,SKU159,222,28,5,53
2024-07-01,SKU160,166,56,15,27
2024-07-01,SKU161,104,39,4,44
2024-07-01,SKU162,95,76,9,48
2024-07-01,SKU163,278,75,13,63
2024-07-01,SKU164,170,6,11,51
2024-07-01,SKU165,271,61,21,35
2024-07-01,SKU166,107,97,4,52
2024-07-01,SKU167,87,69,12,26
2024-07-01,SKU168,286,81,20,79
2024-07-01,SKU169,161,52,21,40
2024-07-01,SKU170,300,85,11,51
2024-07-01,SKU171,82,26,15,61
2024-07-01,SKU172,284,53,11,72
2024-07-01,SKU173,117,52,20,27
2024-07-01,SKU174,95,66,5,67
2024-07-01,SKU175,61,61,9,62
2024-07-01,SKU176,58,0,13,30
2024-07-01,SKU177,60,42,16,31
2024-07-01,SKU178,275,71,9,24
2024-07-01,SKU179,84,29,11,29
2024-07-01,SKU180,104,49,11,75
2024-07-01,SKU181,265,49,16,40
2024-07-01,SKU182,46,31,3,24
2024-07-01,SKU183,289,43,3,48
2024-07-01,SKU184,268,24,3,59
2024-07-01,SKU185,211,43,18,48
2024-07-01,SKU186,78,33,9,60
2024-07-01,SKU187,241,72,6,79
2024-07-01,SKU188,247,8,13,58
2024-07-01,SKU189,63,16,4,38
2024-07-01,SKU190,214,39,12,38
2024-07-01,SKU191,227,16,18,36
2024-07-01,SKU192,54,27,18,76
2024-07-01,SKU193,175,53,15,59
2024-07-01,SKU194,138,38,16,69
2024-07-01,SKU195,173,76,4,70
2024-07-01,SKU196,202,88,17,40
2024-07-01,SKU197,103,0,17,77
2024-07-01,SKU198,108,97,12,55
2024-07-01,SKU199,232,25,6,62
2024-07-01,SKU200,54,30,11,32
2024-07-08,SKU001,32,80,16,32
2024-07-08,SKU002,146,12,13,62
2024-07-08,SKU003,50,52,18,59
2024-07-08,SKU004,107,53,11,77
2024-07-08,SKU005,106,1,17,25
2024-07-08,SKU006,109,9,6,32
2024-07-08,SKU007,285,59,6,69
2024-07-08,SKU008,101,57,3,53
2024-07-08,SKU009,139,74,17,66
2024-07-08,SKU010,76,91,13,74
2024-07-08,SKU011,120,97,12,52
2024-07-08,SKU012,251,12,9,39
2024-07-08,SKU013,38,88,20,69
2024-07-08,SKU014,119,72,17,78
2024-07-08,SKU015,201,83,17,60
2024-07-08,SKU016,63,26,12,59
2024-07-08,SKU017,211,44,7,29
2024-07-08,SKU018,210,63,16,79
2024-07-08,SKU019,187,0,4,74
2024-07-08,SKU020,257,35,11,58
2024-07-08,SKU021,70,36,8,75
2024-07-08,SKU022,114,29,11,49
2024-07-08,SKU023,63,74,4,41
2024-07-08,SKU024,256,32,6,69
2024-07-08,SKU025,248,79,9,62
2024-07-08,SKU026,110,10,14,38
2024-07-08,SKU027,174,5,21,55
2024-07-08,SKU028,264,33,6,52
2024-07-08,SKU029,90,52,6,58
2024-07-08,SKU030,280,76,3,78
2024-07-08,SKU031,192,18,16,56
2024-07-08,SKU032,69,36,20,53
2024-07-08,SKU033,255,9,3,46
2024-07-08,SKU034,194,90,15,31
2024-07-08,SKU035,186,99,5,39
2024-07-08,SKU036,222,44,19,57
2024-07-08,SKU037,114,87,15,75
2024-07-08,SKU038,221,30,5,48
2024-07-08,SKU039,264,59,6,53
2024-07-08,SKU040,64,29,3,67
2024-07-08,SKU041,212,15,8,25
2024-07-08,SKU042,110,52,19,35
2024-07-08,SKU043,149,20,9,64
2024-07-08,SKU044,76,73,16,47
2024-07-08,SKU045,41,5,14,78
2024-07-08,SKU046,280,62,12,67
2024-07-08,SKU047,177,45,10,26
2024-07-08,SKU048,74,3,7,80
2024-07-08,SKU049,22,26,15,45
2024-07-08,SKU050,277,35,3,71
2024-07-08,SKU051,266,39,6,59
2024-07-08,SKU052,142,65,17,75
2024-07-08,SKU053,251,99,10,27
2024-07-08,SKU054,291,61,21,54
2024-07-08,SKU055,244,68,5,24
2024-07-08,SKU056,73,27,8,72
2024-07-08,SKU057,244,70,14,60
2024-07-08,SKU058,115,9,4,79
2024-07-08,SKU059,237,20,16,25
2024-07-08,SKU060,85,49,7,38
2024-07-08,SKU061,30,64,8,63
2024-07-08,SKU062,214,3,7,72
2024-07-08,SKU063,225,86,8,38
2024-07-08,SKU064,298,100,18,72
2024-07-08,SKU065,91,39,21,40
2024-07-08,SKU066,277,7,16,58
2024-07-08,SKU067,205,27,3,29
2024-07-08,SKU068,44,81,9,33
2024-07-08,SKU069,53,86,13,39
2024-07-08,SKU070,80,29,21,71
2024-07-08,SKU071,122,65,14,21
2024-07-08,SKU072,129,58,21,51
2024-07-08,SKU073,25,24,13,39
2024-07-08,SKU074,74,97,14,76
2024-07-08,SKU075,274,41,6,36
2024-07-08,SKU076,26,34,11,39
2024-07-08,SKU077,190,81,9,51
2024-07-08,SKU078,222,7,4,77
2024-07-08,SKU079,230,60,17,78
2024-07-08,SKU080,142,27,3,44
2024-07-08,SKU081,226,46,14,46
2024-07-08,SKU082,113,11,7,44
2024-07-08,SKU083,69,24,17,25
2024-07-08,SKU084,222,38,3,35
2024-07-08,SKU085,99,100,11,55
2024-07-08,SKU086,252,80,9,42
2024-07-08,SKU087,256,3,4,71
2024-07-08,SKU088,38,100,17,24
2024-07-08,SKU089,68,55,21,75
2024-07-08,SKU090,62,57,11,26
2024-07-08,SKU091,244,65,16,69
2024-07-08,SKU092,66,82,11,55
2024-07-08,SKU093,244,93,9,25
2024-07-08,SKU094,165,84,16,71
2024-07-08,SKU095,22,15,4,36
2024-07-08,SKU096,247,46,18,72
2024-07-08,SKU097,206,24,5,71
2024-07-08,SKU098,179,82,10,20
2024-07-08,SKU099,60,60,5,26
2024-07-08,SKU100,40,50,13,52
2024-07-08,SKU101,116,67,14,76
2024-07-08,SKU102,91,57,17,62
2024-07-08,SKU103,93,69,8,78
2024-07-08,SKU104,283,72,18,70
2024-07-08,SKU105,194,64,14,71
2024-07-08,SKU106,189,12,7,66
2024-07-08,SKU107,103,92,11,38
2024-07-08,SKU108,162,66,19,51
2024-07-08,SKU109,49,92,21,33
2024-07-08,SKU110,163,51,17,38
2024-07-08,SKU111,157,64,12,64
2024-07-08,SKU112,243,76,3,58
2024-07-08,SKU113,121,83,15,62
2024-07-08,SKU114,144,49,15,31
2024-07-08,SKU115,51,46,17,67
2024-07-08,SKU116,28,34,8,48
2024-07-08,SKU117,299,57,17,68
2024-07-08,SKU118,80,92,5,31
2024-07-08,SKU119,256,65,5,44
2024-07-08,SKU120,79,25,6,44
2024-07-08,SKU121,277,68,20,26
2024-07-08,SKU122,129,76,21,22
2024-07-08,SKU123,78,87,17,52
2024-07-08,SKU124,211,41,16,44
2024-07-08,SKU125,189,58,8,22
2024-07-08,SKU126,30,57,5,60
2024-07-08,SKU127,101,96,4,52
2024-07-08,SKU128,55,29,10,63
2024-07-08,SKU129,109,36,6,72
2024-07-08,SKU130,97,40,12,56
2024-07-08,SKU131,237,0,6,66
2024-07-08,SKU132,125,30,12,54
2024-07-08,SKU133,207,98,9,45
2024-07-08,SKU134,288,12,21,68
2024-07-08,SKU135,49,74,20,51
2024-07-08,SKU136,254,54,18,38
2024-07-08,SKU137,231,57,5,75
2024-07-08,SKU138,153,97,18,73
2024-07-08,SKU139,66,18,14,74
2024-07-08,SKU140,41,88,21,35
2024-07-08,SKU141,261,7,4,58
2024-07-08,SKU142,74,10,6,46
2024-07-08,SKU143,181,25,18,50
2024-07-08,SKU144,188,36,16,76
2024-07-08,SKU145,108,71,12,22
2024-07-08,SKU146,222,13,15,62
2024-07-08,SKU147,125,93,8,65
2024-07-08,SKU148,277,26,21,75
2024-07-08,SKU149,231,62,17,79
2024-07-08,SKU150,208,87,18,31
2024-07-08,SKU151,295,45,11,21
2024-07-08,SKU152,257,84,6,39
2024-07-08,SKU153,60,71,6,47
2024-07-08,SKU154,101,11,14,77
2024-07-08,SKU155,98,76,10,53
2024-07-08,SKU156,96,28,6,39
2024-07-08,SKU157,52,93,3,38
2024-07-08,SKU158,219,69,17,26
2024-07-08,SKU159,199,98,16,25
2024-07-08,SKU160,93,23,3,75
2024-07-08,SKU161,237,54,17,24
2024-07-08,SKU162,184,47,14,45
2024-07-08,SKU163,194,1,11,62
2024-07-08,SKU164,216,56,15,43
2024-07-08,SKU165,193,4,14,73
2024-07-08,SKU166,243,6,13,64
2024-07-08,SKU167,256,17,9,44
2024-07-08,SKU168,165,61,12,55
2024-07-08,SKU169,144,0,7,56
2024-07-08,SKU170,25,61,16,50
2024-07-08,SKU171,61,89,12,64
2024-07-08,SKU172,243,20,9,40
2024-07-08,SKU173,74,14,19,30
2024-07-08,SKU174,105,21,11,75
2024-07-08,SKU175,299,70,12,70
2024-07-08,SKU176,195,68,6,58
2024-07-08,SKU177,183,86,8,76
2024-07-08,SKU178,247,58,6,74
2024-07-08,SKU179,58,30,5,42
2024-07-08,SKU180,82,92,17,47
2024-07-08,SKU181,266,64,20,29
2024-07-08,SKU182,141,99,14,43
2024-07-08,SKU183,59,28,14,32
2024-07-08,SKU184,110,58,14,57
2024-07-08,SKU185,91,28,14,25
2024-07-08,SKU186,165,5,10,52
2024-07-08,SKU187,51,78,18,71
2024-07-08,SKU188,257,65,13,24
2024-07-08,SKU189,173,84,14,35
2024-07-08,SKU190,276,71,13,31
2024-07-08,SKU191,283,27,19,44
2024-07-08,SKU192,214,32,17,21
2024-07-08,SKU193,280,52,10,46
2024-07-08,SKU194,256,73,11,33
2024-07-08,SKU195,116,72,13,61
2024-07-08,SKU196,195,93,15,37
2024-07-08,SKU197,96,18,10,24
2024-07-08,SKU198,174,37,21,75
2024-07-08,SKU199,41,68,5,49
2024-07-08,SKU200,111,17,14,53
2024-07-15,SKU001,187,80,15,49
2024-07-15,SKU002,40,48,8,25
2024-07-15,SKU003,210,32,11,45
2024-07-15,SKU004,170,98,18,58
2024-07-15,SKU005,258,51,6,54
2024-07-15,SKU006,182,61,12,35
2024-07-15,SKU007,278,55,16,80
2024-07-15,SKU008,85,45,4,30
2024-07-15,SKU009,276,35,13,25
2024-07-15,SKU010,299,82,5,52
2024-07-15,SKU011,194,30,19,24
2024-07-15,SKU012,111,33,10,55
2024-07-15,SKU013,122,11,6,37
2024-07-15,SKU014,74,0,4,58
2024-07-15,SKU015,196,59,19,30
2024-07-15,SKU016,156,95,5,64
2024-07-15,SKU017,260,51,13,64
2024-07-15,SKU018,140,6,11,53
2024-07-15,SKU019,103,58,7,25
2024-07-15,SKU020,192,44,4,68
2024-07-15,SKU021,117,75,16,64
2024-07-15,SKU022,277,91,3,27
2024-07-15,SKU023,55,52,20,29
2024-07-15,SKU024,58,69,17,36
2024-07-15,SKU025,38,49,11,56
2024-07-15,SKU026,99,92,8,22
2024-07-15,SKU027,251,31,14,62
2024-07-15,SKU028,209,50,7,22
2024-07-15,SKU029,87,87,7,57
2024-07-15,SKU030,148,73,12,73
2024-07-15,SKU031,209,12,9,60
2024-07-15,SKU032,56,76,20,71
2024-07-15,SKU033,160,85,19,68
2024-07-15,SKU034,178,96,18,76
2024-07-15,SKU035,41,90,18,24
2024-07-15,SKU036,273,30,3,62
2024-07-15,SKU037,113,10,14,45
2024-07-15,SKU038,35,13,9,67
2024-07-15,SKU039,150,95,18,45
2024-07-15,SKU040,193,78,19,37
2024-07-15,SKU041,199,58,15,30
2024-07-15,SKU042,54,89,4,61
2024-07-15,SKU043,181,20,3,47
2024-07-15,SKU044,294,15,3,79
2024-07-15,SKU045,234,75,16,26
2024-07-15,SKU046,119,70,17,69
2024-07-15,SKU047,144,86,12,34
2024-07-15,SKU048,185,100,18,74
2024-07-15,SKU049,59,89,5,70
2024-07-15,SKU050,30,91,7,67
2024-07-15,SKU051,137,39,17,49
2024-07-15,SKU052,45,35,18,66
2024-07-15,SKU053,89,85,21,23
2024-07-15,SKU054,103,24,19,54
2024-07-15,SKU055,69,83,9,56
2024-07-15,SKU056,130,57,7,56
2024-07-15,SKU057,298,14,20,51
2024-07-15,SKU058,221,31,8,75
2024-07-15,SKU059,96,83,6,74
2024-07-15,SKU060,45,67,5,74
2024-07-15,SKU061,162,33,4,73
2024-07-15,SKU062,129,2,16,78
2024-07-15,SKU063,159,69,8,70
2024-07-15,SKU064,267,97,7,62
2024-07-15,SKU065,61,32,19,38
2024-07-15,SKU066,218,30,12,45
2024-07-15,SKU067,109,57,18,25
2024-07-15,SKU068,150,99,8,42
2024-07-15,SKU069,174,98,15,63
2024-07-15,SKU070,144,29,4,51
2024-07-15,SKU071,84,60,9,78
2024-07-15,SKU072,53,17,13,47
2024-07-15,SKU073,219,49,6,65
2024-07-15,SKU074,166,50,14,45
2024-07-15,SKU075,76,32,8,63
2024-07-15,SKU076,220,53,4,77
2024-07-15,SKU077,180,29,9,67
2024-07-15,SKU078,107,92,3,33
2024-07-15,SKU079,132,92,3,21
2024-07-15,SKU080,292,76,20,59
2024-07-15,SKU081,125,75,15,70
2024-07-15,SKU082,78,42,18,39
2024-07-15,SKU083,168,28,11,28
2024-07-15,SKU084,290,12,6,52
2024-07-15,SKU085,177,51,8,57
2024-07-15,SKU086,278,89,8,20
2024-07-15,SKU087,76,6,18,28
2024-07-15,SKU088,111,84,20,49
2024-07-15,SKU089,79,95,5,46
2024-07-15,SKU090,166,67,19,61
2024-07-15,SKU091,269,70,20,73
2024-07-15,SKU092,139,28,18,34
2024-07-15,SKU093,113,3,8,42
2024-07-15,SKU094,127,42,10,59
2024-07-15,SKU095,232,40,12,20
2024-07-15,SKU096,108,89,17,77
2024-07-15,SKU097,292,52,13,63
2024-07-15,SKU098,233,5,18,37
2024-07-15,SKU099,57,53,20,75
2024-07-15,SKU100,286,10,5,34
2024-07-15,SKU101,166,52,21,53
2024-07-15,SKU102,160,11,20,71
2024-07-15,SKU103,192,47,9,53
2024-07-15,SKU104,137,12,18,41
2024-07-15,SKU105,48,80,3,74
2024-07-15,SKU106,191,52,5,75
2024-07-15,SKU107,152,71,20,21
2024-07-15,SKU108,58,75,9,59
2024-07-15,SKU109,160,25,12,58
2024-07-15,SKU110,142,67,18,78
2024-07-15,SKU111,60,29,11,39
2024-07-15,SKU112,143,72,6,41
2024-07-15,SKU113,128,82,16,51
2024-07-15,SKU114,200,29,14,59
2024-07-15,SKU115,154,55,12,40
2024-07-15,SKU116,264,45,8,65
2024-07-15,SKU117,239,92,8,76
2024-07-15,SKU118,81,96,9,78
2024-07-15,SKU119,128,97,20,62
2024-07-15,SKU120,266,96,15,20
2024-07-15,SKU121,93,1,12,27
2024-07-15,SKU122,185,43,19,35
2024-07-15,SKU123,46,14,6,64
2024-07-15,SKU124,231,37,16,34
2024-07-15,SKU125,83,23,5,67
2024-07-15,SKU126,96,68,10,61
2024-07-15,SKU127,134,92,5,20
2024-07-15,SKU128,45,82,15,71
2024-07-15,SKU129,95,75,13,27
2024-07-15,SKU130,91,81,11,63
2024-07-15,SKU131,26,75,8,60
2024-07-15,SKU132,54,66,4,23
2024-07-15,SKU133,34,74,5,35
2024-07-15,SKU134,86,47,9,24
2024-07-15,SKU135,72,19,21,66
2024-07-15,SKU136,45,88,11,49
2024-07-15,SKU137,106,99,17,66
2024-07-15,SKU138,26,1,10,64
2024-07-15,SKU139,72,100,19,42
2024-07-15,SKU140,57,24,8,43
2024-07-15,SKU141,33,46,10,74
2024-07-15,SKU142,35,28,11,45
2024-07-15,SKU143,192,65,13,43
2024-07-15,SKU144,205,95,3,68
2024-07-15,SKU145,111,36,10,66
2024-07-15,SKU146,242,4,12,26
2024-07-15,SKU147,72,4,10,48
2024-07-15,SKU148,149,5,20,47
2024-07-15,SKU149,45,98,4,38
2024-07-15,SKU150,186,15,7,80
2024-07-15,SKU151,218,90,16,37
2024-07-15,SKU152,265,71,11,39
2024-07-15,SKU153,133,61,15,74
2024-07-15,SKU154,79,4,21,69
2024-07-15,SKU155,96,46,21,37
2024-07-15,SKU156,166,47,8,54
2024-07-15,SKU157,246,75,6,37
2024-07-15,SKU158,287,66,5,62
2024-07-15,SKU159,126,38,6,43
2024-07-15,SKU160,269,92,21,26
2024-07-15,SKU161,91,75,5,31
2024-07-15,SKU162,236,71,11,51
2024-07-15,SKU163,76,49,18,26
2024-07-15,SKU164,57,4,4,48
2024-07-15,SKU165,201,9,21,31
2024-07-15,SKU166,73,68,4,37
2024-07-15,SKU167,142,74,21,47
2024-07-15,SKU168,100,80,18,71
2024-07-15,SKU169,80,57,16,57
2024-07-15,SKU170,120,32,9,27
2024-07-15,SKU171,264,47,7,34
2024-07-15,SKU172,36,25,14,62
2024-07-15,SKU173,98,53,3,31
2024-07-15,SKU174,160,64,16,58
2024-07-15,SKU175,215,52,10,62
2024-07-15,SKU176,197,63,9,68
2024-07-15,SKU177,179,99,16,29
2024-07-15,SKU178,139,23,5,45
2024-07-15,SKU179,290,100,8,38
2024-07-15,SKU180,70,74,17,41
2024-07-15,SKU181,147,27,7,55
2024-07-15,SKU182,162,4,21,80
2024-07-15,SKU183,133,77,11,29
2024-07-15,SKU184,144,46,3,33
2024-07-15,SKU185,137,24,16,40
2024-07-15,SKU186,228,35,5,54
2024-07-15,SKU187,83,49,7,33
2024-07-15,SKU188,22,76,8,48
2024-07-15,SKU189,40,63,19,77
2024-07-15,SKU190,218,68,5,22
2024-07-15,SKU191,25,71,17,30
2024-07-15,SKU192,112,32,7,57
2024-07-15,SKU193,44,48,9,66
2024-07-15,SKU194,234,62,17,34
2024-07-15,SKU195,110,100,10,61
2024-07-15,SKU196,113,81,13,27
2024-07-15,SKU197,83,21,16,69
2024-07-15,SKU198,278,86,9,35
2024-07-15,SKU199,67,56,12,34
2024-07-15,SKU200,42,11,18,24
2024-07-22,SKU001,110,95,8,39
2024-07-22,SKU002,215,97,8,50
2024-07-22,SKU003,80,96,20,27
2024-07-22,SKU004,73,0,4,75
2024-07-22,SKU005,261,12,18,57
2024-07-22,SKU006,65,58,3,50
2024-07-22,SKU007,210,95,10,65
2024-07-22,SKU008,239,71,17,68
2024-07-22,SKU009,31,16,19,66
2024-07-22,SKU010,292,75,18,49
2024-07-22,SKU011,267,77,18,60
2024-07-22,SKU012,226,60,14,69
2024-07-22,SKU013,45,91,13,47
2024-07-22,SKU014,273,41,10,60
2024-07-22,SKU015,209,16,18,38
2024-07-22,SKU016,193,0,9,44
2024-07-22,SKU017,129,90,13,32
2024-07-22,SKU018,113,37,9,55
2024-07-22,SKU019,153,40,17,27
2024-07-22,SKU020,68,49,9,50
2024-07-22,SKU021,48,82,10,56
2024-07-22,SKU022,198,32,19,32
2024-07-22,SKU023,110,81,12,56
2024-07-22,SKU024,97,26,16,48
2024-07-22,SKU025,24,68,8,26
2024-07-22,SKU026,56,23,17,29
2024-07-22,SKU027,124,73,11,27
2024-07-22,SKU028,173,48,7,48
2024-07-22,SKU029,228,5,8,55
2024-07-22,SKU030,20,87,12,32
2024-07-22,SKU031,30,50,15,69
2024-07-22,SKU032,140,65,5,51
2024-07-22,SKU033,253,69,5,50
2024-07-22,SKU034,30,26,5,36
2024-07-22,SKU035,205,97,5,52
2024-07-22,SKU036,64,54,20,46
2024-07-22,SKU037,265,87,15,51
2024-07-22,SKU038,64,94,10,28
2024-07-22,SKU039,201,51,8,70
2024-07-22,SKU040,94,88,19,57
2024-07-22,SKU041,88,30,18,24
2024-07-22,SKU042,40,50,3,34
2024-07-22,SKU043,168,76,8,75
2024-07-22,SKU044,181,70,9,70
2024-07-22,SKU045,82,66,3,51
2024-07-22,SKU046,139,17,4,79
2024-07-22,SKU047,35,82,17,25
2024-07-22,SKU048,148,67,20,77
2024-07-22,SKU049,177,95,16,47
2024-07-22,SKU050,31,54,5,71
2024-07-22,SKU051,102,34,3,41
2024-07-22,SKU052,227,64,17,44
2024-07-22,SKU053,33,78,11,50
2024-07-22,SKU054,177,20,9,62
2024-07-22,SKU055,22,48,14,36
2024-07-22,SKU056,231,28,21,44
2024-07-22,SKU057,26,87,18,56
2024-07-22,SKU058,195,19,14,77
2024-07-22,SKU059,202,23,5,39
2024-07-22,SKU060,104,95,17,52
2024-07-22,SKU061,207,15,7,40
2024-07-22,SKU062,21,5,18,79
2024-07-22,SKU063,79,5,18,30
2024-07-22,SKU064,281,32,5,51
2024-07-22,SKU065,137,49,7,75
2024-07-22,SKU066,277,6,13,33
2024-07-22,SKU067,92,38,9,52
2024-07-22,SKU068,41,6,12,45
2024-07-22,SKU069,24,61,14,60
2024-07-22,SKU070,275,12,21,45
2024-07-22,SKU071,297,53,6,48
2024-07-22,SKU072,232,90,17,22
2024-07-22,SKU073,162,29,6,72
2024-07-22,SKU074,128,17,12,70
2024-07-22,SKU075,238,63,15,73
2024-07-22,SKU076,186,64,5,70
2024-07-22,SKU077,258,74,21,38
2024-07-22,SKU078,276,74,13,36
2024-07-22,SKU079,196,80,12,77
2024-07-22,SKU080,286,58,7,66
2024-07-22,SKU081,189,28,5,39
2024-07-22,SKU082,58,87,5,28
2024-07-22,SKU083,163,57,20,55
2024-07-22,SKU084,249,34,21,43
2024-07-22,SKU085,288,49,17,28
2024-07-22,SKU086,124,61,19,24
2024-07-22,SKU087,69,36,5,63
2024-07-22,SKU088,71,11,14,27
2024-07-22,SKU089,283,35,4,44
2024-07-22,SKU090,126,41,4,60
2024-07-22,SKU091,278,60,20,77
2024-07-22,SKU092,235,93,20,48
2024-07-22,SKU093,285,92,16,52
2024-07-22,SKU094,198,28,14,40
2024-07-22,SKU095,192,62,3,80
2024-07-22,SKU096,180,76,10,32
2024-07-22,SKU097,120,1,21,32
2024-07-22,SKU098,233,58,16,21
2024-07-22,SKU099,248,69,10,47
2024-07-22,SKU100,110,78,12,21
2024-07-22,SKU101,118,51,20,61
2024-07-22,SKU102,131,38,15,62
2024-07-22,SKU103,72,52,7,48
2024-07-22,SKU104,135,86,4,55
2024-07-22,SKU105,123,87,5,78
2024-07-22,SKU106,101,82,3,69
2024-07-22,SKU107,227,62,5,78
2024-07-22,SKU108,154,45,7,48
2024-07-22,SKU109,136,16,16,74
2024-07-22,SKU110,73,78,11,25
2024-07-22,SKU111,60,88,7,35
2024-07-22,SKU112,241,25,11,52
2024-07-22,SKU113,127,36,13,70
2024-07-22,SKU114,97,61,4,75
2024-07-22,SKU115,235,19,11,76
2024-07-22,SKU116,145,87,10,45
2024-07-22,SKU117,196,30,9,35
2024-07-22,SKU118,27,86,8,58
2024-07-22,SKU119,225,47,5,39
2024-07-22,SKU120,240,23,6,34
2024-07-22,SKU121,137,49,8,27
2024-07-22,SKU122,232,97,21,42
2024-07-22,SKU123,287,47,13,61
2024-07-22,SKU124,222,29,21,68
2024-07-22,SKU125,27,100,10,60
2024-07-22,SKU126,125,93,12,52
2024-07-22,SKU127,98,52,11,41
2024-07-22,SKU128,110,35,3,71
2024-07-22,SKU129,33,43,18,73
2024-07-22,SKU130,129,89,14,51
2024-07-22,SKU131,129,92,18,56
2024-07-22,SKU132,186,16,17,21
2024-07-22,SKU133,257,79,13,24
2024-07-22,SKU134,184,21,17,23
2024-07-22,SKU135,280,21,10,53
2024-07-22,SKU136,26,58,18,32
2024-07-22,SKU137,207,71,11,66
2024-07-22,SKU138,232,81,18,50
2024-07-22,SKU139,204,59,15,75
2024-07-22,SKU140,38,96,6,53
2024-07-22,SKU141,228,85,18,55
2024-07-22,SKU142,110,86,16,41
2024-07-22,SKU143,57,47,3,77
2024-07-22,SKU144,202,65,10,42
2024-07-22,SKU145,50,74,10,59
2024-07-22,SKU146,258,96,6,26
2024-07-22,SKU147,163,57,17,46
2024-07-22,SKU148,239,66,12,41
2024-07-22,SKU149,152,85,8,51
2024-07-22,SKU150,259,17,8,25
2024-07-22,SKU151,151,34,12,70
2024-07-22,SKU152,124,69,18,75
2024-07-22,SKU153,176,62,13,62
2024-07-22,SKU154,65,49,8,42
2024-07-22,SKU155,176,59,6,72
2024-07-22,SKU156,94,74,9,28
2024-07-22,SKU157,294,79,21,57
2024-07-22,SKU158,298,82,6,39
2024-07-22,SKU159,196,88,8,58
2024-07-22,SKU160,92,35,18,26
2024-07-22,SKU161,222,0,12,27
2024-07-22,SKU162,251,53,19,67
2024-07-22,SKU163,168,13,13,24
2024-07-22,SKU164,249,5,3,21
2024-07-22,SKU165,233,78,15,64
2024-07-22,SKU166,100,54,19,41
2024-07-22,SKU167,197,2,19,68
2024-07-22,SKU168,177,39,5,71
2024-07-22,SKU169,24,14,16,51
2024-07-22,SKU170,105,20,7,25
2024-07-22,SKU171,238,55,13,38
2024-07-22,SKU172,288,59,19,45
2024-07-22,SKU173,159,80,15,41
2024-07-22,SKU174,297,10,14,59
2024-07-22,SKU175,217,50,20,38
2024-07-22,SKU176,100,58,3,76
2024-07-22,SKU177,209,49,8,30
2024-07-22,SKU178,183,38,17,22
2024-07-22,SKU179,251,97,14,56
2024-07-22,SKU180,276,29,13,28
2024-07-22,SKU181,183,59,20,57
2024-07-22,SKU182,25,51,16,62
2024-07-22,SKU183,107,42,21,79
2024-07-22,SKU184,189,66,7,73
2024-07-22,SKU185,64,97,11,33
2024-07-22,SKU186,42,64,16,44
2024-07-22,SKU187,134,38,5,51
2024-07-22,SKU188,160,96,7,49
2024-07-22,SKU189,271,74,8,42
2024-07-22,SKU190,72,78,20,78
2024-07-22,SKU191,231,90,8,80
2024-07-22,SKU192,257,71,16,75
2024-07-22,SKU193,110,75,5,72
2024-07-22,SKU194,188,69,5,38
2024-07-22,SKU195,273,38,13,72
2024-07-22,SKU196,255,31,18,36
2024-07-22,SKU197,165,20,17,42
2024-07-22,SKU198,56,26,6,70
2024-07-22,SKU199,36,12,3,74
2024-07-22,SKU200,77,7,3,50
2024-08-01,SKU001,241,30,20,56
2024-08-01,SKU002,166,87,11,57
2024-08-01,SKU003,177,14,10,61
2024-08-01,SKU004,20,22,12,74
2024-08-01,SKU005,124,59,7,76
2024-08-01,SKU006,237,12,8,61
2024-08-01,SKU007,289,17,8,50
2024-08-01,SKU008,185,27,8,65
2024-08-01,SKU009,231,90,8,45
2024-08-01,SKU010,52,23,4,70
2024-08-01,SKU011,186,55,21,23
2024-08-01,SKU012,247,50,12,49
2024-08-01,SKU013,218,84,17,28
2024-08-01,SKU014,100,39,14,39
2024-08-01,SKU015,286,39,15,47
2024-08-01,SKU016,118,2,20,39
2024-08-01,SKU017,276,28,4,63
2024-08-01,SKU018,66,25,7,25
2024-08-01,SKU019,157,18,9,35
2024-08-01,SKU020,155,43,10,64
2024-08-01,SKU021,268,46,3,29
2024-08-01,SKU022,71,79,3,35
2024-08-01,SKU023,95,33,11,26
2024-08-01,SKU024,141,29,7,70
2024-08-01,SKU025,111,33,13,50
2024-08-01,SKU026,267,71,9,33
2024-08-01,SKU027,268,75,10,50
2024-08-01,SKU028,21,68,15,32
2024-08-01,SKU029,282,94,7,57
2024-08-01,SKU030,297,69,14,80
2024-08-01,SKU031,88,36,21,76
2024-08-01,SKU032,223,58,8,25
2024-08-01,SKU033,61,12,9,80
2024-08-01,SKU034,109,0,20,26
2024-08-01,SKU035,185,32,7,45
2024-08-01,SKU036,201,2,3,73
2024-08-01,SKU037,57,79,16,52
2024-08-01,SKU038,175,54,20,80
2024-08-01,SKU039,264,29,17,68
2024-08-01,SKU040,190,54,5,46
2024-08-01,SKU041,82,39,9,65
2024-08-01,SKU042,257,83,14,36
2024-08-01,SKU043,257,35,3,27
2024-08-01,SKU044,176,6,14,61
2024-08-01,SKU045,88,43,11,34
2024-08-01,SKU046,99,50,10,43
2024-08-01,SKU047,46,96,8,47
2024-08-01,SKU048,125,51,21,23
2024-08-01,SKU049,142,48,20,74
2024-08-01,SKU050,44,58,18,73
2024-08-01,SKU051,216,30,3,68
2024-08-01,SKU052,135,22,18,27
2024-08-01,SKU053,288,90,11,33
2024-08-01,SKU054,298,92,10,29
2024-08-01,SKU055,253,44,3,63
2024-08-01,SKU056,246,83,4,55
2024-08-01,SKU057,230,2,12,38
2024-08-01,SKU058,104,79,17,45
2024-08-01,SKU059,22,27,11,47
2024-08-01,SKU060,71,84,5,51
2024-08-01,SKU061,144,69,15,33
2024-08-01,SKU062,199,43,16,77
2024-08-01,SKU063,123,12,14,40
2024-08-01,SKU064,117,3,12,24
2024-08-01,SKU065,286,49,5,69
2024-08-01,SKU066,34,61,15,49
2024-08-01,SKU067,111,65,4,59
2024-08-01,SKU068,191,6,11,71
2024-08-01,SKU069,137,57,5,24
2024-08-01,SKU070,94,75,4,65
2024-08-01,SKU071,212,30,6,37
2024-08-01,SKU072,255,72,5,39
2024-08-01,SKU073,137,74,11,29
2024-08-01,SKU074,190,94,18,51
2024-08-01,SKU075,199,11,9,53
2024-08-01,SKU076,111,86,12,38
2024-08-01,SKU077,174,20,10,36
2024-08-01,SKU078,186,33,16,30
2024-08-01,SKU079,232,86,16,43
2024-08-01,SKU080,260,40,12,20
2024-08-01,SKU081,66,59,8,22
2024-08-01,SKU082,178,36,3,35
2024-08-01,SKU083,44,19,3,40
2024-08-01,SKU084,201,77,12,77
2024-08-01,SKU085,90,14,12,26
2024-08-01,SKU086,25,53,18,63
2024-08-01,SKU087,151,28,9,28
2024-08-01,SKU088,49,28,6,60
2024-08-01,SKU089,24,99,3,66
2024-08-01,SKU090,221,82,13,29
2024-08-01,SKU091,118,19,5,26
2024-08-01,SKU092,137,20,10,20
2024-08-01,SKU093,165,94,8,39
2024-08-01,SKU094,177,92,5,37
2024-08-01,SKU095,72,57,6,51
2024-08-01,SKU096,115,80,9,35
2024-08-01,SKU097,135,78,21,28
2024-08-01,SKU098,209,25,14,79
2024-08-01,SKU099,73,50,6,72
2024-08-01,SKU100,105,2,9,46
2024-08-01,SKU101,204,71,11,27
2024-08-01,SKU102,48,58,14,28
2024-08-01,SKU103,287,79,5,66
2024-08-01,SKU104,53,82,16,69
2024-08-01,SKU105,95,51,6,72
2024-08-01,SKU106,76,61,5,62
2024-08-01,SKU107,132,17,8,65
2024-08-01,SKU108,119,25,5,47
2024-08-01,SKU109,277,69,19,43
2024-08-01,SKU110,81,86,6,45
2024-08-01,SKU111,123,18,17,26
2024-08-01,SKU112,207,38,7,73
2024-08-01,SKU113,264,52,13,27
2024-08-01,SKU114,220,99,4,33
2024-08-01,SKU115,202,3,4,52
2024-08-01,SKU116,225,73,18,39
2024-08-01,SKU117,172,55,7,43
2024-08-01,SKU118,242,41,9,28
2024-08-01,SKU119,36,27,19,37
2024-08-01,SKU120,130,85,13,37
2024-08-01,SKU121,29,72,17,37
2024-08-01,SKU122,140,36,12,25
2024-08-01,SKU123,255,69,19,67
2024-08-01,SKU124,27,6,18,24
2024-08-01,SKU125,114,8,3,74
2024-08-01,SKU126,251,13,11,73
2024-08-01,SKU127,59,97,20,29
2024-08-01,SKU128,125,68,16,62
2024-08-01,SKU129,40,92,11,29
2024-08-01,SKU130,49,8,21,23
2024-08-01,SKU131,31,53,13,67
2024-08-01,SKU132,174,63,10,58
2024-08-01,SKU133,176,7,15,25
2024-08-01,SKU134,242,38,19,80
2024-08-01,SKU135,77,65,19,57
2024-08-01,SKU136,276,95,17,37
2024-08-01,SKU137,135,13,13,50
2024-08-01,SKU138,252,84,8,32
2024-08-01,SKU139,203,17,5,32
2024-08-01,SKU140,110,76,5,22
2024-08-01,SKU141,226,51,12,50
2024-08-01,SKU142,190,79,10,67
2024-08-01,SKU143,251,60,18,42
2024-08-01,SKU144,253,24,4,43
2024-08-01,SKU145,218,98,7,78
2024-08-01,SKU146,58,88,3,76
2024-08-01,SKU147,149,61,18,26
2024-08-01,SKU148,239,86,18,77
2024-08-01,SKU149,105,52,10,35
2024-08-01,SKU150,90,99,12,54
2024-08-01,SKU151,102,62,7,27
2024-08-01,SKU152,37,42,19,45
2024-08-01,SKU153,296,24,4,52
2024-08-01,SKU154,85,50,4,26
2024-08-01,SKU155,196,44,14,78
2024-08-01,SKU156,37,11,14,64
2024-08-01,SKU157,185,97,9,52
2024-08-01,SKU158,180,26,6,77
2024-08-01,SKU159,118,38,19,44
2024-08-01,SKU160,177,91,18,62
2024-08-01,SKU161,213,92,15,63
2024-08-01,SKU162,144,35,6,48
2024-08-01,SKU163,114,13,5,41
2024-08-01,SKU164,293,56,8,80
2024-08-01,SKU165,22,1,20,72
2024-08-01,SKU166,242,64,17,30
2024-08-01,SKU167,222,32,6,58
2024-08-01,SKU168,153,15,21,49
2024-08-01,SKU169,177,27,16,62
2024-08-01,SKU170,109,57,5,68
2024-08-01,SKU171,97,9,10,79
2024-08-01,SKU172,262,13,12,43
2024-08-01,SKU173,65,78,9,29
2024-08-01,SKU174,114,58,21,52
2024-08-01,SKU175,180,74,12,24
2024-08-01,SKU176,227,51,5,30
2024-08-01,SKU177,54,90,13,62
2024-08-01,SKU178,230,75,6,22
2024-08-01,SKU179,191,12,5,59
2024-08-01,SKU180,246,54,16,78
2024-08-01,SKU181,163,78,15,50
2024-08-01,SKU182,81,96,5,56
2024-08-01,SKU183,233,9,12,22
2024-08-01,SKU184,45,38,13,76
2024-08-01,SKU185,215,64,5,41
2024-08-01,SKU186,246,81,12,68
2024-08-01,SKU187,137,82,15,49
2024-08-01,SKU188,77,42,7,53
2024-08-01,SKU189,125,82,7,47
2024-08-01,SKU190,165,91,8,47
2024-08-01,SKU191,98,23,15,77
2024-08-01,SKU192,233,38,3,22
2024-08-01,SKU193,55,33,6,50
2024-08-01,SKU194,226,22,14,47
2024-08-01,SKU195,118,19,3,25
2024-08-01,SKU196,28,8,21,22
2024-08-01,SKU197,161,42,15,51
2024-08-01,SKU198,218,46,21,29
2024-08-01,SKU199,223,51,18,26
2024-08-01,SKU200,158,95,15,32
2024-08-08,SKU001,265,57,16,27
2024-08-08,SKU002,243,11,14,23
2024-08-08,SKU003,127,14,14,65
2024-08-08,SKU004,106,92,6,75
2024-08-08,SKU005,271,18,11,68
2024-08-08,SKU006,211,49,17,60
2024-08-08,SKU007,78,96,3,44
2024-08-08,SKU008,71,45,4,69
2024-08-08,SKU009,280,79,7,65
2024-08-08,SKU010,74,59,19,70
2024-08-08,SKU011,29,56,4,61
2024-08-08,SKU012,70,49,4,36
2024-08-08,SKU013,161,39,18,36
2024-08-08,SKU014,235,11,3,55
2024-08-08,SKU015,97,67,3,53
2024-08-08,SKU016,61,3,7,47
2024-08-08,SKU017,106,84,15,66
2024-08-08,SKU018,231,78,21,29
2024-08-08,SKU019,196,3,10,56
2024-08-08,SKU020,293,98,7,20
2024-08-08,SKU021,24,23,19,39
2024-08-08,SKU022,170,30,5,70
2024-08-08,SKU023,142,95,7,22
2024-08-08,SKU024,172,59,6,32
2024-08-08,SKU025,110,35,10,58
2024-08-08,SKU026,137,94,15,35
2024-08-08,SKU027,228,38,18,47
2024-08-08,SKU028,92,57,3,68
2024-08-08,SKU029,224,6,11,67
2024-08-08,SKU030,89,82,14,44
2024-08-08,SKU031,53,21,3,37
2024-08-08,SKU032,273,11,17,47
2024-08-08,SKU033,245,3,9,34
2024-08-08,SKU034,172,32,13,39
2024-08-08,SKU035,43,20,9,50
2024-08-08,SKU036,100,85,9,70
2024-08-08,SKU037,252,19,20,28
2024-08-08,SKU038,57,84,20,20
2024-08-08,SKU039,70,77,11,29
2024-08-08,SKU040,259,68,8,47
2024-08-08,SKU041,135,71,6,66
2024-08-08,SKU042,210,19,7,71
2024-08-08,SKU043,284,70,8,73
2024-08-08,SKU044,22,35,18,50
2024-08-08,SKU045,222,26,19,23
2024-08-08,SKU046,82,28,15,69
2024-08-08,SKU047,286,32,16,43
2024-08-08,SKU048,283,100,11,27
2024-08-08,SKU049,50,50,7,30
2024-08-08,SKU050,254,49,11,25
2024-08-08,SKU051,65,13,21,75
2024-08-08,SKU052,50,69,17,53
2024-08-08,SKU053,79,86,10,48
2024-08-08,SKU054,75,50,3,56
2024-08-08,SKU055,264,93,10,66
2024-08-08,SKU056,40,47,6,24
2024-08-08,SKU057,178,75,15,78
2024-08-08,SKU058,24,59,19,33
2024-08-08,SKU059,233,84,5,74
2024-08-08,SKU060,293,40,21,40
2024-08-08,SKU061,249,91,19,68
2024-08-08,SKU062,111,12,11,72
2024-08-08,SKU063,74,18,18,39
2024-08-08,SKU064,97,45,17,27
2024-08-08,SKU065,159,68,10,76
2024-08-08,SKU066,30,42,4,75
2024-08-08,SKU067,157,34,14,68
2024-08-08,SKU068,230,51,18,79
2024-08-08,SKU069,146,78,12,61
2024-08-08,SKU070,63,95,18,51
2024-08-08,SKU071,27,29,5,28
2024-08-08,SKU072,265,18,18,25
2024-08-08,SKU073,46,53,18,58
2024-08-08,SKU074,196,12,18,55
2024-08-08,SKU075,272,15,7,78
2024-08-08,SKU076,201,66,3,25
2024-08-08,SKU077,37,6,17,56
2024-08-08,SKU078,73,38,14,44
2024-08-08,SKU079,214,56,15,52
2024-08-08,SKU080,160,96,14,69
2024-08-08,SKU081,141,71,6,26
2024-08-08,SKU082,207,74,14,63
2024-08-08,SKU083,249,98,16,77
2024-08-08,SKU084,248,20,6,22
2024-08-08,SKU085,73,13,21,47
2024-08-08,SKU086,95,2,16,43
2024-08-08,SKU087,26,76,20,75
2024-08-08,SKU088,261,12,7,62
2024-08-08,SKU089,276,64,11,59
2024-08-08,SKU090,222,33,4,41
2024-08-08,SKU091,155,24,6,42
2024-08-08,SKU092,21,49,19,58
2024-08-08,SKU093,170,94,16,38
2024-08-08,SKU094,63,62,18,33
2024-08-08,SKU095,77,85,16,35
2024-08-08,SKU096,43,52,7,79
2024-08-08,SKU097,248,38,10,29
2024-08-08,SKU098,95,95,7,21
2024-08-08,SKU099,55,95,11,42
2024-08-08,SKU100,125,54,11,41
2024-08-08,SKU101,55,16,13,39
2024-08-08,SKU102,124,50,12,80
2024-08-08,SKU103,148,83,11,55
2024-08-08,SKU104,81,17,12,48
2024-08-08,SKU105,200,31,4,79
2024-08-08,SKU106,90,1,21,62
2024-08-08,SKU107,88,50,12,36
2024-08-08,SKU108,259,49,3,25
2024-08-08,SKU109,72,0,12,68
2024-08-08,SKU110,236,97,11,72
2024-08-08,SKU111,269,17,3,30
2024-08-08,SKU112,25,61,13,67
2024-08-08,SKU113,194,79,6,36
2024-08-08,SKU114,284,58,9,31
2024-08-08,SKU115,113,77,6,64
2024-08-08,SKU116,223,41,7,23
2024-08-08,SKU117,32,94,4,36
2024-08-08,SKU118,51,58,16,66
2024-08-08,SKU119,239,62,3,36
2024-08-08,SKU120,99,49,11,72
2024-08-08,SKU121,264,6,14,47
2024-08-08,SKU122,280,0,15,45
2024-08-08,SKU123,163,80,3,22
2024-08-08,SKU124,100,100,6,78
2024-08-08,SKU125,224,98,12,31
2024-08-08,SKU126,128,53,12,65
2024-08-08,SKU127,209,46,15,29
2024-08-08,SKU128,202,33,7,30
2024-08-08,SKU129,222,45,3,46
2024-08-08,SKU130,133,4,12,36
2024-08-08,SKU131,67,51,17,79
2024-08-08,SKU132,108,66,12,57
2024-08-08,SKU133,177,43,9,70
2024-08-08,SKU134,205,82,7,60
2024-08-08,SKU135,188,52,6,22
2024-08-08,SKU136,139,48,6,65
2024-08-08,SKU137,227,86,7,52
2024-08-08,SKU138,300,97,17,42
2024-08-08,SKU139,38,84,19,73
2024-08-08,SKU140,240,45,4,46
2024-08-08,SKU141,110,75,19,40
2024-08-08,SKU142,91,26,7,71
2024-08-08,SKU143,270,47,3,71
2024-08-08,SKU144,89,75,6,20
2024-08-08,SKU145,221,77,18,36
2024-08-08,SKU146,144,52,12,56
2024-08-08,SKU147,218,59,18,74
2024-08-08,SKU148,125,10,13,80
2024-08-08,SKU149,235,69,9,29
2024-08-08,SKU150,178,4,20,29
2024-08-08,SKU151,57,70,5,32
2024-08-08,SKU152,80,41,5,43
2024-08-08,SKU153,79,98,21,37
2024-08-08,SKU154,274,39,7,71
2024-08-08,SKU155,289,66,6,22
2024-08-08,SKU156,40,52,10,57
2024-08-08,SKU157,137,76,8,23
2024-08-08,SKU158,64,21,18,50
2024-08-08,SKU159,231,97,4,29
2024-08-08,SKU160,127,33,10,63
2024-08-08,SKU161,65,44,17,41
2024-08-08,SKU162,160,44,5,25
2024-08-08,SKU163,136,34,9,44
2024-08-08,SKU164,46,90,15,20
2024-08-08,SKU165,269,60,6,33
2024-08-08,SKU166,55,29,5,36
2024-08-08,SKU167,122,60,16,33
2024-08-08,SKU168,84,42,16,67
2024-08-08,SKU169,134,96,10,72
2024-08-08,SKU170,251,94,7,61
2024-08-08,SKU171,189,93,8,72
2024-08-08,SKU172,222,54,17,42
2024-08-08,SKU173,23,26,5,40
2024-08-08,SKU174,60,1,10,22
2024-08-08,SKU175,21,95,18,46
2024-08-08,SKU176,246,19,4,70
2024-08-08,SKU177,41,2,17,32
2024-08-08,SKU178,92,63,8,35
2024-08-08,SKU179,158,16,3,33
2024-08-08,SKU180,25,79,13,60
2024-08-08,SKU181,61,17,12,49
2024-08-08,SKU182,150,11,8,50
2024-08-08,SKU183,192,89,11,35
2024-08-08,SKU184,224,47,11,31
2024-08-08,SKU185,227,75,21,52
2024-08-08,SKU186,148,43,3,77
2024-08-08,SKU187,129,59,10,60
2024-08-08,SKU188,246,54,20,56
2024-08-08,SKU189,198,54,3,56
2024-08-08,SKU190,112,37,18,36
2024-08-08,SKU191,40,13,3,23
2024-08-08,SKU192,161,23,8,20
2024-08-08,SKU193,92,15,13,52
2024-08-08,SKU194,210,98,10,46
2024-08-08,SKU195,190,33,11,33
2024-08-08,SKU196,189,73,8,75
2024-08-08,SKU197,212,45,10,59
2024-08-08,SKU198,244,93,16,38
2024-08-08,SKU199,92,17,10,75
2024-08-08,SKU200,160,13,18,36
2024-08-15,SKU001,54,62,17,50
2024-08-15,SKU002,241,78,13,47
2024-08-15,SKU003,161,93,11,64
2024-08-15,SKU004,267,85,9,72
2024-08-15,SKU005,247,3,15,34
2024-08-15,SKU006,210,49,16,22
2024-08-15,SKU007,230,83,11,23
2024-08-15,SKU008,153,14,14,33
2024-08-15,SKU009,239,45,3,38
2024-08-15,SKU010,31,60,6,43
2024-08-15,SKU011,175,20,13,66
2024-08-15,SKU012,52,64,17,27
2024-08-15,SKU013,169,76,17,49
2024-08-15,SKU014,265,75,7,57
2024-08-15,SKU015,214,9,10,79
2024-08-15,SKU016,65,30,18,25
2024-08-15,SKU017,46,98,21,72
2024-08-15,SKU018,81,7,18,40
2024-08-15,SKU019,213,81,7,37
2024-08-15,SKU020,108,59,14,22
2024-08-15,SKU021,103,37,21,78
2024-08-15,SKU022,294,61,4,29
2024-08-15,SKU023,21,65,13,53
2024-08-15,SKU024,87,56,9,37
2024-08-15,SKU025,232,40,16,39
2024-08-15,SKU026,61,19,8,25
2024-08-15,SKU027,227,44,9,34
2024-08-15,SKU028,230,25,4,59
2024-08-15,SKU029,191,62,19,41
2024-08-15,SKU030,151,99,6,35
2024-08-15,SKU031,285,66,18,22
2024-08-15,SKU032,127,5,13,63
2024-08-15,SKU033,132,81,9,34
2024-08-15,SKU034,83,95,7,67
2024-08-15,SKU035,67,1,12,57
2024-08-15,SKU036,178,1,10,28
2024-08-15,SKU037,162,69,3,23
2024-08-15,SKU038,188,50,8,62
2024-08-15,SKU039,197,95,16,25
2024-08-15,SKU040,100,2,18,33
2024-08-15,SKU041,118,22,5,71
2024-08-15,SKU042,253,34,3,79
2024-08-15,SKU043,230,96,13,48
2024-08-15,SKU044,195,53,6,45
2024-08-15,SKU045,273,27,7,31
2024-08-15,SKU046,254,93,6,64
2024-08-15,SKU047,186,39,19,39
2024-08-15,SKU048,78,8,9,64
2024-08-15,SKU049,26,17,10,35
2024-08-15,SKU050,95,77,14,70
2024-08-15,SKU051,98,87,18,55
2024-08-15,SKU052,283,90,6,59
2024-08-15,SKU053,70,15,13,40
2024-08-15,SKU054,73,77,7,79
2024-08-15,SKU055,196,6,21,76
2024-08-15,SKU056,69,62,6,43
2024-08-15,SKU057,230,56,21,40
2024-08-15,SKU058,68,57,10,42
2024-08-15,SKU059,108,59,7,43
2024-08-15,SKU060,260,88,9,75
2024-08-15,SKU061,73,3,4,59
2024-08-15,SKU062,183,41,4,33
2024-08-15,SKU063,167,78,3,30
2024-08-15,SKU064,276,0,13,46
2024-08-15,SKU065,245,25,16,29
2024-08-15,SKU066,239,12,18,25
2024-08-15,SKU067,118,9,13,75
2024-08-15,SKU068,78,54,15,39
2024-08-15,SKU069,31,49,11,25
2024-08-15,SKU070,121,26,16,50
2024-08-15,SKU071,255,23,18,64
2024-08-15,SKU072,165,27,14,80
2024-08-15,SKU073,59,10,10,61
2024-08-15,SKU074,83,72,3,64
2024-08-15,SKU075,237,19,11,39
2024-08-15,SKU076,20,35,10,61
2024-08-15,SKU077,253,28,20,26
2024-08-15,SKU078,272,82,19,35
2024-08-15,SKU079,258,23,17,60
2024-08-15,SKU080,47,36,11,51
2024-08-15,SKU081,92,83,6,21
2024-08-15,SKU082,60,34,9,55
2024-08-15,SKU083,26,3,20,57
2024-08-15,SKU084,28,90,15,72
2024-08-15,SKU085,231,0,16,72
2024-08-15,SKU086,200,63,3,53
2024-08-15,SKU087,289,32,6,64
2024-08-15,SKU088,118,82,15,26
2024-08-15,SKU089,46,45,3,29
2024-08-15,SKU090,290,2,7,37
2024-08-15,SKU091,40,12,21,41
2024-08-15,SKU092,82,41,19,59
2024-08-15,SKU093,80,76,11,80
2024-08-15,SKU094,231,60,21,44
2024-08-15,SKU095,183,7,16,33
2024-08-15,SKU096,272,94,20,57
2024-08-15,SKU097,197,96,8,41
2024-08-15,SKU098,88,98,18,44
2024-08-15,SKU099,273,20,5,71
2024-08-15,SKU100,29,50,14,37
2024-08-15,SKU101,139,55,8,68
2024-08-15,SKU102,164,60,9,37
2024-08-15,SKU103,190,3,11,77
2024-08-15,SKU104,81,7,10,31
2024-08-15,SKU105,120,33,7,72
2024-08-15,SKU106,135,27,14,43
2024-08-15,SKU107,67,72,17,47
2024-08-15,SKU108,266,29,14,64
2024-08-15,SKU109,42,30,13,68
2024-08-15,SKU110,281,10,13,43
2024-08-15,SKU111,120,42,12,61
2024-08-15,SKU112,198,65,17,48
2024-08-15,SKU113,62,7,11,38
2024-08-15,SKU114,252,72,20,73
2024-08-15,SKU115,191,72,7,31
2024-08-15,SKU116,199,96,14,43
2024-08-15,SKU117,120,16,21,23
2024-08-15,SKU118,298,87,21,64
2024-08-15,SKU119,215,49,3,69
2024-08-15,SKU120,83,20,13,55
2024-08-15,SKU121,56,55,3,40
2024-08-15,SKU122,203,81,11,43
2024-08-15,SKU123,257,34,15,40
2024-08-15,SKU124,193,93,20,54
2024-08-15,SKU125,216,58,21,49
2024-08-15,SKU126,280,59,21,73
2024-08-15,SKU127,202,73,9,37
2024-08-15,SKU128,111,5,17,72
2024-08-15,SKU129,283,18,11,59
2024-08-15,SKU130,49,38,9,38
2024-08-15,SKU131,126,40,4,31
2024-08-15,SKU132,106,68,3,56
2024-08-15,SKU133,238,33,5,53
2024-08-15,SKU134,234,30,15,48
2024-08-15,SKU135,124,56,17,56
2024-08-15,SKU136,121,44,12,54
2024-08-15,SKU137,147,2,18,21
2024-08-15,SKU138,24,80,3,76
2024-08-15,SKU139,175,76,6,31
2024-08-15,SKU140,156,14,7,60
2024-08-15,SKU141,288,6,11,75
2024-08-15,SKU142,188,59,19,69
2024-08-15,SKU143,146,15,15,57
2024-08-15,SKU144,256,73,7,30
2024-08-15,SKU145,146,0,18,41
2024-08-15,SKU146,98,55,13,80
2024-08-15,SKU147,279,17,7,61
2024-08-15,SKU148,286,5,16,65
2024-08-15,SKU149,165,87,8,21
2024-08-15,SKU150,179,24,10,73
2024-08-15,SKU151,242,19,7,26
2024-08-15,SKU152,161,78,12,22
2024-08-15,SKU153,241,75,20,72
2024-08-15,SKU154,284,28,14,28
2024-08-15,SKU155,24,3,17,54
2024-08-15,SKU156,214,66,18,72
2024-08-15,SKU157,112,4,10,30
2024-08-15,SKU158,68,35,10,63
2024-08-15,SKU159,204,80,13,75
2024-08-15,SKU160,195,9,20,28
2024-08-15,SKU161,85,8,16,77
2024-08-15,SKU162,275,22,15,77
2024-08-15,SKU163,119,85,7,70
2024-08-15,SKU164,184,7,9,30
2024-08-15,SKU165,180,3,18,31
2024-08-15,SKU166,269,9,19,22
2024-08-15,SKU167,290,32,16,61
2024-08-15,SKU168,271,76,9,59
2024-08-15,SKU169,295,98,7,73
2024-08-15,SKU170,291,91,4,30
2024-08-15,SKU171,188,53,7,73
2024-08-15,SKU172,224,16,10,65
2024-08-15,SKU173,246,50,8,80
2024-08-15,SKU174,212,41,13,53
2024-08-15,SKU175,62,63,12,64
2024-08-15,SKU176,98,34,11,27
2024-08-15,SKU177,225,46,19,44
2024-08-15,SKU178,146,93,12,37
2024-08-15,SKU179,270,94,20,35
2024-08-15,SKU180,112,51,8,36
2024-08-15,SKU181,52,39,11,32
2024-08-15,SKU182,50,9,12,72
2024-08-15,SKU183,118,70,18,74
2024-08-15,SKU184,233,28,15,73
2024-08-15,SKU185,175,58,16,39
2024-08-15,SKU186,143,99,21,20
2024-08-15,SKU187,189,62,12,60
2024-08-15,SKU188,163,44,21,73
2024-08-15,SKU189,111,24,9,34
2024-08-15,SKU190,243,88,11,67
2024-08-15,SKU191,61,75,4,58
2024-08-15,SKU192,126,58,3,35
2024-08-15,SKU193,22,44,3,25
2024-08-15,SKU194,40,50,5,26
2024-08-15,SKU195,110,68,13,26
2024-08-15,SKU196,212,73,17,53
2024-08-15,SKU197,69,55,19,46
2024-08-15,SKU198,164,59,7,22
2024-08-15,SKU199,299,9,17,80
2024-08-15,SKU200,84,17,8,33
2024-08-22,SKU001,214,32,11,24
2024-08-22,SKU002,54,24,9,59
2024-08-22,SKU003,247,25,16,57
2024-08-22,SKU004,56,13,17,60
2024-08-22,SKU005,210,47,17,63
2024-08-22,SKU006,154,16,5,49
2024-08-22,SKU007,133,81,4,69
2024-08-22,SKU008,300,0,16,53
2024-08-22,SKU009,231,36,4,70
2024-08-22,SKU010,145,41,16,64
2024-08-22,SKU011,125,5,18,51
2024-08-22,SKU012,116,73,7,78
2024-08-22,SKU013,177,97,17,78
2024-08-22,SKU014,227,47,8,65
2024-08-22,SKU015,183,24,19,74
2024-08-22,SKU016,237,93,9,73
2024-08-22,SKU017,28,52,9,70
2024-08-22,SKU018,62,47,10,60
2024-08-22,SKU019,86,80,6,21
2024-08-22,SKU020,73,78,21,49
2024-08-22,SKU021,147,100,17,56
2024-08-22,SKU022,78,47,17,70
2024-08-22,SKU023,167,67,19,64
2024-08-22,SKU024,93,41,10,72
2024-08-22,SKU025,224,90,9,31
2024-08-22,SKU026,26,47,7,42
2024-08-22,SKU027,246,19,8,32
2024-08-22,SKU028,279,40,6,69
2024-08-22,SKU029,147,18,20,69
2024-08-22,SKU030,179,96,10,71
2024-08-22,SKU031,133,56,21,70
2024-08-22,SKU032,213,16,19,51
2024-08-22,SKU033,256,89,6,30
2024-08-22,SKU034,265,83,18,69
2024-08-22,SKU035,94,25,7,68
2024-08-22,SKU036,120,22,6,80
2024-08-22,SKU037,215,95,18,54
2024-08-22,SKU038,270,96,17,45
2024-08-22,SKU039,46,21,5,62
2024-08-22,SKU040,25,62,11,78
2024-08-22,SKU041,182,36,6,38
2024-08-22,SKU042,146,72,14,74
2024-08-22,SKU043,83,89,17,64
2024-08-22,SKU044,170,55,9,64
2024-08-22,SKU045,266,16,3,78
2024-08-22,SKU046,105,87,4,61
2024-08-22,SKU047,61,51,14,52
2024-08-22,SKU048,111,48,5,66
2024-08-22,SKU049,27,41,15,45
2024-08-22,SKU050,98,100,20,35
2024-08-22,SKU051,33,57,9,34
2024-08-22,SKU052,284,98,11,49
2024-08-22,SKU053,209,67,11,60
2024-08-22,SKU054,43,53,5,74
2024-08-22,SKU055,292,16,14,28
2024-08-22,SKU056,100,86,7,80
2024-08-22,SKU057,186,99,8,52
2024-08-22,SKU058,98,80,6,40
2024-08-22,SKU059,77,100,20,73
2024-08-22,SKU060,117,89,6,70
2024-08-22,SKU061,38,33,12,70
2024-08-22,SKU062,98,30,20,42
2024-08-22,SKU063,132,13,11,52
2024-08-22,SKU064,152,4,18,41
2024-08-22,SKU065,36,96,9,67
2024-08-22,SKU066,154,36,16,48
2024-08-22,SKU067,105,8,8,76
2024-08-22,SKU068,174,68,21,53
2024-08-22,SKU069,257,73,3,26
2024-08-22,SKU070,274,100,6,38
2024-08-22,SKU071,118,68,14,58
2024-08-22,SKU072,274,9,14,52
2024-08-22,SKU073,215,73,20,39
2024-08-22,SKU074,168,86,20,79
2024-08-22,SKU075,79,18,3,39
2024-08-22,SKU076,123,11,20,21
2024-08-22,SKU077,144,60,14,75
2024-08-22,SKU078,297,66,13,43
2024-08-22,SKU079,90,30,17,61
2024-08-22,SKU080,123,50,6,60
2024-08-22,SKU081,47,18,11,66
2024-08-22,SKU082,91,76,3,33
2024-08-22,SKU083,269,23,10,73
2024-08-22,SKU084,112,13,4,33
2024-08-22,SKU085,67,96,6,67
2024-08-22,SKU086,119,75,21,43
2024-08-22,SKU087,206,17,16,43
2024-08-22,SKU088,107,45,13,23
2024-08-22,SKU089,285,56,7,51
2024-08-22,SKU090,146,76,12,24
2024-08-22,SKU091,216,64,17,33
2024-08-22,SKU092,40,16,5,30
2024-08-22,SKU093,88,74,7,31
2024-08-22,SKU094,202,94,18,42
2024-08-22,SKU095,182,47,7,27
2024-08-22,SKU096,209,74,17,53
2024-08-22,SKU097,141,71,14,40
2024-08-22,SKU098,196,0,20,45
2024-08-22,SKU099,131,56,15,48
2024-08-22,SKU100,218,79,12,24
2024-08-22,SKU101,61,26,10,71
2024-08-22,SKU102,119,66,6,63
2024-08-22,SKU103,124,67,3,31
2024-08-22,SKU104,102,1,17,71
2024-08-22,SKU105,159,100,21,79
2024-08-22,SKU106,122,19,4,21
2024-08-22,SKU107,200,30,13,25
2024-08-22,SKU108,174,76,20,36
2024-08-22,SKU109,105,19,20,57
2024-08-22,SKU110,60,14,21,27
2024-08-22,SKU111,97,90,7,21
2024-08-22,SKU112,266,98,21,23
2024-08-22,SKU113,261,64,9,37
2024-08-22,SKU114,265,28,16,75
2024-08-22,SKU115,158,52,7,42
2024-08-22,SKU116,272,50,21,79
2024-08-22,SKU117,142,87,8,28
2024-08-22,SKU118,96,69,3,48
2024-08-22,SKU119,161,7,8,61
2024-08-22,SKU120,115,35,16,42
2024-08-22,SKU121,95,52,20,27
2024-08-22,SKU122,127,23,11,44
2024-08-22,SKU123,271,88,12,54
2024-08-22,SKU124,213,64,11,73
2024-08-22,SKU125,196,32,21,52
2024-08-22,SKU126,140,70,11,56
2024-08-22,SKU127,244,6,3,28
2024-08-22,SKU128,201,74,7,47
2024-08-22,SKU129,244,41,17,35
2024-08-22,SKU130,59,24,10,41
2024-08-22,SKU131,170,94,7,79
2024-08-22,SKU132,244,10,14,28
2024-08-22,SKU133,143,95,9,46
2024-08-22,SKU134,72,76,9,46
2024-08-22,SKU135,298,9,12,69
2024-08-22,SKU136,183,34,21,26
2024-08-22,SKU137,87,24,11,35
2024-08-22,SKU138,145,44,17,80
2024-08-22,SKU139,224,9,8,31
2024-08-22,SKU140,261,94,14,24
2024-08-22,SKU141,135,99,11,40
2024-08-22,SKU142,126,91,12,71
2024-08-22,SKU143,33,37,19,29
2024-08-22,SKU144,85,99,15,24
2024-08-22,SKU145,210,46,3,56
2024-08-22,SKU146,274,50,6,76
2024-08-22,SKU147,108,95,20,75
2024-08-22,SKU148,160,31,18,34
2024-08-22,SKU149,91,14,13,50
2024-08-22,SKU150,52,52,7,27
2024-08-22,SKU151,239,72,19,34
2024-08-22,SKU152,140,86,16,70
2024-08-22,SKU153,43,65,11,64
2024-08-22,SKU154,134,13,18,65
2024-08-22,SKU155,49,29,12,44
2024-08-22,SKU156,213,40,7,79
2024-08-22,SKU157,20,23,21,45
2024-08-22,SKU158,67,60,21,30
2024-08-22,SKU159,260,25,17,26
2024-08-22,SKU160,98,88,10,77
2024-08-22,SKU161,81,88,9,22
2024-08-22,SKU162,164,31,5,65
2024-08-22,SKU163,57,16,8,60
2024-08-22,SKU164,83,92,19,40
2024-08-22,SKU165,174,54,20,79
2024-08-22,SKU166,147,56,14,71
2024-08-22,SKU167,81,41,10,50
2024-08-22,SKU168,245,59,5,77
2024-08-22,SKU169,292,25,5,45
2024-08-22,SKU170,159,4,18,65
2024-08-22,SKU171,163,38,20,75
2024-08-22,SKU172,229,94,7,65
2024-08-22,SKU173,266,0,5,60
2024-08-22,SKU174,93,54,20,60
2024-08-22,SKU175,39,51,6,35
2024-08-22,SKU176,135,50,14,61
2024-08-22,SKU177,202,5,18,42
2024-08-22,SKU178,52,84,16,67
2024-08-22,SKU179,46,37,10,44
2024-08-22,SKU180,95,40,9,70
2024-08-22,SKU181,111,64,9,29
2024-08-22,SKU182,210,58,4,29
2024-08-22,SKU183,121,84,16,57
2024-08-22,SKU184,106,24,20,40
2024-08-22,SKU185,60,52,17,29
2024-08-22,SKU186,282,74,19,41
2024-08-22,SKU187,255,94,14,73
2024-08-22,SKU188,212,16,7,50
2024-08-22,SKU189,91,15,5,24
2024-08-22,SKU190,138,8,11,39
2024-08-22,SKU191,289,90,4,37
2024-08-22,SKU192,105,51,10,37
2024-08-22,SKU193,59,38,7,26
2024-08-22,SKU194,74,31,11,52
2024-08-22,SKU195,135,30,11,69
2024-08-22,SKU196,216,12,5,73
2024-08-22,SKU197,86,68,20,69
2024-08-22,SKU198,57,84,21,71
2024-08-22,SKU199,221,39,19,24
2024-08-22,SKU200,115,0,4,20
2024-09-01,SKU001,75,46,16,39
2024-09-01,SKU002,162,5,8,25
2024-09-01,SKU003,161,48,18,64
2024-09-01,SKU004,216,79,19,45
2024-09-01,SKU005,77,15,13,23
2024-09-01,SKU006,157,100,3,52
2024-09-01,SKU007,22,33,5,32
2024-09-01,SKU008,245,46,11,65
2024-09-01,SKU009,153,89,8,79
2024-09-01,SKU010,137,23,5,60
2024-09-01,SKU011,69,82,11,64
2024-09-01,SKU012,117,21,12,33
2024-09-01,SKU013,28,61,9,78
2024-09-01,SKU014,185,16,20,37
2024-09-01,SKU015,53,32,5,73
2024-09-01,SKU016,197,25,3,62
2024-09-01,SKU017,265,87,20,76
2024-09-01,SKU018,121,7,3,34
2024-09-01,SKU019,71,47,18,57
2024-09-01,SKU020,64,100,3,71
2024-09-01,SKU021,126,66,16,24
2024-09-01,SKU022,109,34,10,45
2024-09-01,SKU023,242,15,12,61
2024-09-01,SKU024,81,24,3,79
2024-09-01,SKU025,197,54,5,75
2024-09-01,SKU026,69,57,7,69
2024-09-01,SKU027,140,79,5,37
2024-09-01,SKU028,217,70,4,72
2024-09-01,SKU029,71,47,18,36
2024-09-01,SKU030,150,14,17,79
2024-09-01,SKU031,236,73,5,68
2024-09-01,SKU032,66,52,14,73
2024-09-01,SKU033,164,0,17,48
2024-09-01,SKU034,214,8,13,39
2024-09-01,SKU035,150,76,9,34
2024-09-01,SKU036,26,24,21,30
2024-09-01,SKU037,120,17,5,48
2024-09-01,SKU038,209,97,6,69
2024-09-01,SKU039,264,44,8,38
2024-09-01,SKU040,38,58,4,24
2024-09-01,SKU041,95,58,16,20
2024-09-01,SKU042,200,97,11,58
2024-09-01,SKU043,25,6,16,42
2024-09-01,SKU044,251,75,6,70
2024-09-01,SKU045,103,95,7,76
2024-09-01,SKU046,207,2,12,68
2024-09-01,SKU047,159,51,3,41
2024-09-01,SKU048,163,38,7,57
2024-09-01,SKU049,242,20,14,53
2024-09-01,SKU050,50,85,20,77
2024-09-01,SKU051,188,63,17,52
2024-09-01,SKU052,111,53,19,56
2024-09-01,SKU053,268,16,6,71
2024-09-01,SKU054,103,72,14,54
2024-09-01,SKU055,28,18,6,34
2024-09-01,SKU056,193,72,4,23
2024-09-01,SKU057,172,67,17,63
2024-09-01,SKU058,215,43,7,20
2024-09-01,SKU059,120,37,17,66
2024-09-01,SKU060,204,40,5,62
2024-09-01,SKU061,268,82,8,72
2024-09-01,SKU062,138,5,10,21
2024-09-01,SKU063,80,89,20,65
2024-09-01,SKU064,36,24,17,47
2024-09-01,SKU065,71,65,17,54
2024-09-01,SKU066,80,79,12,45
2024-09-01,SKU067,231,34,15,62
2024-09-01,SKU068,236,60,6,68
2024-09-01,SKU069,123,68,3,72
2024-09-01,SKU070,53,10,12,53
2024-09-01,SKU071,78,32,6,59
2024-09-01,SKU072,109,48,3,34
2024-09-01,SKU073,265,66,7,67
2024-09-01,SKU074,270,47,16,64
2024-09-01,SKU075,29,98,19,34
2024-09-01,SKU076,67,63,10,30
2024-09-01,SKU077,266,62,15,28
2024-09-01,SKU078,286,22,14,37
2024-09-01,SKU079,256,78,6,70
2024-09-01,SKU080,246,14,4,64
2024-09-01,SKU081,233,32,13,25
2024-09-01,SKU082,118,100,3,73
2024-09-01,SKU083,172,61,18,20
2024-09-01,SKU084,243,55,16,30
2024-09-01,SKU085,192,66,10,35
2024-09-01,SKU086,125,5,10,74
2024-09-01,SKU087,245,88,14,33
2024-09-01,SKU088,204,44,7,40
2024-09-01,SKU089,191,56,14,73
2024-09-01,SKU090,28,76,10,45
2024-09-01,SKU091,92,48,11,20
2024-09-01,SKU092,300,98,20,26
2024-09-01,SKU093,99,45,5,80
2024-09-01,SKU094,174,90,10,34
2024-09-01,SKU095,278,31,5,24
2024-09-01,SKU096,65,5,21,27
2024-09-01,SKU097,187,95,18,27
2024-09-01,SKU098,36,26,4,22
2024-09-01,SKU099,22,7,6,52
2024-09-01,SKU100,47,61,15,37
2024-09-01,SKU101,92,42,4,67
2024-09-01,SKU102,291,81,3,40
2024-09-01,SKU103,71,16,4,74
2024-09-01,SKU104,292,70,6,57
2024-09-01,SKU105,34,92,18,48
2024-09-01,SKU106,222,6,8,52
2024-09-01,SKU107,203,3,14,78
2024-09-01,SKU108,209,94,14,62
2024-09-01,SKU109,279,5,21,25
2024-09-01,SKU110,276,49,7,31
2024-09-01,SKU111,132,17,21,65
2024-09-01,SKU112,170,54,18,45
2024-09-01,SKU113,227,85,19,49
2024-09-01,SKU114,174,74,15,69
2024-09-01,SKU115,55,45,11,21
2024-09-01,SKU116,200,63,7,76
2024-09-01,SKU117,123,61,12,55
2024-09-01,SKU118,197,26,5,31
2024-09-01,SKU119,27,84,19,73
2024-09-01,SKU120,31,82,9,32
2024-09-01,SKU121,148,65,10,35
2024-09-01,SKU122,116,66,9,25
2024-09-01,SKU123,272,60,5,35
2024-09-01,SKU124,246,98,12,58
2024-09-01,SKU125,287,15,4,64
2024-09-01,SKU126,225,30,12,30
2024-09-01,SKU127,104,87,9,52
2024-09-01,SKU128,156,66,16,20
2024-09-01,SKU129,79,99,7,48
2024-09-01,SKU130,56,52,4,71
2024-09-01,SKU131,37,27,3,36
2024-09-01,SKU132,282,98,18,37
2024-09-01,SKU133,123,94,21,27
2024-09-01,SKU134,283,28,18,74
2024-09-01,SKU135,29,51,17,72
2024-09-01,SKU136,85,46,13,76
2024-09-01,SKU137,149,86,20,25
2024-09-01,SKU138,175,71,5,20
2024-09-01,SKU139,40,12,8,57
2024-09-01,SKU140,297,13,14,69
2024-09-01,SKU141,283,4,8,57
2024-09-01,SKU142,276,3,11,28
2024-09-01,SKU143,174,46,15,30
2024-09-01,SKU144,289,93,6,55
2024-09-01,SKU145,112,57,15,29
2024-09-01,SKU146,166,29,12,74
2024-09-01,SKU147,30,35,14,55
2024-09-01,SKU148,141,38,12,76
2024-09-01,SKU149,232,92,6,24
2024-09-01,SKU150,100,85,18,78
2024-09-01,SKU151,278,72,13,45
2024-09-01,SKU152,264,44,10,55
2024-09-01,SKU153,187,72,6,76
2024-09-01,SKU154,74,16,19,23
2024-09-01,SKU155,70,55,3,21
2024-09-01,SKU156,124,39,17,78
2024-09-01,SKU157,152,52,12,80
2024-09-01,SKU158,115,82,21,61
2024-09-01,SKU159,23,31,13,23
2024-09-01,SKU160,202,74,17,35
2024-09-01,SKU161,278,33,20,65
2024-09-01,SKU162,35,24,8,25
2024-09-01,SKU163,233,17,6,43
2024-09-01,SKU164,271,40,21,21
2024-09-01,SKU165,121,91,9,21
2024-09-01,SKU166,94,32,8,33
2024-09-01,SKU167,55,2,21,58
2024-09-01,SKU168,100,60,11,63
2024-09-01,SKU169,287,61,6,20
2024-09-01,SKU170,153,64,14,46
2024-09-01,SKU171,49,93,15,76
2024-09-01,SKU172,173,49,15,50
2024-09-01,SKU173,125,11,19,54
2024-09-01,SKU174,82,77,5,74
2024-09-01,SKU175,97,54,8,71
2024-09-01,SKU176,84,0,11,42
2024-09-01,SKU177,96,32,14,33
2024-09-01,SKU178,92,38,11,39
2024-09-01,SKU179,78,79,4,76
2024-09-01,SKU180,278,83,15,40
2024-09-01,SKU181,234,44,17,37
2024-09-01,SKU182,145,31,6,56
2024-09-01,SKU183,36,54,3,26
2024-09-01,SKU184,220,15,12,35
2024-09-01,SKU185,285,3,15,26
2024-09-01,SKU186,52,82,19,37
2024-09-01,SKU187,247,15,3,50
2024-09-01,SKU188,44,46,12,63
2024-09-01,SKU189,110,28,3,33
2024-09-01,SKU190,246,87,11,69
2024-09-01,SKU191,133,22,18,41
2024-09-01,SKU192,133,12,17,26
2024-09-01,SKU193,257,92,5,42
2024-09-01,SKU194,128,57,6,39
2024-09-01,SKU195,285,63,12,29
2024-09-01,SKU196,263,3,15,41
2024-09-01,SKU197,185,12,4,62
2024-09-01,SKU198,221,88,13,38
2024-09-01,SKU199,268,95,5,42
2024-09-01,SKU200,140,83,21,41
2024-09-08,SKU001,289,57,15,72
2024-09-08,SKU002,200,61,4,40
2024-09-08,SKU003,147,45,15,35
2024-09-08,SKU004,87,41,7,43
2024-09-08,SKU005,69,9,19,49
2024-09-08,SKU006,61,50,14,20
2024-09-08,SKU007,81,71,10,67
2024-09-08,SKU008,246,41,11,22
2024-09-08,SKU009,22,62,11,35
2024-09-08,SKU010,133,14,9,22
2024-09-08,SKU011,121,53,21,27
2024-09-08,SKU012,278,79,6,42
2024-09-08,SKU013,191,97,20,69
2024-09-08,SKU014,68,22,21,51
2024-09-08,SKU015,281,77,13,53
2024-09-08,SKU016,248,73,14,56
2024-09-08,SKU017,274,2,12,41
2024-09-08,SKU018,104,49,4,74
2024-09-08,SKU019,262,42,3,66
2024-09-08,SKU020,180,70,4,27
2024-09-08,SKU021,207,17,19,32
2024-09-08,SKU022,144,11,6,66
2024-09-08,SKU023,238,0,4,57
2024-09-08,SKU024,54,50,7,78
2024-09-08,SKU025,291,93,13,65
2024-09-08,SKU026,51,82,4,63
2024-09-08,SKU027,34,1,17,38
2024-09-08,SKU028,239,43,12,46
2024-09-08,SKU029,280,28,7,51
2024-09-08,SKU030,195,1,3,59
2024-09-08,SKU031,242,98,14,50
2024-09-08,SKU032,202,0,21,45
2024-09-08,SKU033,60,91,16,53
2024-09-08,SKU034,197,49,11,28
2024-09-08,SKU035,156,27,15,48
2024-09-08,SKU036,192,49,13,66
2024-09-08,SKU037,44,76,15,71
2024-09-08,SKU038,22,9,16,30
2024-09-08,SKU039,59,58,9,46
2024-09-08,SKU040,114,91,9,48
2024-09-08,SKU041,126,46,5,56
2024-09-08,SKU042,23,91,7,44
2024-09-08,SKU043,238,4,20,32
2024-09-08,SKU044,296,96,15,70
2024-09-08,SKU045,228,16,19,66
2024-09-08,SKU046,163,82,16,74
2024-09-08,SKU047,244,4,19,61
2024-09-08,SKU048,50,85,8,56
2024-09-08,SKU049,243,63,16,29
2024-09-08,SKU050,89,81,15,30
2024-09-08,SKU051,195,62,17,66
2024-09-08,SKU052,103,53,14,61
2024-09-08,SKU053,79,13,16,42
2024-09-08,SKU054,254,43,4,22
2024-09-08,SKU055,133,38,12,42
2024-09-08,SKU056,300,12,5,80
2024-09-08,SKU057,199,30,5,70
2024-09-08,SKU058,295,58,13,56
2024-09-08,SKU059,216,2,8,57
2024-09-08,SKU060,203,78,12,47
2024-09-08,SKU061,184,50,15,20
2024-09-08,SKU062,113,28,10,63
2024-09-08,SKU063,191,2,18,40
2024-09-08,SKU064,191,95,17,68
2024-09-08,SKU065,228,10,14,20
2024-09-08,SKU066,229,18,14,40
2024-09-08,SKU067,224,43,19,53
2024-09-08,SKU068,106,64,3,20
2024-09-08,SKU069,163,41,19,55
2024-09-08,SKU070,278,97,8,57
2024-09-08,SKU071,58,63,15,29
2024-09-08,SKU072,236,21,11,20
2024-09-08,SKU073,54,77,14,50
2024-09-08,SKU074,266,1,8,37
2024-09-08,SKU075,168,0,11,51
2024-09-08,SKU076,89,74,16,49
2024-09-08,SKU077,86,95,10,49
2024-09-08,SKU078,151,12,4,44
2024-09-08,SKU079,108,57,16,58
2024-09-08,SKU080,24,34,16,20
2024-09-08,SKU081,45,79,9,41
2024-09-08,SKU082,149,54,17,51
2024-09-08,SKU083,204,10,9,72
2024-09-08,SKU084,78,7,13,70
2024-09-08,SKU085,51,30,4,54
2024-09-08,SKU086,187,5,4,71
2024-09-08,SKU087,226,79,6,48
2024-09-08,SKU088,36,22,3,76
2024-09-08,SKU089,83,61,19,54
2024-09-08,SKU090,171,60,14,21
2024-09-08,SKU091,273,86,10,33
2024-09-08,SKU092,79,51,18,46
2024-09-08,SKU093,152,13,14,66
2024-09-08,SKU094,259,5,9,21
2024-09-08,SKU095,233,52,16,53
2024-09-08,SKU096,150,41,18,51
2024-09-08,SKU097,50,73,8,56
2024-09-08,SKU098,79,54,8,60
2024-09-08,SKU099,183,82,15,62
2024-09-08,SKU100,112,87,17,35
2024-09-08,SKU101,163,88,11,49
2024-09-08,SKU102,105,85,21,32
2024-09-08,SKU103,102,51,16,76
2024-09-08,SKU104,39,67,12,43
2024-09-08,SKU105,185,45,11,32
2024-09-08,SKU106,95,95,3,67
2024-09-08,SKU107,192,37,15,50
2024-09-08,SKU108,39,26,20,48
2024-09-08,SKU109,21,55,20,52
2024-09-08,SKU110,100,79,19,77
2024-09-08,SKU111,201,80,18,76
2024-09-08,SKU112,218,34,12,21
2024-09-08,SKU113,119,12,13,46
2024-09-08,SKU114,126,84,21,45
2024-09-08,SKU115,240,7,9,60
2024-09-08,SKU116,242,26,6,65
2024-09-08,SKU117,266,80,12,30
2024-09-08,SKU118,185,5,17,69
2024-09-08,SKU119,68,16,9,63
2024-09-08,SKU120,215,84,16,60
2024-09-08,SKU121,267,24,7,51
2024-09-08,SKU122,64,37,14,63
2024-09-08,SKU123,36,98,6,72
2024-09-08,SKU124,60,98,11,58
2024-09-08,SKU125,111,34,18,79
2024-09-08,SKU126,234,72,10,74
2024-09-08,SKU127,27,75,17,59
2024-09-08,SKU128,34,4,18,34
2024-09-08,SKU129,111,95,19,58
2024-09-08,SKU130,263,76,8,31
2024-09-08,SKU131,246,87,3,20
2024-09-08,SKU132,261,38,5,48
2024-09-08,SKU133,105,50,5,59
2024-09-08,SKU134,158,1,16,56
2024-09-08,SKU135,40,81,14,64
2024-09-08,SKU136,92,46,21,49
2024-09-08,SKU137,148,40,12,34
2024-09-08,SKU138,263,36,16,45
2024-09-08,SKU139,256,90,20,77
2024-09-08,SKU140,236,30,6,30
2024-09-08,SKU141,32,80,11,53
2024-09-08,SKU142,261,55,19,51
2024-09-08,SKU143,184,35,17,35
2024-09-08,SKU144,140,78,3,32
2024-09-08,SKU145,253,95,20,37
2024-09-08,SKU146,163,10,6,46
2024-09-08,SKU147,81,14,10,23
2024-09-08,SKU148,234,61,13,27
2024-09-08,SKU149,92,11,20,74
2024-09-08,SKU150,161,24,20,61
2024-09-08,SKU151,153,75,17,21
2024-09-08,SKU152,88,32,15,74
2024-09-08,SKU153,37,13,9,43
2024-09-08,SKU154,132,38,14,63
2024-09-08,SKU155,110,77,11,59
2024-09-08,SKU156,274,41,21,34
2024-09-08,SKU157,48,3,10,80
2024-09-08,SKU158,224,31,19,22
2024-09-08,SKU159,107,73,7,62
2024-09-08,SKU160,272,62,16,24
2024-09-08,SKU161,25,7,7,79
2024-09-08,SKU162,241,3,11,58
2024-09-08,SKU163,266,48,21,69
2024-09-08,SKU164,153,94,11,76
2024-09-08,SKU165,214,46,15,64
2024-09-08,SKU166,192,31,17,26
2024-09-08,SKU167,31,71,17,37
2024-09-08,SKU168,110,38,12,35
2024-09-08,SKU169,182,90,13,64
2024-09-08,SKU170,276,87,14,48
2024-09-08,SKU171,55,51,11,40
2024-09-08,SKU172,93,64,19,29
2024-09-08,SKU173,58,6,20,79
2024-09-08,SKU174,187,24,21,35
2024-09-08,SKU175,77,92,16,44
2024-09-08,SKU176,83,9,5,26
2024-09-08,SKU177,35,26,19,28
2024-09-08,SKU178,112,46,19,47
2024-09-08,SKU179,198,4,15,80
2024-09-08,SKU180,282,6,5,69
2024-09-08,SKU181,140,75,5,41
2024-09-08,SKU182,73,8,6,23
2024-09-08,SKU183,81,57,13,53
2024-09-08,SKU184,148,49,7,46
2024-09-08,SKU185,126,73,17,20
2024-09-08,SKU186,112,33,14,80
2024-09-08,SKU187,294,57,13,54
2024-09-08,SKU188,280,47,18,44
2024-09-08,SKU189,97,56,6,55
2024-09-08,SKU190,192,32,12,23
2024-09-08,SKU191,45,14,21,30
2024-09-08,SKU192,255,11,5,46
2024-09-08,SKU193,178,70,11,25
2024-09-08,SKU194,159,10,17,50
2024-09-08,SKU195,68,93,18,32
2024-09-08,SKU196,203,22,8,44
2024-09-08,SKU197,35,84,13,46
2024-09-08,SKU198,79,2,21,49
2024-09-08,SKU199,179,86,7,58
2024-09-08,SKU200,75,75,8,34
2024-09-15,SKU001,81,67,21,41
2024-09-15,SKU002,168,77,9,27
2024-09-15,SKU003,295,10,5,69
2024-09-15,SKU004,40,52,14,45
2024-09-15,SKU005,280,49,7,74
2024-09-15,SKU006,57,46,10,43
2024-09-15,SKU007,183,17,13,43
2024-09-15,SKU008,114,76,3,47
2024-09-15,SKU009,119,54,5,34
2024-09-15,SKU010,147,53,5,79
2024-09-15,SKU011,152,29,5,33
2024-09-15,SKU012,255,19,14,38
2024-09-15,SKU013,57,48,3,55
2024-09-15,SKU014,171,19,3,78
2024-09-15,SKU015,165,15,4,69
2024-09-15,SKU016,254,72,12,30
2024-09-15,SKU017,201,74,20,45
2024-09-15,SKU018,186,36,6,62
2024-09-15,SKU019,270,66,13,45
2024-09-15,SKU020,53,35,20,41
2024-09-15,SKU021,202,66,16,44
2024-09-15,SKU022,94,77,5,32
2024-09-15,SKU023,282,41,8,78
2024-09-15,SKU024,27,35,10,70
2024-09-15,SKU025,285,43,10,22
2024-09-15,SKU026,227,7,18,32
2024-09-15,SKU027,105,70,14,73
2024-09-15,SKU028,72,60,16,69
2024-09-15,SKU029,196,25,8,58
2024-09-15,SKU030,119,79,13,35
2024-09-15,SKU031,32,28,8,26
2024-09-15,SKU032,25,55,20,54
2024-09-15,SKU033,38,4,3,77
2024-09-15,SKU034,20,92,6,80
2024-09-15,SKU035,268,84,6,41
2024-09-15,SKU036,44,25,14,58
2024-09-15,SKU037,256,56,17,54
2024-09-15,SKU038,81,5,15,21
2024-09-15,SKU039,178,22,16,79
2024-09-15,SKU040,216,59,15,24
2024-09-15,SKU041,253,8,21,33
2024-09-15,SKU042,173,93,3,21
2024-09-15,SKU043,108,82,8,35
2024-09-15,SKU044,175,16,13,63
2024-09-15,SKU045,134,17,8,36
2024-09-15,SKU046,159,69,10,74
2024-09-15,SKU047,297,58,16,79
2024-09-15,SKU048,52,53,12,43
2024-09-15,SKU049,266,3,5,40
2024-09-15,SKU050,279,66,21,71
2024-09-15,SKU051,110,40,9,21
2024-09-15,SKU052,281,85,18,28
2024-09-15,SKU053,245,39,15,27
2024-09-15,SKU054,172,23,7,37
2024-09-15,SKU055,264,62,12,47
2024-09-15,SKU056,61,25,6,22
2024-09-15,SKU057,47,74,18,49
2024-09-15,SKU058,235,46,4,48
2024-09-15,SKU059,260,40,14,23
2024-09-15,SKU060,110,99,20,60
2024-09-15,SKU061,100,98,5,69
2024-09-15,SKU062,72,6,14,26
2024-09-15,SKU063,119,23,17,58
2024-09-15,SKU064,165,83,19,38
2024-09-15,SKU065,191,13,18,48
2024-09-15,SKU066,92,35,3,54
2024-09-15,SKU067,251,54,18,46
2024-09-15,SKU068,232,8,20,62
2024-09-15,SKU069,22,47,15,35
2024-09-15,SKU070,185,62,16,76
2024-09-15,SKU071,99,3,15,29
2024-09-15,SKU072,173,45,19,22
2024-09-15,SKU073,274,40,10,61
2024-09-15,SKU074,55,35,8,45
2024-09-15,SKU075,198,16,17,45
2024-09-15,SKU076,181,19,5,43
2024-09-15,SKU077,61,88,4,76
2024-09-15,SKU078,222,65,10,65
2024-09-15,SKU079,217,60,20,55
2024-09-15,SKU080,80,23,18,44
2024-09-15,SKU081,177,82,11,32
2024-09-15,SKU082,64,52,14,34
2024-09-15,SKU083,98,53,6,68
2024-09-15,SKU084,130,72,3,62
2024-09-15,SKU085,202,84,15,47
2024-09-15,SKU086,228,44,15,20
2024-09-15,SKU087,26,64,15,26
2024-09-15,SKU088,35,41,7,68
2024-09-15,SKU089,103,7,8,49
2024-09-15,SKU090,152,29,19,51
2024-09-15,SKU091,76,59,21,63
2024-09-15,SKU092,131,57,6,60
2024-09-15,SKU093,184,10,7,70
2024-09-15,SKU094,205,10,4,43
2024-09-15,SKU095,24,76,17,25
2024-09-15,SKU096,255,35,5,56
2024-09-15,SKU097,257,3,17,62
2024-09-15,SKU098,135,18,4,36
2024-09-15,SKU099,296,22,8,54
2024-09-15,SKU100,145,45,21,74
2024-09-15,SKU101,172,76,21,51
2024-09-15,SKU102,88,76,11,58
2024-09-15,SKU103,20,93,12,21
2024-09-15,SKU104,283,27,13,44
2024-09-15,SKU105,292,94,5,51
2024-09-15,SKU106,84,6,18,70
2024-09-15,SKU107,273,11,20,55
2024-09-15,SKU108,113,98,4,30
2024-09-15,SKU109,260,46,9,36
2024-09-15,SKU110,288,63,7,46
2024-09-15,SKU111,236,4,11,67
2024-09-15,SKU112,241,70,16,76
2024-09-15,SKU113,24,12,16,59
2024-09-15,SKU114,61,1,9,34
2024-09-15,SKU115,51,77,14,75
2024-09-15,SKU116,124,91,18,54
2024-09-15,SKU117,66,49,21,46
2024-09-15,SKU118,263,70,20,29
2024-09-15,SKU119,21,90,8,25
2024-09-15,SKU120,31,39,12,47
2024-09-15,SKU121,150,14,7,45
2024-09-15,SKU122,145,100,14,37
2024-09-15,SKU123,150,31,15,25
2024-09-15,SKU124,176,98,3,47
2024-09-15,SKU125,144,6,18,41
2024-09-15,SKU126,88,8,18,21
2024-09-15,SKU127,243,43,20,45
2024-09-15,SKU128,124,17,16,72
2024-09-15,SKU129,156,55,16,47
2024-09-15,SKU130,110,70,7,75
2024-09-15,SKU131,24,33,15,23
2024-09-15,SKU132,208,21,20,59
2024-09-15,SKU133,226,84,10,65
2024-09-15,SKU134,108,76,7,24
2024-09-15,SKU135,94,44,9,35
2024-09-15,SKU136,73,14,17,57
2024-09-15,SKU137,237,40,11,42
2024-09-15,SKU138,230,91,4,40
2024-09-15,SKU139,201,90,15,59
2024-09-15,SKU140,27,29,17,35
2024-09-15,SKU141,71,35,19,74
2024-09-15,SKU142,35,4,18,67
2024-09-15,SKU143,126,32,16,50
2024-09-15,SKU144,213,67,8,52
2024-09-15,SKU145,204,76,5,41
2024-09-15,SKU146,214,45,17,32
2024-09-15,SKU147,70,68,15,68
2024-09-15,SKU148,252,55,10,80
2024-09-15,SKU149,123,80,14,28
2024-09-15,SKU150,91,45,4,37
2024-09-15,SKU151,231,75,21,46
2024-09-15,SKU152,255,23,18,59
2024-09-15,SKU153,275,69,9,70
2024-09-15,SKU154,142,36,11,51
2024-09-15,SKU155,192,57,7,59
2024-09-15,SKU156,123,80,3,45
2024-09-15,SKU157,202,62,16,58
2024-09-15,SKU158,101,9,18,62
2024-09-15,SKU159,99,80,14,45
2024-09-15,SKU160,250,96,14,21
2024-09-15,SKU161,123,82,11,34
2024-09-15,SKU162,226,16,19,62
2024-09-15,SKU163,187,93,18,20
2024-09-15,SKU164,250,70,14,31
2024-09-15,SKU165,161,29,9,54
2024-09-15,SKU166,26,47,9,66
2024-09-15,SKU167,207,53,6,73
2024-09-15,SKU168,52,24,4,79
2024-09-15,SKU169,87,41,5,68
2024-09-15,SKU170,204,43,12,74
2024-09-15,SKU171,102,90,4,25
2024-09-15,SKU172,106,10,16,58
2024-09-15,SKU173,206,88,16,48
2024-09-15,SKU174,122,45,4,51
2024-09-15,SKU175,277,88,17,72
2024-09-15,SKU176,146,73,4,80
2024-09-15,SKU177,137,63,19,72
2024-09-15,SKU178,244,20,20,65
2024-09-15,SKU179,282,59,19,64
2024-09-15,SKU180,90,21,20,66
2024-09-15,SKU181,144,91,7,24
2024-09-15,SKU182,265,54,16,77
2024-09-15,SKU183,242,21,21,38
2024-09-15,SKU184,66,63,11,60
2024-09-15,SKU185,85,21,20,63
2024-09-15,SKU186,116,2,7,37
2024-09-15,SKU187,199,55,9,30
2024-09-15,SKU188,254,24,9,46
2024-09-15,SKU189,109,99,15,58
2024-09-15,SKU190,69,45,20,43
2024-09-15,SKU191,172,33,3,76
2024-09-15,SKU192,254,61,21,60
2024-09-15,SKU193,157,79,6,72
2024-09-15,SKU194,61,53,8,22
2024-09-15,SKU195,156,81,16,77
2024-09-15,SKU196,117,39,18,40
2024-09-15,SKU197,44,6,17,25
2024-09-15,SKU198,75,22,13,42
2024-09-15,SKU199,71,18,4,36
2024-09-15,SKU200,208,54,12,61
2024-09-22,SKU001,280,80,3,51
2024-09-22,SKU002,156,61,5,45
2024-09-22,SKU003,158,94,16,61
2024-09-22,SKU004,221,53,16,60
2024-09-22,SKU005,133,81,4,62
2024-09-22,SKU006,65,0,15,53
2024-09-22,SKU007,120,71,8,24
2024-09-22,SKU008,100,45,11,42
2024-09-22,SKU009,225,100,21,32
2024-09-22,SKU010,290,40,12,41
2024-09-22,SKU011,244,6,6,38
2024-09-22,SKU012,99,86,14,72
2024-09-22,SKU013,182,34,7,70
2024-09-22,SKU014,143,82,4,25
2024-09-22,SKU015,133,42,14,41
2024-09-22,SKU016,209,85,18,61
2024-09-22,SKU017,180,62,19,53
2024-09-22,SKU018,229,69,12,36
2024-09-22,SKU019,252,19,3,50
2024-09-22,SKU020,177,72,18,73
2024-09-22,SKU021,28,50,15,29
2024-09-22,SKU022,77,42,16,56
2024-09-22,SKU023,86,22,6,70
2024-09-22,SKU024,203,37,14,48
2024-09-22,SKU025,276,99,12,53
2024-09-22,SKU026,218,4,7,74
2024-09-22,SKU027,199,37,3,60
2024-09-22,SKU028,93,73,3,64
2024-09-22,SKU029,55,50,19,41
2024-09-22,SKU030,84,75,5,58
2024-09-22,SKU031,169,23,8,51
2024-09-22,SKU032,273,81,20,29
2024-09-22,SKU033,129,6,6,50
2024-09-22,SKU034,125,87,18,41
2024-09-22,SKU035,141,10,11,75
2024-09-22,SKU036,223,89,6,65
2024-09-22,SKU037,291,9,4,77
2024-09-22,SKU038,269,58,17,49
2024-09-22,SKU039,280,24,12,30
2024-09-22,SKU040,238,93,3,70
2024-09-22,SKU041,128,51,14,39
2024-09-22,SKU042,236,8,20,35
2024-09-22,SKU043,240,31,17,47
2024-09-22,SKU044,231,96,18,69
2024-09-22,SKU045,117,46,15,33
2024-09-22,SKU046,206,14,16,47
2024-09-22,SKU047,91,54,15,28
2024-09-22,SKU048,143,88,13,64
2024-09-22,SKU049,82,44,3,64
2024-09-22,SKU050,241,89,12,74
2024-09-22,SKU051,215,93,3,32
2024-09-22,SKU052,123,25,20,50
2024-09-22,SKU053,57,83,13,37
2024-09-22,SKU054,211,100,6,79
2024-09-22,SKU055,225,46,4,48
2024-09-22,SKU056,255,60,19,63
2024-09-22,SKU057,70,53,7,35
2024-09-22,SKU058,119,62,12,51
2024-09-22,SKU059,186,21,14,77
2024-09-22,SKU060,237,16,19,72
2024-09-22,SKU061,210,72,15,34
2024-09-22,SKU062,148,98,9,55
2024-09-22,SKU063,109,6,18,29
2024-09-22,SKU064,257,42,15,42
2024-09-22,SKU065,113,80,7,76
2024-09-22,SKU066,251,17,7,42
2024-09-22,SKU067,226,88,21,62
2024-09-22,SKU068,89,24,19,77
2024-09-22,SKU069,171,16,19,49
2024-09-22,SKU070,268,64,13,56
2024-09-22,SKU071,51,1,5,29
2024-09-22,SKU072,189,16,15,23
2024-09-22,SKU073,259,76,8,44
2024-09-22,SKU074,111,0,15,79
2024-09-22,SKU075,271,59,6,22
2024-09-22,SKU076,85,93,4,61
2024-09-22,SKU077,80,12,9,39
2024-09-22,SKU078,52,51,3,60
2024-09-22,SKU079,232,97,21,79
2024-09-22,SKU080,85,74,19,41
2024-09-22,SKU081,60,63,14,28
2024-09-22,SKU082,232,25,20,77
2024-09-22,SKU083,270,49,4,80
2024-09-22,SKU084,248,26,17,21
2024-09-22,SKU085,231,67,13,28
2024-09-22,SKU086,284,54,13,48
2024-09-22,SKU087,248,64,5,34
2024-09-22,SKU088,295,55,5,28
2024-09-22,SKU089,54,92,4,55
2024-09-22,SKU090,280,100,3,66
2024-09-22,SKU091,225,95,21,53
2024-09-22,SKU092,215,34,3,29
2024-09-22,SKU093,87,87,9,40
2024-09-22,SKU094,67,28,12,22
2024-09-22,SKU095,64,4,18,72
2024-09-22,SKU096,126,2,5,57
2024-09-22,SKU097,237,10,5,29
2024-09-22,SKU098,205,50,13,52
2024-09-22,SKU099,233,45,12,51
2024-09-22,SKU100,72,96,5,50
2024-09-22,SKU101,132,78,13,31
2024-09-22,SKU102,233,50,19,20
2024-09-22,SKU103,196,4,15,66
2024-09-22,SKU104,195,88,17,23
2024-09-22,SKU105,261,10,7,47
2024-09-22,SKU106,79,21,8,71
2024-09-22,SKU107,294,100,5,43
2024-09-22,SKU108,34,40,14,78
2024-09-22,SKU109,265,61,13,20
2024-09-22,SKU110,81,93,17,31
2024-09-22,SKU111,147,75,4,51
2024-09-22,SKU112,20,16,17,65
2024-09-22,SKU113,171,57,11,78
2024-09-22,SKU114,161,92,6,61
2024-09-22,SKU115,65,52,11,29
2024-09-22,SKU116,169,15,16,79
2024-09-22,SKU117,113,14,7,53
2024-09-22,SKU118,207,72,13,63
2024-09-22,SKU119,81,32,15,59
2024-09-22,SKU120,22,30,4,32
2024-09-22,SKU121,95,13,6,32
2024-09-22,SKU122,294,91,10,23
2024-09-22,SKU123,128,97,8,29
2024-09-22,SKU124,164,55,18,63
2024-09-22,SKU125,259,94,19,52
2024-09-22,SKU126,81,46,6,57
2024-09-22,SKU127,67,12,17,55
2024-09-22,SKU128,30,52,21,37
2024-09-22,SKU129,187,44,16,80
2024-09-22,SKU130,279,71,5,28
2024-09-22,SKU131,179,64,10,64
2024-09-22,SKU132,157,55,6,70
2024-09-22,SKU133,34,84,11,34
2024-09-22,SKU134,154,32,6,64
2024-09-22,SKU135,216,61,20,35
2024-09-22,SKU136,137,16,16,61
2024-09-22,SKU137,63,64,15,61
2024-09-22,SKU138,243,43,7,73
2024-09-22,SKU139,202,14,3,74
2024-09-22,SKU140,153,5,10,74
2024-09-22,SKU141,28,54,19,31
2024-09-22,SKU142,279,10,8,47
2024-09-22,SKU143,287,17,20,56
2024-09-22,SKU144,173,36,6,49
2024-09-22,SKU145,60,71,13,73
2024-09-22,SKU146,149,50,11,68
2024-09-22,SKU147,133,77,11,35
2024-09-22,SKU148,197,90,8,29
2024-09-22,SKU149,24,60,9,76
2024-09-22,SKU150,77,10,15,39
2024-09-22,SKU151,47,12,16,42
2024-09-22,SKU152,278,33,10,50
2024-09-22,SKU153,259,1,16,31
2024-09-22,SKU154,91,29,4,62
2024-09-22,SKU155,126,13,9,65
2024-09-22,SKU156,142,26,4,54
2024-09-22,SKU157,68,95,5,24
2024-09-22,SKU158,85,64,20,51
2024-09-22,SKU159,146,38,17,24
2024-09-22,SKU160,37,88,16,38
2024-09-22,SKU161,207,74,9,36
2024-09-22,SKU162,21,6,4,56
2024-09-22,SKU163,132,54,4,76
2024-09-22,SKU164,225,43,10,45
2024-09-22,SKU165,147,31,12,29
2024-09-22,SKU166,92,67,9,23
2024-09-22,SKU167,63,70,11,58
2024-09-22,SKU168,201,3,18,51
2024-09-22,SKU169,300,52,4,31
2024-09-22,SKU170,178,64,15,79
2024-09-22,SKU171,61,36,20,37
2024-09-22,SKU172,154,45,12,20
2024-09-22,SKU173,111,57,12,21
2024-09-22,SKU174,249,79,19,24
2024-09-22,SKU175,31,12,8,60
2024-09-22,SKU176,162,79,7,24
2024-09-22,SKU177,48,31,21,50
2024-09-22,SKU178,53,1,17,43
2024-09-22,SKU179,211,81,16,80
2024-09-22,SKU180,118,25,10,63
2024-09-22,SKU181,270,11,20,23
2024-09-22,SKU182,71,47,20,72
2024-09-22,SKU183,90,8,6,71
2024-09-22,SKU184,269,91,11,53
2024-09-22,SKU185,111,93,3,29
2024-09-22,SKU186,30,66,10,77
2024-09-22,SKU187,33,60,18,65
2024-09-22,SKU188,165,90,9,69
2024-09-22,SKU189,64,71,5,50
2024-09-22,SKU190,206,58,13,33
2024-09-22,SKU191,39,69,21,54
2024-09-22,SKU192,124,78,5,75
2024-09-22,SKU193,259,91,14,34
2024-09-22,SKU194,259,63,15,32
2024-09-22,SKU195,55,88,11,30
2024-09-22,SKU196,292,89,17,42
2024-09-22,SKU197,290,48,14,54
2024-09-22,SKU198,133,2,21,30
2024-09-22,SKU199,112,53,5,62
2024-09-22,SKU200,99,14,10,32
2024-10-01,SKU001,247,59,16,44
2024-10-01,SKU002,48,55,4,47
2024-10-01,SKU003,69,36,14,76
2024-10-01,SKU004,262,24,20,21
2024-10-01,SKU005,214,74,13,32
2024-10-01,SKU006,282,97,6,73
2024-10-01,SKU007,251,41,4,23
2024-10-01,SKU008,174,16,16,44
2024-10-01,SKU009,117,64,12,61
2024-10-01,SKU010,191,92,10,76
2024-10-01,SKU011,62,53,21,42
2024-10-01,SKU012,28,65,8,64
2024-10-01,SKU013,127,6,5,56
2024-10-01,SKU014,220,93,13,27
2024-10-01,SKU015,215,97,7,65
2024-10-01,SKU016,44,62,19,62
2024-10-01,SKU017,93,78,10,52
2024-10-01,SKU018,221,94,18,34
2024-10-01,SKU019,210,17,20,38
2024-10-01,SKU020,79,45,21,56
2024-10-01,SKU021,228,64,15,76
2024-10-01,SKU022,116,95,12,20
2024-10-01,SKU023,75,70,16,37
2024-10-01,SKU024,91,56,13,34
2024-10-01,SKU025,255,52,5,50
2024-10-01,SKU026,187,0,20,66
2024-10-01,SKU027,145,11,11,52
2024-10-01,SKU028,266,18,11,32
2024-10-01,SKU029,76,46,13,65
2024-10-01,SKU030,226,59,18,77
2024-10-01,SKU031,203,16,11,69
2024-10-01,SKU032,279,11,3,35
2024-10-01,SKU033,121,82,21,60
2024-10-01,SKU034,215,31,10,29
2024-10-01,SKU035,210,6,18,29
2024-10-01,SKU036,206,49,17,30
2024-10-01,SKU037,223,66,7,73
2024-10-01,SKU038,231,2,17,24
2024-10-01,SKU039,222,78,7,23
2024-10-01,SKU040,259,39,13,27
2024-10-01,SKU041,112,96,20,62
2024-10-01,SKU042,251,71,16,29
2024-10-01,SKU043,231,25,9,47
2024-10-01,SKU044,182,50,13,44
2024-10-01,SKU045,217,51,10,80
2024-10-01,SKU046,97,23,21,60
2024-10-01,SKU047,82,50,13,53
2024-10-01,SKU048,263,92,16,70
2024-10-01,SKU049,75,14,9,43
2024-10-01,SKU050,272,21,12,52
2024-10-01,SKU051,98,13,11,64
2024-10-01,SKU052,125,55,19,27
2024-10-01,SKU053,190,30,10,55
2024-10-01,SKU054,80,24,3,20
2024-10-01,SKU055,192,51,20,53
2024-10-01,SKU056,233,53,14,51
2024-10-01,SKU057,81,66,21,34
2024-10-01,SKU058,247,21,8,79
2024-10-01,SKU059,24,98,4,22
2024-10-01,SKU060,21,14,16,40
2024-10-01,SKU061,66,3,19,31
2024-10-01,SKU062,291,35,4,53
2024-10-01,SKU063,63,49,21,54
2024-10-01,SKU064,87,65,15,20
2024-10-01,SKU065,253,81,14,76
2024-10-01,SKU066,51,54,11,74
2024-10-01,SKU067,105,26,21,37
2024-10-01,SKU068,188,72,11,23
2024-10-01,SKU069,242,7,21,24
2024-10-01,SKU070,226,15,21,45
2024-10-01,SKU071,183,46,13,50
2024-10-01,SKU072,286,72,16,51
2024-10-01,SKU073,87,58,17,79
2024-10-01,SKU074,88,82,13,46
2024-10-01,SKU075,106,52,17,80
2024-10-01,SKU076,82,67,17,30
2024-10-01,SKU077,31,38,15,40
2024-10-01,SKU078,166,76,16,59
2024-10-01,SKU079,33,24,15,39
2024-10-01,SKU080,26,50,10,21
2024-10-01,SKU081,71,92,16,75
2024-10-01,SKU082,186,53,10,76
2024-10-01,SKU083,288,80,14,38
2024-10-01,SKU084,240,79,7,64
2024-10-01,SKU085,109,6,21,46
2024-10-01,SKU086,230,95,12,21
2024-10-01,SKU087,295,56,17,79
2024-10-01,SKU088,81,91,9,41
2024-10-01,SKU089,85,47,6,72
2024-10-01,SKU090,136,27,18,33
2024-10-01,SKU091,94,3,21,37
2024-10-01,SKU092,99,22,15,30
2024-10-01,SKU093,216,16,21,49
2024-10-01,SKU094,220,68,7,48
2024-10-01,SKU095,166,92,12,68
2024-10-01,SKU096,99,82,11,75
2024-10-01,SKU097,246,19,7,26
2024-10-01,SKU098,193,41,8,31
2024-10-01,SKU099,146,44,6,47
2024-10-01,SKU100,169,84,6,62
2024-10-01,SKU101,204,97,12,32
2024-10-01,SKU102,112,10,16,49
2024-10-01,SKU103,178,20,12,55
2024-10-01,SKU104,159,67,14,50
2024-10-01,SKU105,152,90,20,68
2024-10-01,SKU106,128,14,7,53
2024-10-01,SKU107,115,96,19,62
2024-10-01,SKU108,156,59,19,33
2024-10-01,SKU109,20,6,18,76
2024-10-01,SKU110,128,24,8,39
2024-10-01,SKU111,142,60,6,70
2024-10-01,SKU112,168,32,5,68
2024-10-01,SKU113,246,2,19,20
2024-10-01,SKU114,112,24,13,45
2024-10-01,SKU115,66,82,5,62
2024-10-01,SKU116,263,29,3,63
2024-10-01,SKU117,237,44,3,64
2024-10-01,SKU118,203,17,10,27
2024-10-01,SKU119,47,29,6,79
2024-10-01,SKU120,270,83,10,22
2024-10-01,SKU121,118,31,7,53
2024-10-01,SKU122,117,52,5,74
2024-10-01,SKU123,175,82,20,71
2024-10-01,SKU124,58,56,21,64
2024-10-01,SKU125,105,52,13,77
2024-10-01,SKU126,46,35,9,52
2024-10-01,SKU127,111,36,7,35
2024-10-01,SKU128,198,21,10,52
2024-10-01,SKU129,154,79,5,23
2024-10-01,SKU130,296,15,4,66
2024-10-01,SKU131,149,97,21,43
2024-10-01,SKU132,270,22,9,77
2024-10-01,SKU133,242,85,10,39
2024-10-01,SKU134,265,2,13,51
2024-10-01,SKU135,31,22,19,52
2024-10-01,SKU136,251,23,8,64
2024-10-01,SKU137,241,16,21,54
2024-10-01,SKU138,182,93,11,30
2024-10-01,SKU139,213,45,16,71
2024-10-01,SKU140,117,28,13,34
2024-10-01,SKU141,83,80,6,31
2024-10-01,SKU142,280,2,20,65
2024-10-01,SKU143,195,86,12,50
2024-10-01,SKU144,50,57,13,31
2024-10-01,SKU145,21,11,16,57
2024-10-01,SKU146,26,75,19,43
2024-10-01,SKU147,82,31,4,40
2024-10-01,SKU148,295,14,13,54
2024-10-01,SKU149,158,78,17,26
2024-10-01,SKU150,243,8,20,77
2024-10-01,SKU151,126,53,19,30
2024-10-01,SKU152,24,27,21,47
2024-10-01,SKU153,219,89,9,39
2024-10-01,SKU154,193,30,6,68
2024-10-01,SKU155,235,25,8,73
2024-10-01,SKU156,55,79,6,72
2024-10-01,SKU157,105,41,13,77
2024-10-01,SKU158,298,68,7,74
2024-10-01,SKU159,100,67,17,37
2024-10-01,SKU160,189,92,13,80
2024-10-01,SKU161,154,30,13,23
2024-10-01,SKU162,229,67,7,45
2024-10-01,SKU163,275,51,21,30
2024-10-01,SKU164,210,11,18,52
2024-10-01,SKU165,161,89,20,47
2024-10-01,SKU166,104,85,14,63
2024-10-01,SKU167,148,69,3,63
2024-10-01,SKU168,289,31,6,39
2024-10-01,SKU169,260,3,6,41
2024-10-01,SKU170,146,71,20,62
2024-10-01,SKU171,107,96,8,34
2024-10-01,SKU172,299,19,20,52
2024-10-01,SKU173,114,60,4,64
2024-10-01,SKU174,68,5,5,29
2024-10-01,SKU175,182,42,9,48
2024-10-01,SKU176,72,77,13,71
2024-10-01,SKU177,259,64,20,26
2024-10-01,SKU178,215,5,3,20
2024-10-01,SKU179,112,32,3,60
2024-10-01,SKU180,39,63,6,47
2024-10-01,SKU181,38,30,7,71
2024-10-01,SKU182,21,22,9,77
2024-10-01,SKU183,60,58,4,66
2024-10-01,SKU184,45,90,8,80
2024-10-01,SKU185,250,37,5,44
2024-10-01,SKU186,211,66,13,69
2024-10-01,SKU187,87,80,12,44
2024-10-01,SKU188,30,38,12,52
2024-10-01,SKU189,47,68,14,25
2024-10-01,SKU190,58,64,3,60
2024-10-01,SKU191,270,71,14,80
2024-10-01,SKU192,279,100,16,41
2024-10-01,SKU193,114,12,14,59
2024-10-01,SKU194,274,12,19,67
2024-10-01,SKU195,230,82,5,35
2024-10-01,SKU196,270,21,21,64
2024-10-01,SKU197,261,60,4,71
2024-10-01,SKU198,157,2,5,20
2024-10-01,SKU199,236,66,10,46
2024-10-01,SKU200,196,94,4,33
2024-10-08,SKU001,286,92,16,56
2024-10-08,SKU002,83,22,16,62
2024-10-08,SKU003,191,80,16,25
2024-10-08,SKU004,176,20,20,29
2024-10-08,SKU005,246,50,20,54
2024-10-08,SKU006,194,30,8,58
2024-10-08,SKU007,47,30,20,45
2024-10-08,SKU008,52,12,14,39
2024-10-08,SKU009,46,98,15,69
2024-10-08,SKU010,90,78,13,45
2024-10-08,SKU011,181,35,13,75
2024-10-08,SKU012,99,49,13,31
2024-10-08,SKU013,53,49,4,53
2024-10-08,SKU014,274,72,3,30
2024-10-08,SKU015,144,36,17,44
2024-10-08,SKU016,256,5,4,21
2024-10-08,SKU017,80,72,5,48
2024-10-08,SKU018,288,39,5,61
2024-10-08,SKU019,101,97,21,69
2024-10-08,SKU020,24,99,15,24
2024-10-08,SKU021,208,83,17,20
2024-10-08,SKU022,128,98,16,69
2024-10-08,SKU023,268,6,20,31
2024-10-08,SKU024,152,98,8,33
2024-10-08,SKU025,242,30,20,29
2024-10-08,SKU026,117,83,11,61
2024-10-08,SKU027,244,96,21,48
2024-10-08,SKU028,64,65,21,80
2024-10-08,SKU029,231,94,5,21
2024-10-08,SKU030,164,18,13,40
2024-10-08,SKU031,290,83,16,52
2024-10-08,SKU032,282,31,12,23
2024-10-08,SKU033,164,21,15,60
2024-10-08,SKU034,225,40,18,67
2024-10-08,SKU035,251,87,9,33
2024-10-08,SKU036,143,90,18,20
2024-10-08,SKU037,239,76,5,43
2024-10-08,SKU038,143,92,19,65
2024-10-08,SKU039,167,20,10,53
2024-10-08,SKU040,224,22,15,59
2024-10-08,SKU041,297,81,13,61
2024-10-08,SKU042,55,74,13,54
2024-10-08,SKU043,208,89,16,42
2024-10-08,SKU044,269,15,4,74
2024-10-08,SKU045,140,45,12,66
2024-10-08,SKU046,124,49,10,41
2024-10-08,SKU047,154,95,21,40
2024-10-08,SKU048,259,71,19,55
2024-10-08,SKU049,269,29,7,62
2024-10-08,SKU050,243,83,3,80
2024-10-08,SKU051,261,70,21,59
2024-10-08,SKU052,217,27,11,38
2024-10-08,SKU053,183,42,4,33
2024-10-08,SKU054,170,22,11,53
2024-10-08,SKU055,282,94,8,56
2024-10-08,SKU056,163,9,6,32
2024-10-08,SKU057,102,18,19,71
2024-10-08,SKU058,208,45,9,79
2024-10-08,SKU059,192,74,20,74
2024-10-08,SKU060,154,55,5,79
2024-10-08,SKU061,199,54,18,73
2024-10-08,SKU062,103,61,4,58
2024-10-08,SKU063,82,19,11,79
2024-10-08,SKU064,263,41,5,76
2024-10-08,SKU065,132,32,11,23
2024-10-08,SKU066,286,31,4,51
2024-10-08,SKU067,42,30,17,28
2024-10-08,SKU068,121,77,21,54
2024-10-08,SKU069,75,85,13,74
2024-10-08,SKU070,268,29,6,58
2024-10-08,SKU071,189,31,11,77
2024-10-08,SKU072,297,45,16,25
2024-10-08,SKU073,252,29,18,53
2024-10-08,SKU074,221,34,8,26
2024-10-08,SKU075,243,86,4,67
2024-10-08,SKU076,190,37,19,52
2024-10-08,SKU077,98,93,9,45
2024-10-08,SKU078,27,20,7,60
2024-10-08,SKU079,121,21,18,76
2024-10-08,SKU080,214,98,4,61
2024-10-08,SKU081,82,65,16,46
2024-10-08,SKU082,90,2,3,28
2024-10-08,SKU083,253,76,9,37
2024-10-08,SKU084,298,76,11,44
2024-10-08,SKU085,226,84,4,24
2024-10-08,SKU086,41,87,14,32
2024-10-08,SKU087,82,62,8,52
2024-10-08,SKU088,194,26,21,52
2024-10-08,SKU089,39,97,14,60
2024-10-08,SKU090,273,75,9,22
2024-10-08,SKU091,146,95,10,45
2024-10-08,SKU092,113,18,3,52
2024-10-08,SKU093,289,77,19,21
2024-10-08,SKU094,111,66,18,48
2024-10-08,SKU095,206,38,3,36
2024-10-08,SKU096,259,2,15,41
2024-10-08,SKU097,268,13,9,78
2024-10-08,SKU098,215,56,12,32
2024-10-08,SKU099,123,66,15,51
2024-10-08,SKU100,190,94,5,30
2024-10-08,SKU101,50,100,16,34
2024-10-08,SKU102,172,78,3,39
2024-10-08,SKU103,253,82,8,66
2024-10-08,SKU104,214,70,9,42
2024-10-08,SKU105,261,11,13,22
2024-10-08,SKU106,274,52,10,79
2024-10-08,SKU107,266,10,12,58
2024-10-08,SKU108,262,51,13,52
2024-10-08,SKU109,67,21,5,32
2024-10-08,SKU110,28,90,17,67
2024-10-08,SKU111,60,77,18,69
2024-10-08,SKU112,287,29,17,21
2024-10-08,SKU113,199,13,21,45
2024-10-08,SKU114,174,23,7,25
2024-10-08,SKU115,61,10,18,29
2024-10-08,SKU116,284,54,4,76
2024-10-08,SKU117,119,98,16,69
2024-10-08,SKU118,275,41,4,37
2024-10-08,SKU119,62,92,12,48
2024-10-08,SKU120,75,86,12,46
2024-10-08,SKU121,214,17,12,34
2024-10-08,SKU122,149,81,11,24
2024-10-08,SKU123,92,2,9,75
2024-10-08,SKU124,94,68,19,74
2024-10-08,SKU125,236,19,19,67
2024-10-08,SKU126,148,87,3,36
2024-10-08,SKU127,39,9,7,77
2024-10-08,SKU128,192,68,8,67
2024-10-08,SKU129,47,17,9,54
2024-10-08,SKU130,56,57,13,62
2024-10-08,SKU131,181,9,14,58
2024-10-08,SKU132,69,44,17,59
2024-10-08,SKU133,272,34,19,20
2024-10-08,SKU134,248,20,15,61
2024-10-08,SKU135,79,14,18,49
2024-10-08,SKU136,222,94,15,39
2024-10-08,SKU137,42,80,12,73
2024-10-08,SKU138,248,62,12,26
2024-10-08,SKU139,172,55,12,62
2024-10-08,SKU140,283,73,21,40
2024-10-08,SKU141,81,47,18,65
2024-10-08,SKU142,76,52,15,28
2024-10-08,SKU143,69,43,16,43
2024-10-08,SKU144,210,57,14,75
2024-10-08,SKU145,219,14,11,47
2024-10-08,SKU146,264,78,8,46
2024-10-08,SKU147,59,39,19,71
2024-10-08,SKU148,33,82,20,43
2024-10-08,SKU149,71,66,20,30
2024-10-08,SKU150,255,5,3,23
2024-10-08,SKU151,117,48,6,75
2024-10-08,SKU152,98,14,8,43
2024-10-08,SKU153,280,13,16,69
2024-10-08,SKU154,294,57,4,42
2024-10-08,SKU155,62,11,6,44
2024-10-08,SKU156,89,66,19,63
2024-10-08,SKU157,264,82,8,54
2024-10-08,SKU158,33,78,13,27
2024-10-08,SKU159,27,95,3,31
2024-10-08,SKU160,49,38,21,67
2024-10-08,SKU161,82,12,14,64
2024-10-08,SKU162,263,56,6,35
2024-10-08,SKU163,231,78,16,53
2024-10-08,SKU164,156,72,9,31
2024-10-08,SKU165,125,10,8,23
2024-10-08,SKU166,58,4,18,69
2024-10-08,SKU167,154,81,17,51
2024-10-08,SKU168,161,64,17,54
2024-10-08,SKU169,177,16,5,35
2024-10-08,SKU170,33,76,18,62
2024-10-08,SKU171,78,23,5,75
2024-10-08,SKU172,220,28,21,48
2024-10-08,SKU173,227,72,19,57
2024-10-08,SKU174,78,49,7,33
2024-10-08,SKU175,129,39,12,24
2024-10-08,SKU176,104,41,14,33
2024-10-08,SKU177,149,53,9,32
2024-10-08,SKU178,80,6,10,27
2024-10-08,SKU179,105,30,10,76
2024-10-08,SKU180,232,30,14,53
2024-10-08,SKU181,253,66,11,48
2024-10-08,SKU182,267,21,13,77
2024-10-08,SKU183,43,68,21,20
2024-10-08,SKU184,85,7,5,48
2024-10-08,SKU185,25,89,19,64
2024-10-08,SKU186,40,68,10,66
2024-10-08,SKU187,130,89,17,79
2024-10-08,SKU188,216,2,6,24
2024-10-08,SKU189,181,0,12,26
2024-10-08,SKU190,233,74,6,22
2024-10-08,SKU191,300,23,16,52
2024-10-08,SKU192,104,11,8,24
2024-10-08,SKU193,54,38,11,79
2024-10-08,SKU194,137,2,11,78
2024-10-08,SKU195,97,12,20,74
2024-10-08,SKU196,278,6,4,63
2024-10-08,SKU197,134,90,14,37
2024-10-08,SKU198,178,30,17,77
2024-10-08,SKU199,146,19,16,29
2024-10-08,SKU200,204,21,20,45
2024-10-15,SKU001,211,20,14,68
2024-10-15,SKU002,187,95,6,73
2024-10-15,SKU003,126,71,17,28
2024-10-15,SKU004,233,51,15,38
2024-10-15,SKU005,210,61,10,41
2024-10-15,SKU006,293,35,14,62
2024-10-15,SKU007,141,100,3,68
2024-10-15,SKU008,65,73,5,34
2024-10-15,SKU009,229,27,10,75
2024-10-15,SKU010,69,52,17,57
2024-10-15,SKU011,152,59,18,60
2024-10-15,SKU012,20,57,15,55
2024-10-15,SKU013,120,49,15,45
2024-10-15,SKU014,285,36,15,42
2024-10-15,SKU015,79,75,8,71
2024-10-15,SKU016,103,23,5,75
2024-10-15,SKU017,205,59,12,54
2024-10-15,SKU018,84,71,15,29
2024-10-15,SKU019,285,81,10,42
2024-10-15,SKU020,298,16,20,60
2024-10-15,SKU021,70,15,19,49
2024-10-15,SKU022,92,72,8,32
2024-10-15,SKU023,163,71,13,25
2024-10-15,SKU024,250,9,5,52
2024-10-15,SKU025,256,88,11,35
2024-10-15,SKU026,228,94,11,69
2024-10-15,SKU027,158,20,4,55
2024-10-15,SKU028,227,89,14,72
2024-10-15,SKU029,66,97,15,49
2024-10-15,SKU030,193,57,3,64
2024-10-15,SKU031,299,6,5,22
2024-10-15,SKU032,182,100,15,30
2024-10-15,SKU033,209,77,4,22
2024-10-15,SKU034,238,81,12,48
2024-10-15,SKU035,74,90,13,20
2024-10-15,SKU036,198,39,11,25
2024-10-15,SKU037,51,86,17,56
2024-10-15,SKU038,37,24,14,60
2024-10-15,SKU039,169,84,8,24
2024-10-15,SKU040,257,63,6,69
2024-10-15,SKU041,214,44,14,55
2024-10-15,SKU042,253,88,15,20
2024-10-15,SKU043,156,67,16,29
2024-10-15,SKU044,218,38,8,24
2024-10-15,SKU045,74,38,7,30
2024-10-15,SKU046,186,91,21,64
2024-10-15,SKU047,176,8,8,60
2024-10-15,SKU048,126,2,11,72
2024-10-15,SKU049,257,30,11,44
2024-10-15,SKU050,24,25,15,48
2024-10-15,SKU051,232,41,12,61
2024-10-15,SKU052,199,94,10,39
2024-10-15,SKU053,97,64,3,72
2024-10-15,SKU054,31,22,17,27
2024-10-15,SKU055,174,50,16,62
2024-10-15,SKU056,193,61,13,54
2024-10-15,SKU057,279,14,6,21
2024-10-15,SKU058,133,62,5,66
2024-10-15,SKU059,100,39,11,74
2024-10-15,SKU060,110,51,10,64
2024-10-15,SKU061,287,0,5,49
2024-10-15,SKU062,48,51,13,75
2024-10-15,SKU063,240,58,6,26
2024-10-15,SKU064,60,48,19,50
2024-10-15,SKU065,38,100,10,78
2024-10-15,SKU066,214,0,16,28
2024-10-15,SKU067,77,79,6,51
2024-10-15,SKU068,219,58,18,52
2024-10-15,SKU069,44,2,13,74
2024-10-15,SKU070,134,84,6,64
2024-10-15,SKU071,116,35,12,59
2024-10-15,SKU072,171,34,6,68
2024-10-15,SKU073,221,89,8,30
2024-10-15,SKU074,296,90,5,46
2024-10-15,SKU075,207,73,16,23
2024-10-15,SKU076,193,37,10,64
2024-10-15,SKU077,266,62,4,62
2024-10-15,SKU078,177,42,14,20
2024-10-15,SKU079,216,37,7,32
2024-10-15,SKU080,96,48,20,61
2024-10-15,SKU081,185,31,12,52
2024-10-15,SKU082,285,63,14,53
2024-10-15,SKU083,206,89,9,36
2024-10-15,SKU084,60,47,8,39
2024-10-15,SKU085,58,54,4,39
2024-10-15,SKU086,83,64,19,37
2024-10-15,SKU087,293,30,19,72
2024-10-15,SKU088,87,3,15,26
2024-10-15,SKU089,248,97,16,22
2024-10-15,SKU090,183,89,9,72
2024-10-15,SKU091,118,47,3,52
2024-10-15,SKU092,104,23,6,28
2024-10-15,SKU093,165,47,8,59
2024-10-15,SKU094,223,42,11,36
2024-10-15,SKU095,176,18,3,79
2024-10-15,SKU096,191,51,18,22
2024-10-15,SKU097,232,88,7,39
2024-10-15,SKU098,235,99,13,26
2024-10-15,SKU099,159,54,18,67
2024-10-15,SKU100,125,70,20,41
2024-10-15,SKU101,232,69,15,48
2024-10-15,SKU102,55,32,20,44
2024-10-15,SKU103,136,46,16,65
2024-10-15,SKU104,106,29,4,70
2024-10-15,SKU105,23,33,8,77
2024-10-15,SKU106,137,42,6,62
2024-10-15,SKU107,99,98,4,45
2024-10-15,SKU108,109,58,12,56
2024-10-15,SKU109,210,57,19,30
2024-10-15,SKU110,24,21,17,69
2024-10-15,SKU111,67,11,10,36
2024-10-15,SKU112,112,54,10,24
2024-10-15,SKU113,125,53,7,23
2024-10-15,SKU114,276,21,19,67
2024-10-15,SKU115,233,1,13,36
2024-10-15,SKU116,258,94,7,30
2024-10-15,SKU117,97,58,17,51
2024-10-15,SKU118,100,95,15,33
2024-10-15,SKU119,168,69,8,70
2024-10-15,SKU120,266,62,15,76
2024-10-15,SKU121,177,93,3,37
2024-10-15,SKU122,240,80,21,72
2024-10-15,SKU123,208,90,14,49
2024-10-15,SKU124,72,37,15,72
2024-10-15,SKU125,129,65,11,63
2024-10-15,SKU126,131,1,17,42
2024-10-15,SKU127,248,90,19,20
2024-10-15,SKU128,232,26,5,50
2024-10-15,SKU129,266,67,10,64
2024-10-15,SKU130,189,55,9,56
2024-10-15,SKU131,104,37,7,57
2024-10-15,SKU132,53,90,10,53
2024-10-15,SKU133,274,85,12,26
2024-10-15,SKU134,71,92,15,43
2024-10-15,SKU135,221,2,19,59
2024-10-15,SKU136,42,100,13,69
2024-10-15,SKU137,82,1,12,57
2024-10-15,SKU138,58,28,6,31
2024-10-15,SKU139,218,59,16,69
2024-10-15,SKU140,56,96,8,57
2024-10-15,SKU141,275,44,11,35
2024-10-15,SKU142,229,16,3,34
2024-10-15,SKU143,225,91,9,42
2024-10-15,SKU144,238,42,11,65
2024-10-15,SKU145,95,17,11,56
2024-10-15,SKU146,36,40,3,57
2024-10-15,SKU147,229,84,4,73
2024-10-15,SKU148,44,18,15,60
2024-10-15,SKU149,203,12,7,26
2024-10-15,SKU150,104,26,4,54
2024-10-15,SKU151,41,93,5,58
2024-10-15,SKU152,233,72,19,65
2024-10-15,SKU153,297,11,9,75
2024-10-15,SKU154,240,48,13,60
2024-10-15,SKU155,94,96,7,55
2024-10-15,SKU156,137,96,17,69
2024-10-15,SKU157,226,72,8,62
2024-10-15,SKU158,267,3,7,67
2024-10-15,SKU159,245,13,5,46
2024-10-15,SKU160,296,90,18,28
2024-10-15,SKU161,227,7,9,75
2024-10-15,SKU162,135,18,20,77
2024-10-15,SKU163,256,37,16,28
2024-10-15,SKU164,83,91,18,63
2024-10-15,SKU165,105,56,5,62
2024-10-15,SKU166,164,1,5,44
2024-10-15,SKU167,285,6,6,62
2024-10-15,SKU168,121,70,3,71
2024-10-15,SKU169,246,50,18,65
2024-10-15,SKU170,40,14,16,51
2024-10-15,SKU171,83,3,4,67
2024-10-15,SKU172,264,6,14,39
2024-10-15,SKU173,122,66,8,54
2024-10-15,SKU174,205,74,12,74
2024-10-15,SKU175,69,23,8,67
2024-10-15,SKU176,254,4,21,42
2024-10-15,SKU177,252,68,17,71
2024-10-15,SKU178,119,32,15,60
2024-10-15,SKU179,206,45,13,38
2024-10-15,SKU180,133,89,11,72
2024-10-15,SKU181,65,45,6,43
2024-10-15,SKU182,274,73,11,32
2024-10-15,SKU183,278,74,10,54
2024-10-15,SKU184,231,36,15,40
2024-10-15,SKU185,85,36,20,49
2024-10-15,SKU186,47,24,13,69
2024-10-15,SKU187,155,99,8,72
2024-10-15,SKU188,133,70,7,30
2024-10-15,SKU189,66,63,7,24
2024-10-15,SKU190,292,25,15,65
2024-10-15,SKU191,25,76,20,49
2024-10-15,SKU192,280,26,15,55
2024-10-15,SKU193,121,27,12,53
2024-10-15,SKU194,188,5,4,23
2024-10-15,SKU195,158,65,9,60
2024-10-15,SKU196,195,3,13,43
2024-10-15,SKU197,142,52,11,65
2024-10-15,SKU198,186,59,4,80
2024-10-15,SKU199,85,78,6,69
2024-10-15,SKU200,44,72,13,54
2024-10-22,SKU001,29,99,14,20
2024-10-22,SKU002,143,41,10,33
2024-10-22,SKU003,196,89,11,34
2024-10-22,SKU004,38,64,19,33
2024-10-22,SKU005,233,36,6,61
2024-10-22,SKU006,179,78,7,55
2024-10-22,SKU007,131,42,13,54
2024-10-22,SKU008,109,55,9,70
2024-10-22,SKU009,226,2,18,27
2024-10-22,SKU010,147,58,9,30
2024-10-22,SKU011,239,1,9,62
2024-10-22,SKU012,70,78,18,79
2024-10-22,SKU013,53,59,7,24
2024-10-22,SKU014,115,65,10,70
2024-10-22,SKU015,80,74,3,47
2024-10-22,SKU016,139,60,21,47
2024-10-22,SKU017,222,9,17,76
2024-10-22,SKU018,108,14,13,69
2024-10-22,SKU019,48,3,6,54
2024-10-22,SKU020,170,19,6,75
2024-10-22,SKU021,77,57,17,36
2024-10-22,SKU022,281,31,17,29
2024-10-22,SKU023,206,18,12,34
2024-10-22,SKU024,199,57,8,70
2024-10-22,SKU025,27,26,4,53
2024-10-22,SKU026,89,41,10,52
2024-10-22,SKU027,100,6,7,33
2024-10-22,SKU028,284,41,19,24
2024-10-22,SKU029,230,0,7,32
2024-10-22,SKU030,73,97,13,56
2024-10-22,SKU031,151,29,4,57
2024-10-22,SKU032,72,79,11,56
2024-10-22,SKU033,230,68,10,42
2024-10-22,SKU034,269,76,5,78
2024-10-22,SKU035,109,100,8,35
2024-10-22,SKU036,199,69,14,30
2024-10-22,SKU037,119,9,7,43
2024-10-22,SKU038,235,57,4,79
2024-10-22,SKU039,256,20,5,56
2024-10-22,SKU040,274,1,11,58
2024-10-22,SKU041,192,32,3,36
2024-10-22,SKU042,78,2,21,39
2024-10-22,SKU043,156,17,11,78
2024-10-22,SKU044,233,85,7,28
2024-10-22,SKU045,123,51,14,58
2024-10-22,SKU046,165,65,5,67
2024-10-22,SKU047,261,13,7,33
2024-10-22,SKU048,33,49,4,37
2024-10-22,SKU049,27,88,15,71
2024-10-22,SKU050,230,70,14,61
2024-10-22,SKU051,46,5,7,66
2024-10-22,SKU052,214,5,15,46
2024-10-22,SKU053,118,97,18,61
2024-10-22,SKU054,144,50,6,44
2024-10-22,SKU055,264,58,12,52
2024-10-22,SKU056,159,77,7,29
2024-10-22,SKU057,292,51,12,51
2024-10-22,SKU058,48,82,13,76
2024-10-22,SKU059,239,16,3,72
2024-10-22,SKU060,135,52,17,57
2024-10-22,SKU061,236,38,8,46
2024-10-22,SKU062,236,23,11,46
2024-10-22,SKU063,146,38,5,73
2024-10-22,SKU064,167,54,10,39
2024-10-22,SKU065,227,32,17,35
2024-10-22,SKU066,168,60,12,79
2024-10-22,SKU067,31,95,6,66
2024-10-22,SKU068,270,23,7,57
2024-10-22,SKU069,255,33,11,28
2024-10-22,SKU070,179,4,21,49
2024-10-22,SKU071,45,88,13,54
2024-10-22,SKU072,51,20,8,29
2024-10-22,SKU073,70,99,5,32
2024-10-22,SKU074,138,97,8,55
2024-10-22,SKU075,294,41,21,22
2024-10-22,SKU076,167,49,12,32
2024-10-22,SKU077,87,2,9,79
2024-10-22,SKU078,126,13,19,54
2024-10-22,SKU079,215,53,16,50
2024-10-22,SKU080,89,88,7,79
2024-10-22,SKU081,100,37,15,57
2024-10-22,SKU082,280,28,21,55
2024-10-22,SKU083,123,85,11,68
2024-10-22,SKU084,79,6,19,48
2024-10-22,SKU085,94,13,6,34
2024-10-22,SKU086,300,40,6,40
2024-10-22,SKU087,156,73,17,23
2024-10-22,SKU088,284,73,21,65
2024-10-22,SKU089,298,43,3,26
2024-10-22,SKU090,77,97,21,27
2024-10-22,SKU091,113,20,15,46
2024-10-22,SKU092,216,55,6,69
2024-10-22,SKU093,230,13,6,56
2024-10-22,SKU094,128,39,8,48
2024-10-22,SKU095,180,51,21,64
2024-10-22,SKU096,40,66,20,76
2024-10-22,SKU097,21,27,8,78
2024-10-22,SKU098,165,90,3,60
2024-10-22,SKU099,197,58,18,29
2024-10-22,SKU100,48,43,18,61
2024-10-22,SKU101,267,80,19,71
2024-10-22,SKU102,50,31,4,80
2024-10-22,SKU103,191,2,10,30
2024-10-22,SKU104,185,78,10,74
2024-10-22,SKU105,176,46,15,30
2024-10-22,SKU106,180,5,9,54
2024-10-22,SKU107,46,83,20,40
2024-10-22,SKU108,71,10,15,49
2024-10-22,SKU109,122,24,7,65
2024-10-22,SKU110,52,99,10,28
2024-10-22,SKU111,280,82,21,36
2024-10-22,SKU112,150,24,15,64
2024-10-22,SKU113,124,68,14,57
2024-10-22,SKU114,179,16,12,70
2024-10-22,SKU115,77,80,20,32
2024-10-22,SKU116,76,34,9,53
2024-10-22,SKU117,148,62,11,20
2024-10-22,SKU118,235,5,6,80
2024-10-22,SKU119,218,52,9,71
2024-10-22,SKU120,82,71,10,45
2024-10-22,SKU121,167,58,11,67
2024-10-22,SKU122,230,22,6,67
2024-10-22,SKU123,294,21,20,61
2024-10-22,SKU124,244,13,21,58
2024-10-22,SKU125,179,3,6,23
2024-10-22,SKU126,218,13,13,46
2024-10-22,SKU127,75,31,11,33
2024-10-22,SKU128,90,43,19,54
2024-10-22,SKU129,49,26,7,34
2024-10-22,SKU130,97,47,3,46
2024-10-22,SKU131,194,23,8,23
2024-10-22,SKU132,55,100,19,61
2024-10-22,SKU133,107,86,19,27
2024-10-22,SKU134,55,11,14,47
2024-10-22,SKU135,272,55,16,79
2024-10-22,SKU136,276,28,4,79
2024-10-22,SKU137,91,41,18,58
2024-10-22,SKU138,247,19,18,73
2024-10-22,SKU139,85,51,8,34
2024-10-22,SKU140,91,13,21,80
2024-10-22,SKU141,187,29,19,22
2024-10-22,SKU142,106,0,11,34
2024-10-22,SKU143,128,64,7,39
2024-10-22,SKU144,275,48,21,54
2024-10-22,SKU145,255,38,6,32
2024-10-22,SKU146,227,39,10,58
2024-10-22,SKU147,252,60,6,50
2024-10-22,SKU148,35,4,9,76
2024-10-22,SKU149,56,10,21,71
2024-10-22,SKU150,173,1,11,24
2024-10-22,SKU151,209,81,4,35
2024-10-22,SKU152,295,15,8,77
2024-10-22,SKU153,181,15,5,45
2024-10-22,SKU154,177,6,12,78
2024-10-22,SKU155,276,75,16,27
2024-10-22,SKU156,286,85,21,33
2024-10-22,SKU157,162,81,21,55
2024-10-22,SKU158,61,70,12,43
2024-10-22,SKU159,136,47,7,35
2024-10-22,SKU160,213,93,4,42
2024-10-22,SKU161,268,31,15,26
2024-10-22,SKU162,53,64,5,56
2024-10-22,SKU163,82,2,12,69
2024-10-22,SKU164,251,49,10,62
2024-10-22,SKU165,205,67,19,38
2024-10-22,SKU166,106,84,16,25
2024-10-22,SKU167,276,92,17,62
2024-10-22,SKU168,262,83,14,28
2024-10-22,SKU169,158,48,18,37
2024-10-22,SKU170,229,62,11,60
2024-10-22,SKU171,37,70,12,59
2024-10-22,SKU172,221,40,19,63
2024-10-22,SKU173,214,34,18,76
2024-10-22,SKU174,189,66,3,22
2024-10-22,SKU175,102,48,13,78
2024-10-22,SKU176,242,89,20,38
2024-10-22,SKU177,45,10,4,23
2024-10-22,SKU178,210,46,19,28
2024-10-22,SKU179,140,81,19,43
2024-10-22,SKU180,72,55,9,79
2024-10-22,SKU181,296,41,7,45
2024-10-22,SKU182,66,73,9,50
2024-10-22,SKU183,40,81,13,47
2024-10-22,SKU184,221,97,5,56
2024-10-22,SKU185,196,3,4,53
2024-10-22,SKU186,63,13,14,38
2024-10-22,SKU187,90,64,13,32
2024-10-22,SKU188,21,81,15,40
2024-10-22,SKU189,217,41,4,40
2024-10-22,SKU190,212,63,5,76
2024-10-22,SKU191,220,71,13,20
2024-10-22,SKU192,179,10,11,56
2024-10-22,SKU193,111,67,17,45
2024-10-22,SKU194,64,0,11,45
2024-10-22,SKU195,165,13,15,35
2024-10-22,SKU196,199,16,12,22
2024-10-22,SKU197,180,43,11,37
2024-10-22,SKU198,256,23,4,59
2024-10-22,SKU199,286,10,3,77
2024-10-22,SKU200,103,30,21,50
2024-11-01,SKU001,157,57,12,40
2024-11-01,SKU002,41,92,16,56
2024-11-01,SKU003,291,74,6,22
2024-11-01,SKU004,185,33,14,74
2024-11-01,SKU005,181,18,19,70
2024-11-01,SKU006,280,46,21,29
2024-11-01,SKU007,31,45,14,51
2024-11-01,SKU008,40,45,19,24
2024-11-01,SKU009,94,12,6,34
2024-11-01,SKU010,256,33,17,59
2024-11-01,SKU011,172,13,9,48
2024-11-01,SKU012,131,99,5,79
2024-11-01,SKU013,155,47,3,26
2024-11-01,SKU014,67,52,7,71
2024-11-01,SKU015,106,9,8,44
2024-11-01,SKU016,42,82,5,36
2024-11-01,SKU017,261,13,20,37
2024-11-01,SKU018,158,54,5,27
2024-11-01,SKU019,279,54,5,73
2024-11-01,SKU020,210,46,21,38
2024-11-01,SKU021,22,77,14,57
2024-11-01,SKU022,290,99,17,44
2024-11-01,SKU023,46,86,18,33
2024-11-01,SKU024,296,23,16,33
2024-11-01,SKU025,150,0,5,46
2024-11-01,SKU026,289,33,15,80
2024-11-01,SKU027,191,63,19,77
2024-11-01,SKU028,142,52,15,54
2024-11-01,SKU029,288,93,7,24
2024-11-01,SKU030,236,88,9,22
2024-11-01,SKU031,92,38,8,24
2024-11-01,SKU032,202,47,14,37
2024-11-01,SKU033,277,51,17,59
2024-11-01,SKU034,52,12,15,43
2024-11-01,SKU035,101,89,18,77
2024-11-01,SKU036,200,39,10,29
2024-11-01,SKU037,267,31,17,35
2024-11-01,SKU038,111,71,17,69
2024-11-01,SKU039,74,0,7,58
2024-11-01,SKU040,272,23,8,57
2024-11-01,SKU041,70,27,6,42
2024-11-01,SKU042,126,0,21,56
2024-11-01,SKU043,167,92,10,58
2024-11-01,SKU044,239,78,8,26
2024-11-01,SKU045,93,30,10,23
2024-11-01,SKU046,135,46,6,73
2024-11-01,SKU047,276,32,9,56
2024-11-01,SKU048,80,51,9,54
2024-11-01,SKU049,28,70,8,32
2024-11-01,SKU050,52,87,6,30
2024-11-01,SKU051,138,19,10,79
2024-11-01,SKU052,51,3,20,25
2024-11-01,SKU053,179,11,16,56
2024-11-01,SKU054,280,58,19,62
2024-11-01,SKU055,74,67,12,42
2024-11-01,SKU056,191,48,17,29
2024-11-01,SKU057,296,89,21,46
2024-11-01,SKU058,273,84,9,20
2024-11-01,SKU059,298,60,16,69
2024-11-01,SKU060,112,22,17,79
2024-11-01,SKU061,282,83,4,44
2024-11-01,SKU062,262,50,7,55
2024-11-01,SKU063,231,94,5,70
2024-11-01,SKU064,74,18,8,58
2024-11-01,SKU065,87,13,21,31
2024-11-01,SKU066,232,73,11,76
2024-11-01,SKU067,204,44,5,42
2024-11-01,SKU068,243,66,20,66
2024-11-01,SKU069,48,3,6,50
2024-11-01,SKU070,194,56,16,54
2024-11-01,SKU071,43,77,16,63
2024-11-01,SKU072,107,57,13,49
2024-11-01,SKU073,192,21,17,63
2024-11-01,SKU074,36,29,7,63
2024-11-01,SKU075,79,82,21,58
2024-11-01,SKU076,67,55,19,65
2024-11-01,SKU077,44,59,3,24
2024-11-01,SKU078,116,84,19,40
2024-11-01,SKU079,242,5,6,40
2024-11-01,SKU080,298,54,17,46
2024-11-01,SKU081,167,20,4,56
2024-11-01,SKU082,206,72,3,30
2024-11-01,SKU083,123,0,13,51
2024-11-01,SKU084,139,80,5,46
2024-11-01,SKU085,189,99,18,61
2024-11-01,SKU086,206,36,9,80
2024-11-01,SKU087,119,46,11,49
2024-11-01,SKU088,32,43,10,37
2024-11-01,SKU089,255,47,3,53
2024-11-01,SKU090,294,29,19,47
2024-11-01,SKU091,93,38,16,37
2024-11-01,SKU092,114,12,10,22
2024-11-01,SKU093,255,73,14,30
2024-11-01,SKU094,292,8,20,40
2024-11-01,SKU095,76,31,17,57
2024-11-01,SKU096,200,67,15,63
2024-11-01,SKU097,286,61,18,20
2024-11-01,SKU098,183,54,13,57
2024-11-01,SKU099,140,97,20,23
2024-11-01,SKU100,189,98,12,48
2024-11-01,SKU101,46,32,9,56
2024-11-01,SKU102,230,74,7,80
2024-11-01,SKU103,95,95,21,73
2024-11-01,SKU104,190,17,15,59
2024-11-01,SKU105,142,16,7,63
2024-11-01,SKU106,296,92,3,32
2024-11-01,SKU107,20,44,5,32
2024-11-01,SKU108,124,92,21,24
2024-11-01,SKU109,208,31,5,66
2024-11-01,SKU110,246,46,12,36
2024-11-01,SKU111,57,50,14,37
2024-11-01,SKU112,272,8,6,40
2024-11-01,SKU113,174,7,7,64
2024-11-01,SKU114,124,13,14,45
2024-11-01,SKU115,199,34,11,50
2024-11-01,SKU116,255,18,18,26
2024-11-01,SKU117,32,41,13,68
2024-11-01,SKU118,101,19,4,46
2024-11-01,SKU119,43,91,9,50
2024-11-01,SKU120,155,74,7,54
2024-11-01,SKU121,85,72,16,73
2024-11-01,SKU122,123,0,9,49
2024-11-01,SKU123,218,29,15,64
2024-11-01,SKU124,23,37,20,71
2024-11-01,SKU125,119,50,19,65
2024-11-01,SKU126,115,13,11,23
2024-11-01,SKU127,45,90,9,47
2024-11-01,SKU128,164,93,4,60
2024-11-01,SKU129,80,98,16,75
2024-11-01,SKU130,42,4,18,77
2024-11-01,SKU131,178,21,6,72
2024-11-01,SKU132,123,16,8,75
2024-11-01,SKU133,109,14,6,70
2024-11-01,SKU134,151,10,17,42
2024-11-01,SKU135,173,51,8,35
2024-11-01,SKU136,167,13,20,51
2024-11-01,SKU137,247,84,14,25
2024-11-01,SKU138,242,16,17,47
2024-11-01,SKU139,250,84,9,40
2024-11-01,SKU140,173,46,12,74
2024-11-01,SKU141,175,5,18,29
2024-11-01,SKU142,283,2,11,62
2024-11-01,SKU143,178,13,13,67
2024-11-01,SKU144,147,56,6,60
2024-11-01,SKU145,40,5,18,79
2024-11-01,SKU146,213,38,17,40
2024-11-01,SKU147,290,98,19,32
2024-11-01,SKU148,169,28,14,74
2024-11-01,SKU149,65,56,14,38
2024-11-01,SKU150,168,95,6,47
2024-11-01,SKU151,66,79,3,39
2024-11-01,SKU152,50,50,11,30
2024-11-01,SKU153,25,79,4,67
2024-11-01,SKU154,26,5,3,24
2024-11-01,SKU155,86,17,11,60
2024-11-01,SKU156,245,48,11,33
2024-11-01,SKU157,119,56,6,52
2024-11-01,SKU158,135,9,21,21
2024-11-01,SKU159,216,65,3,55
2024-11-01,SKU160,271,83,14,80
2024-11-01,SKU161,206,59,9,25
2024-11-01,SKU162,136,60,20,42
2024-11-01,SKU163,237,22,12,77
2024-11-01,SKU164,135,52,9,20
2024-11-01,SKU165,177,59,20,25
2024-11-01,SKU166,167,16,10,39
2024-11-01,SKU167,196,88,5,35
2024-11-01,SKU168,39,57,14,44
2024-11-01,SKU169,102,78,4,75
2024-11-01,SKU170,141,55,6,53
2024-11-01,SKU171,100,77,5,40
2024-11-01,SKU172,152,51,21,48
2024-11-01,SKU173,268,42,19,64
2024-11-01,SKU174,89,49,12,41
2024-11-01,SKU175,133,38,7,49
2024-11-01,SKU176,141,93,16,56
2024-11-01,SKU177,119,98,14,41
2024-11-01,SKU178,195,16,6,31
2024-11-01,SKU179,208,93,4,56
2024-11-01,SKU180,47,65,19,40
2024-11-01,SKU181,137,62,9,73
2024-11-01,SKU182,114,94,14,57
2024-11-01,SKU183,237,76,19,36
2024-11-01,SKU184,201,30,9,24
2024-11-01,SKU185,25,32,20,57
2024-11-01,SKU186,61,59,11,25
2024-11-01,SKU187,295,100,8,55
2024-11-01,SKU188,50,22,16,25
2024-11-01,SKU189,212,93,8,61
2024-11-01,SKU190,241,66,12,54
2024-11-01,SKU191,160,71,4,80
2024-11-01,SKU192,186,34,21,59
2024-11-01,SKU193,186,64,17,68
2024-11-01,SKU194,208,95,9,75
2024-11-01,SKU195,58,96,12,23
2024-11-01,SKU196,265,49,16,70
2024-11-01,SKU197,222,26,4,63
2024-11-01,SKU198,222,66,8,41
2024-11-01,SKU199,220,12,5,71
2024-11-01,SKU200,43,84,3,60
2024-11-08,SKU001,158,47,14,33
2024-11-08,SKU002,249,77,3,70
2024-11-08,SKU003,290,54,6,22
2024-11-08,SKU004,199,6,10,79
2024-11-08,SKU005,144,99,7,42
2024-11-08,SKU006,133,14,20,46
2024-11-08,SKU007,41,96,5,75
2024-11-08,SKU008,108,94,6,23
2024-11-08,SKU009,167,78,20,75
2024-11-08,SKU010,233,1,20,79
2024-11-08,SKU011,63,23,7,71
2024-11-08,SKU012,170,62,20,48
2024-11-08,SKU013,300,4,3,29
2024-11-08,SKU014,275,39,5,33
2024-11-08,SKU015,205,54,18,47
2024-11-08,SKU016,136,74,21,68
2024-11-08,SKU017,50,63,10,42
2024-11-08,SKU018,218,97,19,67
2024-11-08,SKU019,185,2,14,76
2024-11-08,SKU020,260,97,16,35
2024-11-08,SKU021,45,22,10,42
2024-11-08,SKU022,144,39,21,28
2024-11-08,SKU023,140,16,4,20
2024-11-08,SKU024,210,77,15,77
2024-11-08,SKU025,254,48,21,67
2024-11-08,SKU026,105,77,5,41
2024-11-08,SKU027,154,96,12,40
2024-11-08,SKU028,149,83,17,59
2024-11-08,SKU029,71,27,3,46
2024-11-08,SKU030,203,25,3,78
2024-11-08,SKU031,223,91,11,72
2024-11-08,SKU032,118,15,4,41
2024-11-08,SKU033,22,54,13,44
2024-11-08,SKU034,181,50,5,69
2024-11-08,SKU035,178,80,3,34
2024-11-08,SKU036,298,90,6,28
2024-11-08,SKU037,241,5,18,65
2024-11-08,SKU038,255,44,21,33
2024-11-08,SKU039,272,68,3,50
2024-11-08,SKU040,89,1,15,60
2024-11-08,SKU041,256,27,16,25
2024-11-08,SKU042,240,67,6,71
2024-11-08,SKU043,231,71,12,75
2024-11-08,SKU044,42,28,13,34
2024-11-08,SKU045,85,58,15,76
2024-11-08,SKU046,127,74,18,23
2024-11-08,SKU047,132,11,12,61
2024-11-08,SKU048,163,16,5,72
2024-11-08,SKU049,117,5,10,71
2024-11-08,SKU050,100,67,21,38
2024-11-08,SKU051,26,12,8,26
2024-11-08,SKU052,217,66,6,35
2024-11-08,SKU053,147,89,5,53
2024-11-08,SKU054,167,25,9,56
2024-11-08,SKU055,32,40,19,48
2024-11-08,SKU056,29,4,19,43
2024-11-08,SKU057,201,56,16,64
2024-11-08,SKU058,195,16,14,78
2024-11-08,SKU059,209,33,12,47
2024-11-08,SKU060,113,87,15,62
2024-11-08,SKU061,139,35,7,62
2024-11-08,SKU062,85,33,4,35
2024-11-08,SKU063,269,75,7,61
2024-11-08,SKU064,263,42,10,36
2024-11-08,SKU065,94,37,14,70
2024-11-08,SKU066,70,26,10,29
2024-11-08,SKU067,285,6,20,45
2024-11-08,SKU068,264,19,15,42
2024-11-08,SKU069,95,44,10,67
2024-11-08,SKU070,100,86,10,55
2024-11-08,SKU071,210,65,19,30
2024-11-08,SKU072,51,1,15,21
2024-11-08,SKU073,255,62,7,29
2024-11-08,SKU074,134,26,4,71
2024-11-08,SKU075,271,67,19,46
2024-11-08,SKU076,115,56,20,60
2024-11-08,SKU077,56,71,11,34
2024-11-08,SKU078,138,11,15,59
2024-11-08,SKU079,56,13,10,66
2024-11-08,SKU080,286,30,5,23
2024-11-08,SKU081,256,89,14,71
2024-11-08,SKU082,201,38,7,56
2024-11-08,SKU083,180,46,14,49
2024-11-08,SKU084,110,85,9,59
2024-11-08,SKU085,96,14,11,39
2024-11-08,SKU086,32,16,4,20
2024-11-08,SKU087,261,76,13,69
2024-11-08,SKU088,100,69,19,46
2024-11-08,SKU089,53,36,6,40
2024-11-08,SKU090,93,53,11,64
2024-11-08,SKU091,178,28,15,22
2024-11-08,SKU092,182,8,6,65
2024-11-08,SKU093,151,38,14,75
2024-11-08,SKU094,34,97,21,37
2024-11-08,SKU095,94,62,12,55
2024-11-08,SKU096,49,75,12,63
2024-11-08,SKU097,176,5,8,43
2024-11-08,SKU098,124,39,16,23
2024-11-08,SKU099,247,9,11,65
2024-11-08,SKU100,236,51,18,71
2024-11-08,SKU101,43,21,6,51
2024-11-08,SKU102,179,16,13,67
2024-11-08,SKU103,34,39,20,25
2024-11-08,SKU104,126,24,11,45
2024-11-08,SKU105,126,46,9,60
2024-11-08,SKU106,21,46,4,65
2024-11-08,SKU107,201,54,21,72
2024-11-08,SKU108,230,34,7,73
2024-11-08,SKU109,193,12,11,60
2024-11-08,SKU110,70,12,18,43
2024-11-08,SKU111,61,24,8,79
2024-11-08,SKU112,203,44,13,26
2024-11-08,SKU113,299,92,4,48
2024-11-08,SKU114,144,92,5,51
2024-11-08,SKU115,55,42,12,75
2024-11-08,SKU116,147,7,21,23
2024-11-08,SKU117,177,48,6,26
2024-11-08,SKU118,277,44,14,60
2024-11-08,SKU119,283,57,7,71
2024-11-08,SKU120,296,66,3,78
2024-11-08,SKU121,254,56,13,36
2024-11-08,SKU122,66,67,18,20
2024-11-08,SKU123,37,8,20,23
2024-11-08,SKU124,222,47,7,45
2024-11-08,SKU125,226,8,19,56
2024-11-08,SKU126,35,15,16,46
2024-11-08,SKU127,272,84,5,42
2024-11-08,SKU128,193,50,5,37
2024-11-08,SKU129,56,93,15,36
2024-11-08,SKU130,195,63,11,30
2024-11-08,SKU131,185,60,5,51
2024-11-08,SKU132,100,85,15,25
2024-11-08,SKU133,125,34,19,73
2024-11-08,SKU134,233,34,11,47
2024-11-08,SKU135,58,29,21,21
2024-11-08,SKU136,272,91,16,64
2024-11-08,SKU137,164,31,9,68
2024-11-08,SKU138,21,60,6,32
2024-11-08,SKU139,284,11,14,44
2024-11-08,SKU140,259,22,9,41
2024-11-08,SKU141,215,12,21,75
2024-11-08,SKU142,113,43,6,28
2024-11-08,SKU143,253,5,16,51
2024-11-08,SKU144,94,89,6,77
2024-11-08,SKU145,257,99,4,49
2024-11-08,SKU146,218,86,10,51
2024-11-08,SKU147,143,9,17,45
2024-11-08,SKU148,227,85,16,41
2024-11-08,SKU149,208,22,4,52
2024-11-08,SKU150,297,26,8,32
2024-11-08,SKU151,137,48,6,47
2024-11-08,SKU152,162,40,20,66
2024-11-08,SKU153,32,44,21,58
2024-11-08,SKU154,107,52,13,32
2024-11-08,SKU155,35,85,14,34
2024-11-08,SKU156,223,16,9,29
2024-11-08,SKU157,61,74,21,23
2024-11-08,SKU158,147,36,3,37
2024-11-08,SKU159,163,96,21,27
2024-11-08,SKU160,168,60,13,37
2024-11-08,SKU161,60,32,3,47
2024-11-08,SKU162,158,5,8,75
2024-11-08,SKU163,222,23,16,41
2024-11-08,SKU164,217,50,3,35
2024-11-08,SKU165,24,57,14,21
2024-11-08,SKU166,175,70,19,20
2024-11-08,SKU167,41,37,9,24
2024-11-08,SKU168,46,47,7,45
2024-11-08,SKU169,254,88,3,47
2024-11-08,SKU170,54,80,12,80
2024-11-08,SKU171,72,70,6,24
2024-11-08,SKU172,114,11,3,68
2024-11-08,SKU173,55,16,13,32
2024-11-08,SKU174,169,53,12,55
2024-11-08,SKU175,192,68,3,49
2024-11-08,SKU176,55,25,15,73
2024-11-08,SKU177,76,47,10,54
2024-11-08,SKU178,237,100,19,49
2024-11-08,SKU179,95,64,17,30
2024-11-08,SKU180,57,12,14,47
2024-11-08,SKU181,271,99,9,56
2024-11-08,SKU182,183,57,18,52
2024-11-08,SKU183,76,21,7,35
2024-11-08,SKU184,71,16,14,53
2024-11-08,SKU185,99,42,13,44
2024-11-08,SKU186,278,72,14,70
2024-11-08,SKU187,140,38,20,27
2024-11-08,SKU188,150,10,17,28
2024-11-08,SKU189,103,4,10,43
2024-11-08,SKU190,241,35,11,75
2024-11-08,SKU191,105,95,11,62
2024-11-08,SKU192,273,27,19,44
2024-11-08,SKU193,140,96,6,71
2024-11-08,SKU194,205,13,3,24
2024-11-08,SKU195,155,81,21,35
2024-11-08,SKU196,195,6,3,55
2024-11-08,SKU197,297,96,8,42
2024-11-08,SKU198,271,71,13,23
2024-11-08,SKU199,220,25,6,41
2024-11-08,SKU200,142,80,16,22
2024-11-15,SKU001,263,34,10,24
2024-11-15,SKU002,100,4,13,25
2024-11-15,SKU003,184,88,19,32
2024-11-15,SKU004,68,71,20,61
2024-11-15,SKU005,216,12,13,38
2024-11-15,SKU006,110,0,15,72
2024-11-15,SKU007,25,53,16,61
2024-11-15,SKU008,269,67,20,67
2024-11-15,SKU009,43,62,8,57
2024-11-15,SKU010,102,31,8,32
2024-11-15,SKU011,255,72,21,38
2024-11-15,SKU012,283,2,6,26
2024-11-15,SKU013,114,35,19,48
2024-11-15,SKU014,57,46,13,44
2024-11-15,SKU015,144,66,3,25
2024-11-15,SKU016,183,93,5,66
2024-11-15,SKU017,233,51,18,34
2024-11-15,SKU018,77,53,19,30
2024-11-15,SKU019,81,12,12,61
2024-11-15,SKU020,62,77,8,52
2024-11-15,SKU021,64,87,19,32
2024-11-15,SKU022,216,0,3,38
2024-11-15,SKU023,173,79,17,65
2024-11-15,SKU024,86,12,6,20
2024-11-15,SKU025,269,23,14,49
2024-11-15,SKU026,24,54,8,26
2024-11-15,SKU027,45,36,13,33
2024-11-15,SKU028,224,26,13,62
2024-11-15,SKU029,99,37,16,54
2024-11-15,SKU030,266,50,13,37
2024-11-15,SKU031,197,93,10,21
2024-11-15,SKU032,274,3,17,72
2024-11-15,SKU033,149,39,21,32
2024-11-15,SKU034,93,42,6,47
2024-11-15,SKU035,73,54,11,75
2024-11-15,SKU036,88,53,15,68
2024-11-15,SKU037,23,24,4,38
2024-11-15,SKU038,55,83,11,59
2024-11-15,SKU039,188,0,4,65
2024-11-15,SKU040,136,11,18,45
2024-11-15,SKU041,281,35,15,49
2024-11-15,SKU042,251,16,17,38
2024-11-15,SKU043,155,4,9,59
2024-11-15,SKU044,103,46,10,72
2024-11-15,SKU045,139,100,16,55
2024-11-15,SKU046,270,42,19,22
2024-11-15,SKU047,196,32,13,55
2024-11-15,SKU048,39,21,16,39
2024-11-15,SKU049,116,83,12,55
2024-11-15,SKU050,103,45,10,27
2024-11-15,SKU051,44,85,12,69
2024-11-15,SKU052,63,74,4,45
2024-11-15,SKU053,104,98,15,72
2024-11-15,SKU054,198,34,18,66
2024-11-15,SKU055,298,62,21,60
2024-11-15,SKU056,69,21,8,73
2024-11-15,SKU057,280,74,9,25
2024-11-15,SKU058,166,45,21,74
2024-11-15,SKU059,127,13,21,38
2024-11-15,SKU060,212,27,9,74
2024-11-15,SKU061,26,88,4,45
2024-11-15,SKU062,200,14,12,79
2024-11-15,SKU063,177,100,19,48
2024-11-15,SKU064,66,71,18,58
2024-11-15,SKU065,162,14,4,68
2024-11-15,SKU066,235,57,11,78
2024-11-15,SKU067,235,22,6,21
2024-11-15,SKU068,37,31,16,70
2024-11-15,SKU069,259,81,11,41
2024-11-15,SKU070,283,62,19,24
2024-11-15,SKU071,201,47,18,59
2024-11-15,SKU072,192,60,17,55
2024-11-15,SKU073,117,10,5,44
2024-11-15,SKU074,27,99,12,24
2024-11-15,SKU075,276,57,14,40
2024-11-15,SKU076,109,59,7,70
2024-11-15,SKU077,195,72,4,52
2024-11-15,SKU078,214,61,4,23
2024-11-15,SKU079,178,56,19,54
2024-11-15,SKU080,115,5,6,76
2024-11-15,SKU081,170,32,10,39
2024-11-15,SKU082,249,76,12,44
2024-11-15,SKU083,137,13,3,63
2024-11-15,SKU084,122,80,13,26
2024-11-15,SKU085,253,33,19,78
2024-11-15,SKU086,215,36,15,30
2024-11-15,SKU087,238,57,9,33
2024-11-15,SKU088,168,97,19,41
2024-11-15,SKU089,138,46,10,33
2024-11-15,SKU090,90,52,5,75
2024-11-15,SKU091,225,60,3,31
2024-11-15,SKU092,83,97,6,35
2024-11-15,SKU093,47,15,4,43
2024-11-15,SKU094,53,25,3,29
2024-11-15,SKU095,67,56,9,76
2024-11-15,SKU096,114,45,13,26
2024-11-15,SKU097,177,74,7,35
2024-11-15,SKU098,143,55,17,60
2024-11-15,SKU099,174,90,16,55
2024-11-15,SKU100,67,3,6,22
2024-11-15,SKU101,242,73,16,22
2024-11-15,SKU102,188,4,16,27
2024-11-15,SKU103,85,21,14,40
2024-11-15,SKU104,150,35,14,27
2024-11-15,SKU105,265,22,12,57
2024-11-15,SKU106,210,77,4,35
2024-11-15,SKU107,279,39,10,75
2024-11-15,SKU108,189,29,18,52
2024-11-15,SKU109,198,43,21,26
2024-11-15,SKU110,273,20,18,38
2024-11-15,SKU111,42,89,18,23
2024-11-15,SKU112,233,69,16,43
2024-11-15,SKU113,41,88,3,23
2024-11-15,SKU114,69,61,6,71
2024-11-15,SKU115,265,40,12,57
2024-11-15,SKU116,271,72,9,56
2024-11-15,SKU117,32,50,14,62
2024-11-15,SKU118,177,80,14,30
2024-11-15,SKU119,234,7,18,55
2024-11-15,SKU120,113,36,4,26
2024-11-15,SKU121,71,79,20,65
2024-11-15,SKU122,298,67,19,38
2024-11-15,SKU123,110,72,13,46
2024-11-15,SKU124,44,8,18,32
2024-11-15,SKU125,63,72,8,55
2024-11-15,SKU126,117,34,3,69
2024-11-15,SKU127,237,18,6,35
2024-11-15,SKU128,90,13,4,77
2024-11-15,SKU129,179,21,5,44
2024-11-15,SKU130,145,34,3,38
2024-11-15,SKU131,95,52,9,21
2024-11-15,SKU132,254,35,17,48
2024-11-15,SKU133,173,49,12,20
2024-11-15,SKU134,226,80,15,31
2024-11-15,SKU135,117,66,21,55
2024-11-15,SKU136,166,26,15,61
2024-11-15,SKU137,130,74,16,31
2024-11-15,SKU138,210,95,13,57
2024-11-15,SKU139,134,71,13,51
2024-11-15,SKU140,222,67,11,66
2024-11-15,SKU141,225,26,14,37
2024-11-15,SKU142,208,17,10,52
2024-11-15,SKU143,201,60,21,61
2024-11-15,SKU144,54,68,15,54
2024-11-15,SKU145,125,50,8,66
2024-11-15,SKU146,299,18,4,46
2024-11-15,SKU147,61,82,17,77
2024-11-15,SKU148,100,91,4,78
2024-11-15,SKU149,248,19,4,34
2024-11-15,SKU150,198,60,4,38
2024-11-15,SKU151,215,29,11,37
2024-11-15,SKU152,72,26,9,50
2024-11-15,SKU153,167,15,9,80
2024-11-15,SKU154,32,51,11,40
2024-11-15,SKU155,216,40,11,62
2024-11-15,SKU156,124,34,12,25
2024-11-15,SKU157,261,26,5,42
2024-11-15,SKU158,235,12,6,28
2024-11-15,SKU159,98,30,13,29
2024-11-15,SKU160,53,17,8,66
2024-11-15,SKU161,28,36,19,62
2024-11-15,SKU162,231,2,12,28
2024-11-15,SKU163,163,72,7,30
2024-11-15,SKU164,152,44,12,51
2024-11-15,SKU165,259,79,5,80
2024-11-15,SKU166,246,37,20,36
2024-11-15,SKU167,52,21,18,78
2024-11-15,SKU168,177,24,9,55
2024-11-15,SKU169,113,28,11,57
2024-11-15,SKU170,293,65,15,26
2024-11-15,SKU171,270,79,12,76
2024-11-15,SKU172,94,83,7,47
2024-11-15,SKU173,290,94,11,75
2024-11-15,SKU174,204,80,18,30
2024-11-15,SKU175,257,61,6,23
2024-11-15,SKU176,201,34,3,20
2024-11-15,SKU177,153,46,15,62
2024-11-15,SKU178,90,86,20,64
2024-11-15,SKU179,77,99,16,48
2024-11-15,SKU180,296,34,15,35
2024-11-15,SKU181,237,97,15,42
2024-11-15,SKU182,86,16,14,63
2024-11-15,SKU183,189,15,9,63
2024-11-15,SKU184,79,25,10,28
2024-11-15,SKU185,105,49,4,38
2024-11-15,SKU186,120,90,7,39
2024-11-15,SKU187,276,79,11,79
2024-11-15,SKU188,288,24,15,72
2024-11-15,SKU189,123,26,13,77
2024-11-15,SKU190,246,84,4,71
2024-11-15,SKU191,270,99,6,69
2024-11-15,SKU192,215,73,20,29
2024-11-15,SKU193,185,2,17,32
2024-11-15,SKU194,120,56,15,25
2024-11-15,SKU195,140,64,18,38
2024-11-15,SKU196,213,81,14,61
2024-11-15,SKU197,167,38,14,47
2024-11-15,SKU198,276,11,16,38
2024-11-15,SKU199,113,3,16,37
2024-11-15,SKU200,192,22,8,56
2024-11-22,SKU001,292,67,4,35
2024-11-22,SKU002,261,47,3,75
2024-11-22,SKU003,53,24,7,73
2024-11-22,SKU004,265,85,12,56
2024-11-22,SKU005,163,59,13,33
2024-11-22,SKU006,299,33,9,33
2024-11-22,SKU007,140,33,5,67
2024-11-22,SKU008,222,2,8,42
2024-11-22,SKU009,83,92,20,42
2024-11-22,SKU010,64,6,14,57
2024-11-22,SKU011,103,61,5,65
2024-11-22,SKU012,103,20,16,52
2024-11-22,SKU013,228,15,19,46
2024-11-22,SKU014,170,89,17,79
2024-11-22,SKU015,62,72,7,76
2024-11-22,SKU016,129,69,21,31
2024-11-22,SKU017,284,89,11,52
2024-11-22,SKU018,250,20,14,43
2024-11-22,SKU019,74,47,14,43
2024-11-22,SKU020,231,22,8,68
2024-11-22,SKU021,144,78,13,68
2024-11-22,SKU022,96,56,8,61
2024-11-22,SKU023,53,48,17,49
2024-11-22,SKU024,89,84,16,74
2024-11-22,SKU025,21,91,13,52
2024-11-22,SKU026,63,34,12,46
2024-11-22,SKU027,29,94,8,56
2024-11-22,SKU028,90,15,3,70
2024-11-22,SKU029,105,27,5,36
2024-11-22,SKU030,40,37,19,72
2024-11-22,SKU031,299,23,3,22
2024-11-22,SKU032,138,36,11,24
2024-11-22,SKU033,141,23,11,47
2024-11-22,SKU034,163,22,3,66
2024-11-22,SKU035,287,88,16,63
2024-11-22,SKU036,53,92,15,50
2024-11-22,SKU037,141,88,10,28
2024-11-22,SKU038,194,75,9,48
2024-11-22,SKU039,190,26,15,61
2024-11-22,SKU040,48,43,17,69
2024-11-22,SKU041,273,74,9,51
2024-11-22,SKU042,239,29,8,22
2024-11-22,SKU043,70,42,13,70
2024-11-22,SKU044,260,52,4,40
2024-11-22,SKU045,77,56,9,31
2024-11-22,SKU046,191,37,10,30
2024-11-22,SKU047,36,45,21,37
2024-11-22,SKU048,201,52,18,22
2024-11-22,SKU049,20,81,18,55
2024-11-22,SKU050,213,21,6,25
2024-11-22,SKU051,226,16,8,73
2024-11-22,SKU052,69,15,6,42
2024-11-22,SKU053,59,41,5,65
2024-11-22,SKU054,288,58,9,30
2024-11-22,SKU055,176,28,19,69
2024-11-22,SKU056,104,11,7,74
2024-11-22,SKU057,188,5,4,24
2024-11-22,SKU058,289,74,10,79
2024-11-22,SKU059,72,61,6,48
2024-11-22,SKU060,57,13,5,31
2024-11-22,SKU061,41,71,13,71
2024-11-22,SKU062,299,46,14,78
2024-11-22,SKU063,226,30,18,58
2024-11-22,SKU064,217,47,5,46
2024-11-22,SKU065,94,26,8,38
2024-11-22,SKU066,44,47,15,67
2024-11-22,SKU067,60,4,11,34
2024-11-22,SKU068,134,14,17,70
2024-11-22,SKU069,168,26,11,32
2024-11-22,SKU070,78,18,19,50
2024-11-22,SKU071,21,1,7,33
2024-11-22,SKU072,229,92,21,53
2024-11-22,SKU073,98,55,21,76
2024-11-22,SKU074,92,0,9,47
2024-11-22,SKU075,101,12,10,29
2024-11-22,SKU076,239,57,3,52
2024-11-22,SKU077,232,61,9,44
2024-11-22,SKU078,67,81,21,21
2024-11-22,SKU079,26,77,4,46
2024-11-22,SKU080,165,26,20,51
2024-11-22,SKU081,154,67,3,54
2024-11-22,SKU082,150,11,14,77
2024-11-22,SKU083,122,95,17,80
2024-11-22,SKU084,293,39,6,45
2024-11-22,SKU085,234,95,9,42
2024-11-22,SKU086,295,72,18,50
2024-11-22,SKU087,144,25,18,51
2024-11-22,SKU088,94,37,11,31
2024-11-22,SKU089,256,83,9,27
2024-11-22,SKU090,276,18,4,28
2024-11-22,SKU091,71,31,5,49
2024-11-22,SKU092,204,75,20,42
2024-11-22,SKU093,139,15,15,36
2024-11-22,SKU094,120,32,4,43
2024-11-22,SKU095,249,38,9,30
2024-11-22,SKU096,293,40,15,25
2024-11-22,SKU097,178,21,6,69
2024-11-22,SKU098,297,62,19,51
2024-11-22,SKU099,164,37,15,58
2024-11-22,SKU100,226,72,16,77
2024-11-22,SKU101,54,73,14,49
2024-11-22,SKU102,45,21,14,49
2024-11-22,SKU103,124,51,20,47
2024-11-22,SKU104,207,22,17,36
2024-11-22,SKU105,263,38,11,57
2024-11-22,SKU106,172,81,6,43
2024-11-22,SKU107,92,13,12,52
2024-11-22,SKU108,73,47,21,79
2024-11-22,SKU109,43,35,17,57
2024-11-22,SKU110,47,5,15,77
2024-11-22,SKU111,155,23,3,65
2024-11-22,SKU112,243,28,13,79
2024-11-22,SKU113,119,64,15,49
2024-11-22,SKU114,240,62,4,57
2024-11-22,SKU115,234,93,20,45
2024-11-22,SKU116,99,89,21,59
2024-11-22,SKU117,300,62,15,74
2024-11-22,SKU118,268,55,8,72
2024-11-22,SKU119,196,80,3,61
2024-11-22,SKU120,190,71,14,23
2024-11-22,SKU121,87,72,7,28
2024-11-22,SKU122,266,30,21,31
2024-11-22,SKU123,152,76,13,46
2024-11-22,SKU124,89,5,19,67
2024-11-22,SKU125,243,48,6,60
2024-11-22,SKU126,177,15,8,77
2024-11-22,SKU127,162,84,19,44
2024-11-22,SKU128,191,41,19,25
2024-11-22,SKU129,77,42,7,20
2024-11-22,SKU130,90,63,11,80
2024-11-22,SKU131,37,50,15,65
2024-11-22,SKU132,275,64,17,78
2024-11-22,SKU133,187,16,8,61
2024-11-22,SKU134,253,29,9,41
2024-11-22,SKU135,91,72,11,54
2024-11-22,SKU136,201,7,21,37
2024-11-22,SKU137,33,16,9,58
2024-11-22,SKU138,248,16,4,29
2024-11-22,SKU139,194,8,7,28
2024-11-22,SKU140,160,85,8,22
2024-11-22,SKU141,130,20,4,29
2024-11-22,SKU142,69,61,9,70
2024-11-22,SKU143,255,15,20,71
2024-11-22,SKU144,231,86,8,70
2024-11-22,SKU145,216,50,4,58
2024-11-22,SKU146,51,46,5,36
2024-11-22,SKU147,221,62,16,47
2024-11-22,SKU148,271,80,19,72
2024-11-22,SKU149,168,53,8,62
2024-11-22,SKU150,120,76,5,64
2024-11-22,SKU151,66,20,6,52
2024-11-22,SKU152,32,45,6,27
2024-11-22,SKU153,253,85,12,72
2024-11-22,SKU154,201,91,21,57
2024-11-22,SKU155,64,27,18,79
2024-11-22,SKU156,215,23,18,61
2024-11-22,SKU157,267,30,9,57
2024-11-22,SKU158,220,24,6,41
2024-11-22,SKU159,267,59,7,79
2024-11-22,SKU160,76,26,21,66
2024-11-22,SKU161,142,89,14,37
2024-11-22,SKU162,149,64,6,73
2024-11-22,SKU163,155,37,7,67
2024-11-22,SKU164,181,14,8,23
2024-11-22,SKU165,114,84,21,54
2024-11-22,SKU166,120,82,12,24
2024-11-22,SKU167,95,23,18,77
2024-11-22,SKU168,179,52,10,34
2024-11-22,SKU169,186,48,3,74
2024-11-22,SKU170,91,58,7,33
2024-11-22,SKU171,290,34,5,26
2024-11-22,SKU172,76,18,7,40
2024-11-22,SKU173,134,2,7,65
2024-11-22,SKU174,79,29,14,66
2024-11-22,SKU175,194,100,19,31
2024-11-22,SKU176,204,38,19,20
2024-11-22,SKU177,160,61,21,60
2024-11-22,SKU178,70,93,17,77
2024-11-22,SKU179,119,38,5,71
2024-11-22,SKU180,109,26,6,75
2024-11-22,SKU181,156,73,14,58
2024-11-22,SKU182,96,39,17,66
2024-11-22,SKU183,149,18,3,66
2024-11-22,SKU184,85,100,11,21
2024-11-22,SKU185,165,56,4,72
2024-11-22,SKU186,90,87,14,55
2024-11-22,SKU187,238,7,5,75
2024-11-22,SKU188,63,89,15,77
2024-11-22,SKU189,125,93,13,45
2024-11-22,SKU190,296,16,21,22
2024-11-22,SKU191,87,76,18,50
2024-11-22,SKU192,253,84,13,49
2024-11-22,SKU193,218,14,6,48
2024-11-22,SKU194,176,7,14,59
2024-11-22,SKU195,57,82,12,32
2024-11-22,SKU196,113,35,6,20
2024-11-22,SKU197,70,23,17,53
2024-11-22,SKU198,56,51,13,68
2024-11-22,SKU199,84,10,13,62
2024-11-22,SKU200,98,17,20,73
2024-12-01,SKU001,179,15,13,75
2024-12-01,SKU002,37,0,19,70
2024-12-01,SKU003,253,19,9,47
2024-12-01,SKU004,223,74,12,24
2024-12-01,SKU005,113,56,8,52
2024-12-01,SKU006,155,66,17,24
2024-12-01,SKU007,257,13,3,66
2024-12-01,SKU008,240,66,13,24
2024-12-01,SKU009,214,43,3,76
2024-12-01,SKU010,296,98,16,36
2024-12-01,SKU011,298,0,16,47
2024-12-01,SKU012,68,65,8,80
2024-12-01,SKU013,283,27,7,24
2024-12-01,SKU014,51,59,14,73
2024-12-01,SKU015,125,49,3,32
2024-12-01,SKU016,31,47,9,59
2024-12-01,SKU017,169,21,4,39
2024-12-01,SKU018,125,82,16,58
2024-12-01,SKU019,100,55,9,49
2024-12-01,SKU020,33,2,4,22
2024-12-01,SKU021,262,93,13,47
2024-12-01,SKU022,40,73,15,21
2024-12-01,SKU023,72,21,16,42
2024-12-01,SKU024,253,11,12,49
2024-12-01,SKU025,29,45,4,25
2024-12-01,SKU026,69,49,10,63
2024-12-01,SKU027,113,16,9,75
2024-12-01,SKU028,64,99,7,65
2024-12-01,SKU029,67,80,20,74
2024-12-01,SKU030,72,70,5,40
2024-12-01,SKU031,99,64,4,37
2024-12-01,SKU032,91,100,5,58
2024-12-01,SKU033,175,1,20,69
2024-12-01,SKU034,159,63,11,51
2024-12-01,SKU035,99,18,15,70
2024-12-01,SKU036,70,53,16,73
2024-12-01,SKU037,70,30,18,68
2024-12-01,SKU038,73,39,17,79
2024-12-01,SKU039,202,50,5,42
2024-12-01,SKU040,154,26,16,72
2024-12-01,SKU041,23,74,9,28
2024-12-01,SKU042,114,29,14,64
2024-12-01,SKU043,292,51,12,75
2024-12-01,SKU044,134,55,12,68
2024-12-01,SKU045,69,0,19,50
2024-12-01,SKU046,69,77,19,72
2024-12-01,SKU047,292,95,3,43
2024-12-01,SKU048,149,13,7,61
2024-12-01,SKU049,91,18,6,37
2024-12-01,SKU050,127,29,19,48
2024-12-01,SKU051,26,7,12,65
2024-12-01,SKU052,21,63,20,22
2024-12-01,SKU053,29,96,3,45
2024-12-01,SKU054,29,51,5,54
2024-12-01,SKU055,28,56,3,71
2024-12-01,SKU056,201,6,4,22
2024-12-01,SKU057,217,59,6,42
2024-12-01,SKU058,290,91,13,41
2024-12-01,SKU059,52,68,7,29
2024-12-01,SKU060,47,59,18,22
2024-12-01,SKU061,261,74,18,74
2024-12-01,SKU062,293,1,4,21
2024-12-01,SKU063,64,3,21,58
2024-12-01,SKU064,184,51,14,68
2024-12-01,SKU065,84,68,13,29
2024-12-01,SKU066,52,3,16,42
2024-12-01,SKU067,232,76,3,68
2024-12-01,SKU068,294,52,11,61
2024-12-01,SKU069,38,22,8,75
2024-12-01,SKU070,260,72,3,39
2024-12-01,SKU071,85,14,12,55
2024-12-01,SKU072,209,92,10,74
2024-12-01,SKU073,177,37,12,29
2024-12-01,SKU074,277,62,14,23
2024-12-01,SKU075,293,83,15,52
2024-12-01,SKU076,128,35,8,37
2024-12-01,SKU077,224,79,6,35
2024-12-01,SKU078,184,30,12,59
2024-12-01,SKU079,135,51,20,75
2024-12-01,SKU080,221,1,8,55
2024-12-01,SKU081,118,0,21,76
2024-12-01,SKU082,212,97,16,49
2024-12-01,SKU083,71,97,8,46
2024-12-01,SKU084,73,95,17,74
2024-12-01,SKU085,43,73,19,54
2024-12-01,SKU086,289,27,9,59
2024-12-01,SKU087,276,70,15,79
2024-12-01,SKU088,58,26,10,56
2024-12-01,SKU089,157,1,3,34
2024-12-01,SKU090,112,38,10,21
2024-12-01,SKU091,172,16,11,22
2024-12-01,SKU092,203,79,19,60
2024-12-01,SKU093,156,0,10,59
2024-12-01,SKU094,47,0,12,76
2024-12-01,SKU095,141,12,9,42
2024-12-01,SKU096,221,62,8,80
2024-12-01,SKU097,52,44,21,65
2024-12-01,SKU098,165,61,7,39
2024-12-01,SKU099,290,85,21,31
2024-12-01,SKU100,271,44,19,70
2024-12-01,SKU101,144,65,10,38
2024-12-01,SKU102,203,51,10,78
2024-12-01,SKU103,122,5,18,35
2024-12-01,SKU104,196,100,6,44
2024-12-01,SKU105,47,97,8,53
2024-12-01,SKU106,210,88,11,45
2024-12-01,SKU107,258,78,4,26
2024-12-01,SKU108,259,73,18,46
2024-12-01,SKU109,180,63,16,52
2024-12-01,SKU110,93,17,14,34
2024-12-01,SKU111,264,34,18,79
2024-12-01,SKU112,120,74,6,33
2024-12-01,SKU113,73,9,9,73
2024-12-01,SKU114,122,12,12,72
2024-12-01,SKU115,115,48,8,52
2024-12-01,SKU116,133,71,10,63
2024-12-01,SKU117,244,14,21,22
2024-12-01,SKU118,276,21,20,61
2024-12-01,SKU119,22,97,7,32
2024-12-01,SKU120,203,66,16,76
2024-12-01,SKU121,22,73,4,72
2024-12-01,SKU122,147,78,17,60
2024-12-01,SKU123,57,17,14,62
2024-12-01,SKU124,107,91,14,37
2024-12-01,SKU125,106,9,16,25
2024-12-01,SKU126,94,96,5,50
2024-12-01,SKU127,211,51,19,66
2024-12-01,SKU128,35,32,9,35
2024-12-01,SKU129,133,39,15,52
2024-12-01,SKU130,32,38,4,55
2024-12-01,SKU131,83,25,15,40
2024-12-01,SKU132,159,77,3,72
2024-12-01,SKU133,227,37,12,22
2024-12-01,SKU134,172,70,12,33
2024-12-01,SKU135,177,31,15,29
2024-12-01,SKU136,244,50,5,23
2024-12-01,SKU137,30,47,9,50
2024-12-01,SKU138,134,57,18,40
2024-12-01,SKU139,300,59,4,74
2024-12-01,SKU140,121,25,5,55
2024-12-01,SKU141,128,86,5,25
2024-12-01,SKU142,34,50,21,65
2024-12-01,SKU143,92,68,10,55
2024-12-01,SKU144,66,39,3,68
2024-12-01,SKU145,124,49,3,40
2024-12-01,SKU146,201,45,14,41
2024-12-01,SKU147,176,32,9,55
2024-12-01,SKU148,87,78,19,37
2024-12-01,SKU149,50,74,10,40
2024-12-01,SKU150,49,98,15,23
2024-12-01,SKU151,149,13,5,52
2024-12-01,SKU152,130,34,21,55
2024-12-01,SKU153,232,65,7,24
2024-12-01,SKU154,50,50,19,76
2024-12-01,SKU155,180,16,18,52
2024-12-01,SKU156,274,60,6,61
2024-12-01,SKU157,90,67,15,56
2024-12-01,SKU158,68,19,19,45
2024-12-01,SKU159,132,16,11,65
2024-12-01,SKU160,77,61,10,49
2024-12-01,SKU161,286,39,4,33
2024-12-01,SKU162,131,91,11,31
2024-12-01,SKU163,71,32,11,33
2024-12-01,SKU164,237,45,9,33
2024-12-01,SKU165,172,94,15,71
2024-12-01,SKU166,148,17,21,33
2024-12-01,SKU167,280,24,18,41
2024-12-01,SKU168,225,41,16,36
2024-12-01,SKU169,84,48,5,36
2024-12-01,SKU170,176,93,16,55
2024-12-01,SKU171,96,55,7,26
2024-12-01,SKU172,85,39,14,80
2024-12-01,SKU173,229,6,12,28
2024-12-01,SKU174,168,18,12,40
2024-12-01,SKU175,220,20,14,58
2024-12-01,SKU176,197,51,21,79
2024-12-01,SKU177,50,10,14,51
2024-12-01,SKU178,100,5,21,31
2024-12-01,SKU179,132,34,16,41
2024-12-01,SKU180,162,8,9,39
2024-12-01,SKU181,123,99,16,54
2024-12-01,SKU182,167,35,8,79
2024-12-01,SKU183,278,70,8,72
2024-12-01,SKU184,158,85,8,34
2024-12-01,SKU185,183,42,21,66
2024-12-01,SKU186,255,58,7,68
2024-12-01,SKU187,76,53,12,21
2024-12-01,SKU188,111,87,11,73
2024-12-01,SKU189,172,93,4,37
2024-12-01,SKU190,97,83,16,66
2024-12-01,SKU191,209,29,18,20
2024-12-01,SKU192,85,75,15,38
2024-12-01,SKU193,252,32,8,58
2024-12-01,SKU194,98,68,6,79
2024-12-01,SKU195,242,82,10,62
2024-12-01,SKU196,84,21,10,39
2024-12-01,SKU197,75,80,16,59
2024-12-01,SKU198,110,96,6,50
2024-12-01,SKU199,178,44,18,22
2024-12-01,SKU200,195,83,9,70
2024-12-08,SKU001,220,54,7,31
2024-12-08,SKU002,153,29,6,52
2024-12-08,SKU003,263,12,19,76
2024-12-08,SKU004,275,5,6,38
2024-12-08,SKU005,89,69,3,37
2024-12-08,SKU006,249,45,10,37
2024-12-08,SKU007,120,80,9,72
2024-12-08,SKU008,140,10,4,38
2024-12-08,SKU009,39,58,14,51
2024-12-08,SKU010,192,75,18,75
2024-12-08,SKU011,38,47,7,77
2024-12-08,SKU012,162,53,8,64
2024-12-08,SKU013,213,22,19,49
2024-12-08,SKU014,58,66,15,60
2024-12-08,SKU015,142,30,8,54
2024-12-08,SKU016,68,75,3,40
2024-12-08,SKU017,122,26,8,40
2024-12-08,SKU018,35,11,14,54
2024-12-08,SKU019,33,52,17,37
2024-12-08,SKU020,23,81,17,38
2024-12-08,SKU021,180,71,13,28
2024-12-08,SKU022,123,38,4,51
2024-12-08,SKU023,247,67,4,74
2024-12-08,SKU024,149,43,3,21
2024-12-08,SKU025,237,87,19,73
2024-12-08,SKU026,163,67,21,38
2024-12-08,SKU027,229,58,7,36
2024-12-08,SKU028,263,0,13,27
2024-12-08,SKU029,75,22,6,47
2024-12-08,SKU030,154,51,12,30
2024-12-08,SKU031,160,87,19,48
2024-12-08,SKU032,27,39,4,53
2024-12-08,SKU033,71,59,19,78
2024-12-08,SKU034,106,33,7,22
2024-12-08,SKU035,216,4,9,30
2024-12-08,SKU036,216,56,8,32
2024-12-08,SKU037,261,87,4,44
2024-12-08,SKU038,155,72,5,42
2024-12-08,SKU039,54,20,20,80
2024-12-08,SKU040,218,28,14,33
2024-12-08,SKU041,90,84,11,73
2024-12-08,SKU042,97,36,7,62
2024-12-08,SKU043,184,77,9,61
2024-12-08,SKU044,273,83,18,43
2024-12-08,SKU045,288,79,19,22
2024-12-08,SKU046,139,79,8,42
2024-12-08,SKU047,31,56,4,65
2024-12-08,SKU048,277,88,21,52
2024-12-08,SKU049,218,2,9,22
2024-12-08,SKU050,190,70,3,27
2024-12-08,SKU051,143,26,18,34
2024-12-08,SKU052,274,5,18,32
2024-12-08,SKU053,126,39,6,74
2024-12-08,SKU054,229,19,20,55
2024-12-08,SKU055,197,87,17,36
2024-12-08,SKU056,72,25,18,69
2024-12-08,SKU057,274,25,11,54
2024-12-08,SKU058,32,46,20,76
2024-12-08,SKU059,208,34,9,53
2024-12-08,SKU060,122,12,12,70
2024-12-08,SKU061,64,38,18,31
2024-12-08,SKU062,155,9,4,32
2024-12-08,SKU063,193,8,19,66
2024-12-08,SKU064,185,43,14,64
2024-12-08,SKU065,169,79,3,43
2024-12-08,SKU066,104,70,6,68
2024-12-08,SKU067,140,62,8,58
2024-12-08,SKU068,149,49,20,76
2024-12-08,SKU069,57,15,16,40
2024-12-08,SKU070,122,40,12,68
2024-12-08,SKU071,71,13,21,29
2024-12-08,SKU072,300,19,20,29
2024-12-08,SKU073,84,13,8,52
2024-12-08,SKU074,91,50,9,77
2024-12-08,SKU075,89,27,16,72
2024-12-08,SKU076,210,34,14,38
2024-12-08,SKU077,29,39,3,57
2024-12-08,SKU078,116,60,4,52
2024-12-08,SKU079,176,87,18,64
2024-12-08,SKU080,174,81,12,22
2024-12-08,SKU081,102,7,7,65
2024-12-08,SKU082,191,12,9,42
2024-12-08,SKU083,57,28,3,45
2024-12-08,SKU084,232,62,15,79
2024-12-08,SKU085,123,15,3,69
2024-12-08,SKU086,143,63,19,69
2024-12-08,SKU087,222,67,11,27
2024-12-08,SKU088,147,58,4,62
2024-12-08,SKU089,163,81,9,59
2024-12-08,SKU090,124,3,13,31
2024-12-08,SKU091,196,91,6,41
2024-12-08,SKU092,225,26,12,40
2024-12-08,SKU093,28,8,3,55
2024-12-08,SKU094,185,86,8,20
2024-12-08,SKU095,68,34,8,64
2024-12-08,SKU096,279,38,20,54
2024-12-08,SKU097,265,66,20,55
2024-12-08,SKU098,237,6,3,45
2024-12-08,SKU099,254,61,11,72
2024-12-08,SKU100,124,32,17,56
2024-12-08,SKU101,108,57,19,31
2024-12-08,SKU102,95,98,3,73
2024-12-08,SKU103,263,47,3,48
2024-12-08,SKU104,104,61,18,80
2024-12-08,SKU105,199,40,16,77
2024-12-08,SKU106,61,57,3,26
2024-12-08,SKU107,29,23,19,24
2024-12-08,SKU108,218,54,5,75
2024-12-08,SKU109,263,60,14,36
2024-12-08,SKU110,280,95,17,41
2024-12-08,SKU111,83,56,7,38
2024-12-08,SKU112,138,11,20,20
2024-12-08,SKU113,94,92,5,75
2024-12-08,SKU114,286,92,5,53
2024-12-08,SKU115,154,58,18,79
2024-12-08,SKU116,296,34,4,75
2024-12-08,SKU117,137,0,16,32
2024-12-08,SKU118,164,25,21,52
2024-12-08,SKU119,167,62,17,67
2024-12-08,SKU120,243,37,9,55
2024-12-08,SKU121,269,16,15,25
2024-12-08,SKU122,139,41,21,55
2024-12-08,SKU123,230,53,10,76
2024-12-08,SKU124,67,55,11,59
2024-12-08,SKU125,155,2,4,20
2024-12-08,SKU126,26,65,10,41
2024-12-08,SKU127,198,44,8,34
2024-12-08,SKU128,256,35,4,35
2024-12-08,SKU129,86,69,10,69
2024-12-08,SKU130,138,25,10,76
2024-12-08,SKU131,250,79,3,48
2024-12-08,SKU132,276,91,9,39
2024-12-08,SKU133,37,23,4,20
2024-12-08,SKU134,27,92,21,72
2024-12-08,SKU135,249,37,13,51
2024-12-08,SKU136,84,95,11,33
2024-12-08,SKU137,253,39,16,52
2024-12-08,SKU138,55,78,19,32
2024-12-08,SKU139,163,59,7,78
2024-12-08,SKU140,31,2,21,35
2024-12-08,SKU141,66,53,16,71
2024-12-08,SKU142,196,84,5,47
2024-12-08,SKU143,26,62,19,62
2024-12-08,SKU144,197,31,21,23
2024-12-08,SKU145,116,31,7,76
2024-12-08,SKU146,145,15,16,23
2024-12-08,SKU147,109,9,10,55
2024-12-08,SKU148,42,26,9,68
2024-12-08,SKU149,186,39,14,59
2024-12-08,SKU150,268,73,15,76
2024-12-08,SKU151,69,2,21,79
2024-12-08,SKU152,267,3,5,25
2024-12-08,SKU153,125,3,21,25
2024-12-08,SKU154,212,25,11,65
2024-12-08,SKU155,40,29,7,71
2024-12-08,SKU156,246,61,17,75
2024-12-08,SKU157,151,99,18,36
2024-12-08,SKU158,217,77,18,30
2024-12-08,SKU159,189,45,7,63
2024-12-08,SKU160,101,2,5,33
2024-12-08,SKU161,175,4,19,72
2024-12-08,SKU162,139,37,11,77
2024-12-08,SKU163,214,59,8,50
2024-12-08,SKU164,292,96,10,65
2024-12-08,SKU165,196,2,5,50
2024-12-08,SKU166,26,73,19,39
2024-12-08,SKU167,185,68,21,32
2024-12-08,SKU168,20,0,21,65
2024-12-08,SKU169,195,81,16,41
2024-12-08,SKU170,130,24,16,51
2024-12-08,SKU171,60,49,8,44
2024-12-08,SKU172,187,74,7,47
2024-12-08,SKU173,290,60,9,26
2024-12-08,SKU174,27,90,13,42
2024-12-08,SKU175,202,32,6,58
2024-12-08,SKU176,277,5,8,21
2024-12-08,SKU177,176,82,13,76
2024-12-08,SKU178,98,4,17,24
2024-12-08,SKU179,203,95,19,67
2024-12-08,SKU180,259,90,20,27
2024-12-08,SKU181,199,88,13,35
2024-12-08,SKU182,191,71,21,63
2024-12-08,SKU183,227,27,8,52
2024-12-08,SKU184,222,21,18,57
2024-12-08,SKU185,282,3,17,68
2024-12-08,SKU186,84,32,6,61
2024-12-08,SKU187,166,59,19,69
2024-12-08,SKU188,166,16,13,49
2024-12-08,SKU189,163,77,17,65
2024-12-08,SKU190,210,68,21,66
2024-12-08,SKU191,32,31,8,42
2024-12-08,SKU192,175,66,20,63
2024-12-08,SKU193,206,72,6,42
2024-12-08,SKU194,23,10,6,44
2024-12-08,SKU195,99,98,6,55
2024-12-08,SKU196,247,67,20,55
2024-12-08,SKU197,72,56,13,24
2024-12-08,SKU198,88,96,20,63
2024-12-08,SKU199,190,63,8,63
2024-12-08,SKU200,271,79,11,59
2024-12-15,SKU001,76,32,12,20
2024-12-15,SKU002,132,15,17,41
2024-12-15,SKU003,269,26,14,68
2024-12-15,SKU004,100,53,16,21
2024-12-15,SKU005,290,24,8,68
2024-12-15,SKU006,161,50,17,28
2024-12-15,SKU007,293,70,13,51
2024-12-15,SKU008,299,35,3,70
2024-12-15,SKU009,86,83,8,33
2024-12-15,SKU010,268,74,16,30
2024-12-15,SKU011,260,35,21,29
2024-12-15,SKU012,206,24,20,61
2024-12-15,SKU013,227,58,12,63
2024-12-15,SKU014,277,62,15,34
2024-12-15,SKU015,237,66,18,67
2024-12-15,SKU016,58,47,21,56
2024-12-15,SKU017,267,88,7,46
2024-12-15,SKU018,269,30,19,56
2024-12-15,SKU019,232,88,19,33
2024-12-15,SKU020,80,65,10,60
2024-12-15,SKU021,244,81,21,28
2024-12-15,SKU022,236,80,7,65
2024-12-15,SKU023,263,47,3,72
2024-12-15,SKU024,298,6,3,56
2024-12-15,SKU025,119,75,3,38
2024-12-15,SKU026,22,53,13,37
2024-12-15,SKU027,230,96,10,25
2024-12-15,SKU028,119,47,18,76
2024-12-15,SKU029,160,34,10,53
2024-12-15,SKU030,289,58,10,28
2024-12-15,SKU031,279,31,7,29
2024-12-15,SKU032,152,26,9,66
2024-12-15,SKU033,23,53,19,54
2024-12-15,SKU034,62,71,4,42
2024-12-15,SKU035,104,56,16,48
2024-12-15,SKU036,127,85,4,52
2024-12-15,SKU037,44,8,14,56
2024-12-15,SKU038,116,65,12,79
2024-12-15,SKU039,118,74,7,20
2024-12-15,SKU040,73,95,10,67
2024-12-15,SKU041,277,7,19,65
2024-12-15,SKU042,274,60,3,80
2024-12-15,SKU043,232,15,9,46
2024-12-15,SKU044,210,18,11,20
2024-12-15,SKU045,111,6,16,53
2024-12-15,SKU046,74,56,11,80
2024-12-15,SKU047,193,16,20,39
2024-12-15,SKU048,29,10,18,27
2024-12-15,SKU049,206,55,18,55
2024-12-15,SKU050,248,40,17,48
2024-12-15,SKU051,112,49,12,29
2024-12-15,SKU052,78,95,16,48
2024-12-15,SKU053,272,86,13,67
2024-12-15,SKU054,216,98,20,31
2024-12-15,SKU055,140,63,9,59
2024-12-15,SKU056,175,37,16,67
2024-12-15,SKU057,55,99,7,36
2024-12-15,SKU058,121,87,21,38
2024-12-15,SKU059,70,40,6,49
2024-12-15,SKU060,23,48,8,62
2024-12-15,SKU061,218,43,15,53
2024-12-15,SKU062,87,99,13,73
2024-12-15,SKU063,30,29,19,63
2024-12-15,SKU064,65,24,21,33
2024-12-15,SKU065,157,3,13,79
2024-12-15,SKU066,158,43,19,55
2024-12-15,SKU067,148,78,19,78
2024-12-15,SKU068,42,22,16,30
2024-12-15,SKU069,139,41,9,24
2024-12-15,SKU070,173,99,9,74
2024-12-15,SKU071,71,81,10,72
2024-12-15,SKU072,214,82,3,77
2024-12-15,SKU073,170,73,19,76
2024-12-15,SKU074,24,89,13,51
2024-12-15,SKU075,170,68,13,57
2024-12-15,SKU076,57,7,11,58
2024-12-15,SKU077,280,90,13,61
2024-12-15,SKU078,176,8,19,55
2024-12-15,SKU079,281,86,8,35
2024-12-15,SKU080,188,45,11,59
2024-12-15,SKU081,270,26,9,31
2024-12-15,SKU082,262,86,5,71
2024-12-15,SKU083,158,26,16,72
2024-12-15,SKU084,132,44,12,74
2024-12-15,SKU085,261,64,17,44
2024-12-15,SKU086,71,46,4,76
2024-12-15,SKU087,217,35,18,72
2024-12-15,SKU088,202,56,10,40
2024-12-15,SKU089,255,18,18,60
2024-12-15,SKU090,33,12,20,31
2024-12-15,SKU091,58,65,18,69
2024-12-15,SKU092,86,27,16,22
2024-12-15,SKU093,100,95,4,79
2024-12-15,SKU094,298,22,16,56
2024-12-15,SKU095,293,94,17,73
2024-12-15,SKU096,121,55,21,36
2024-12-15,SKU097,27,33,11,47
2024-12-15,SKU098,280,62,21,31
2024-12-15,SKU099,258,38,18,50
2024-12-15,SKU100,210,86,7,69
2024-12-15,SKU101,104,11,11,48
2024-12-15,SKU102,80,55,4,78
2024-12-15,SKU103,155,47,7,32
2024-12-15,SKU104,21,17,16,27
2024-12-15,SKU105,276,71,7,35
2024-12-15,SKU106,245,77,7,76
2024-12-15,SKU107,94,94,16,71
2024-12-15,SKU108,294,6,9,46
2024-12-15,SKU109,254,59,6,20
2024-12-15,SKU110,51,7,3,66
2024-12-15,SKU111,205,43,14,37
2024-12-15,SKU112,181,63,9,76
2024-12-15,SKU113,77,29,12,68
2024-12-15,SKU114,238,3,7,51
2024-12-15,SKU115,298,55,19,68
2024-12-15,SKU116,76,2,7,24
2024-12-15,SKU117,266,2,17,46
2024-12-15,SKU118,159,52,21,64
2024-12-15,SKU119,91,58,8,65
2024-12-15,SKU120,145,28,4,23
2024-12-15,SKU121,92,9,6,51
2024-12-15,SKU122,282,50,17,34
2024-12-15,SKU123,94,91,10,73
2024-12-15,SKU124,88,6,3,50
2024-12-15,SKU125,206,58,5,41
2024-12-15,SKU126,61,45,16,59
2024-12-15,SKU127,245,15,12,69
2024-12-15,SKU128,98,85,6,80
2024-12-15,SKU129,248,18,9,32
2024-12-15,SKU130,32,61,8,38
2024-12-15,SKU131,269,27,10,52
2024-12-15,SKU132,100,3,8,30
2024-12-15,SKU133,50,45,19,39
2024-12-15,SKU134,242,39,4,61
2024-12-15,SKU135,278,33,11,27
2024-12-15,SKU136,22,57,3,57
2024-12-15,SKU137,54,67,10,40
2024-12-15,SKU138,79,22,17,27
2024-12-15,SKU139,97,26,7,75
2024-12-15,SKU140,241,89,19,31
2024-12-15,SKU141,79,23,9,57
2024-12-15,SKU142,154,100,6,66
2024-12-15,SKU143,108,57,4,31
2024-12-15,SKU144,93,74,3,23
2024-12-15,SKU145,40,100,15,54
2024-12-15,SKU146,114,12,19,63
2024-12-15,SKU147,120,94,17,47
2024-12-15,SKU148,92,31,6,41
2024-12-15,SKU149,156,55,14,53
2024-12-15,SKU150,286,34,17,74
2024-12-15,SKU151,268,32,16,52
2024-12-15,SKU152,93,79,16,51
2024-12-15,SKU153,37,13,10,59
2024-12-15,SKU154,259,46,3,33
2024-12-15,SKU155,142,73,21,68
2024-12-15,SKU156,223,50,6,67
2024-12-15,SKU157,217,96,4,34
2024-12-15,SKU158,103,85,17,74
2024-12-15,SKU159,73,2,10,27
2024-12-15,SKU160,205,52,8,41
2024-12-15,SKU161,179,55,11,67
2024-12-15,SKU162,257,91,17,62
2024-12-15,SKU163,124,72,7,62
2024-12-15,SKU164,166,30,14,44
2024-12-15,SKU165,177,74,10,22
2024-12-15,SKU166,94,82,13,31
2024-12-15,SKU167,252,77,19,35
2024-12-15,SKU168,35,22,10,38
2024-12-15,SKU169,287,63,15,54
2024-12-15,SKU170,180,72,20,27
2024-12-15,SKU171,171,2,4,28
2024-12-15,SKU172,80,72,9,25
2024-12-15,SKU173,292,78,14,36
2024-12-15,SKU174,63,43,15,39
2024-12-15,SKU175,224,91,19,66
2024-12-15,SKU176,242,28,11,68
2024-12-15,SKU177,21,16,13,72
2024-12-15,SKU178,290,70,6,71
2024-12-15,SKU179,230,93,8,34
2024-12-15,SKU180,241,62,8,38
2024-12-15,SKU181,36,14,11,74
2024-12-15,SKU182,98,93,6,58
2024-12-15,SKU183,107,1,20,53
2024-12-15,SKU184,104,28,17,56
2024-12-15,SKU185,137,43,11,79
2024-12-15,SKU186,293,87,16,80
2024-12-15,SKU187,188,76,21,55
2024-12-15,SKU188,163,30,10,54
2024-12-15,SKU189,229,71,9,40
2024-12-15,SKU190,278,23,7,23
2024-12-15,SKU191,64,36,9,53
2024-12-15,SKU192,93,35,12,49
2024-12-15,SKU193,124,5,14,69
2024-12-15,SKU194,224,11,19,73
2024-12-15,SKU195,210,48,7,65
2024-12-15,SKU196,132,77,21,23
2024-12-15,SKU197,48,95,19,28
2024-12-15,SKU198,240,51,10,63
2024-12-15,SKU199,33,71,19,47
2024-12-15,SKU200,122,26,7,37
2024-12-22,SKU001,288,41,14,28
2024-12-22,SKU002,199,65,6,31
2024-12-22,SKU003,278,16,7,36
2024-12-22,SKU004,72,15,15,39
2024-12-22,SKU005,88,35,17,50
2024-12-22,SKU006,145,47,4,45
2024-12-22,SKU007,152,58,10,60
2024-12-22,SKU008,245,68,7,70
2024-12-22,SKU009,75,28,17,32
2024-12-22,SKU010,253,0,7,49
2024-12-22,SKU011,138,11,16,22
2024-12-22,SKU012,82,26,15,31
2024-12-22,SKU013,209,20,14,40
2024-12-22,SKU014,232,46,4,37
2024-12-22,SKU015,118,86,5,44
2024-12-22,SKU016,66,17,15,24
2024-12-22,SKU017,227,24,19,30
2024-12-22,SKU018,130,72,5,45
2024-12-22,SKU019,87,0,10,39
2024-12-22,SKU020,116,68,20,57
2024-12-22,SKU021,26,14,21,48
2024-12-22,SKU022,184,24,9,78
2024-12-22,SKU023,277,35,7,66
2024-12-22,SKU024,209,11,21,73
2024-12-22,SKU025,134,17,14,46
2024-12-22,SKU026,198,84,16,46
2024-12-22,SKU027,73,87,6,37
2024-12-22,SKU028,261,96,17,71
2024-12-22,SKU029,110,30,17,32
2024-12-22,SKU030,196,38,19,67
2024-12-22,SKU031,171,0,9,71
2024-12-22,SKU032,206,19,9,67
2024-12-22,SKU033,200,38,13,44
2024-12-22,SKU034,97,24,14,44
2024-12-22,SKU035,99,73,10,43
2024-12-22,SKU036,142,7,7,73
2024-12-22,SKU037,48,64,8,34
2024-12-22,SKU038,56,14,12,41
2024-12-22,SKU039,25,79,20,77
2024-12-22,SKU040,103,99,20,43
2024-12-22,SKU041,227,21,5,33
2024-12-22,SKU042,250,11,21,78
2024-12-22,SKU043,23,49,19,66
2024-12-22,SKU044,95,53,14,47
2024-12-22,SKU045,60,51,9,47
2024-12-22,SKU046,117,60,20,64
2024-12-22,SKU047,84,45,18,59
2024-12-22,SKU048,142,74,4,59
2024-12-22,SKU049,39,2,15,49
2024-12-22,SKU050,239,11,16,46
2024-12-22,SKU051,138,29,13,62
2024-12-22,SKU052,65,37,15,22
2024-12-22,SKU053,145,50,8,49
2024-12-22,SKU054,290,60,12,50
2024-12-22,SKU055,206,79,4,70
2024-12-22,SKU056,268,45,18,52
2024-12-22,SKU057,90,47,3,39
2024-12-22,SKU058,204,75,20,41
2024-12-22,SKU059,42,35,12,55
2024-12-22,SKU060,268,17,12,79
2024-12-22,SKU061,77,18,6,75
2024-12-22,SKU062,136,63,21,28
2024-12-22,SKU063,36,63,6,45
2024-12-22,SKU064,53,64,15,78
2024-12-22,SKU065,215,35,10,41
2024-12-22,SKU066,179,53,5,39
2024-12-22,SKU067,126,47,15,40
2024-12-22,SKU068,152,78,15,79
2024-12-22,SKU069,207,10,15,66
2024-12-22,SKU070,175,64,19,79
2024-12-22,SKU071,123,50,15,68
2024-12-22,SKU072,32,90,10,50
2024-12-22,SKU073,82,13,9,38
2024-12-22,SKU074,233,31,4,37
2024-12-22,SKU075,214,34,7,58
2024-12-22,SKU076,277,44,20,28
2024-12-22,SKU077,209,70,12,29
2024-12-22,SKU078,35,28,5,63
2024-12-22,SKU079,126,34,3,30
2024-12-22,SKU080,68,42,3,36
2024-12-22,SKU081,82,4,15,47
2024-12-22,SKU082,270,13,18,35
2024-12-22,SKU083,200,24,15,73
2024-12-22,SKU084,232,52,4,36
2024-12-22,SKU085,178,69,8,48
2024-12-22,SKU086,257,40,11,24
2024-12-22,SKU087,92,61,4,80
2024-12-22,SKU088,46,52,16,40
2024-12-22,SKU089,195,67,9,55
2024-12-22,SKU090,141,93,18,56
2024-12-22,SKU091,91,76,20,68
2024-12-22,SKU092,255,43,15,64
2024-12-22,SKU093,160,34,17,74
2024-12-22,SKU094,202,77,20,21
2024-12-22,SKU095,287,64,4,48
2024-12-22,SKU096,74,43,9,38
2024-12-22,SKU097,251,43,10,79
2024-12-22,SKU098,81,31,21,64
2024-12-22,SKU099,264,97,14,25
2024-12-22,SKU100,132,14,19,39
2024-12-22,SKU101,114,79,14,44
2024-12-22,SKU102,269,56,20,38
2024-12-22,SKU103,49,8,13,77
2024-12-22,SKU104,111,78,18,23
2024-12-22,SKU105,128,94,17,25
2024-12-22,SKU106,270,58,12,55
2024-12-22,SKU107,187,59,13,28
2024-12-22,SKU108,45,24,12,62
2024-12-22,SKU109,215,94,13,49
2024-12-22,SKU110,43,88,16,24
2024-12-22,SKU111,109,77,13,20
2024-12-22,SKU112,292,27,12,51
2024-12-22,SKU113,172,8,5,47
2024-12-22,SKU114,269,20,6,55
2024-12-22,SKU115,258,57,5,39
2024-12-22,SKU116,164,43,16,32
2024-12-22,SKU117,141,57,11,46
2024-12-22,SKU118,112,36,17,22
2024-12-22,SKU119,137,90,9,37
2024-12-22,SKU120,266,42,10,32
2024-12-22,SKU121,110,95,6,24
2024-12-22,SKU122,96,29,12,38
2024-12-22,SKU123,161,45,17,63
2024-12-22,SKU124,63,81,14,74
2024-12-22,SKU125,176,2,15,69
2024-12-22,SKU126,28,91,14,58
2024-12-22,SKU127,189,35,10,73
2024-12-22,SKU128,148,51,8,68
2024-12-22,SKU129,57,54,5,52
2024-12-22,SKU130,157,6,7,27
2024-12-22,SKU131,73,46,14,58
2024-12-22,SKU132,289,47,8,80
2024-12-22,SKU133,200,56,14,41
2024-12-22,SKU134,72,77,15,48
2024-12-22,SKU135,83,0,5,39
2024-12-22,SKU136,192,33,5,62
2024-12-22,SKU137,278,61,17,29
2024-12-22,SKU138,164,79,4,53
2024-12-22,SKU139,35,57,12,36
2024-12-22,SKU140,96,62,5,78
2024-12-22,SKU141,240,53,4,61
2024-12-22,SKU142,160,5,13,75
2024-12-22,SKU143,294,96,10,60
2024-12-22,SKU144,262,63,11,44
2024-12-22,SKU145,283,19,6,75
2024-12-22,SKU146,99,80,7,77
2024-12-22,SKU147,212,13,19,46
2024-12-22,SKU148,83,70,17,61
2024-12-22,SKU149,136,59,19,61
2024-12-22,SKU150,197,79,20,76
2024-12-22,SKU151,97,24,12,51
2024-12-22,SKU152,180,60,15,66
2024-12-22,SKU153,206,9,13,65
2024-12-22,SKU154,106,64,21,34
2024-12-22,SKU155,143,21,14,78
2024-12-22,SKU156,224,27,20,37
2024-12-22,SKU157,172,7,21,26
2024-12-22,SKU158,74,45,18,75
2024-12-22,SKU159,172,4,15,60
2024-12-22,SKU160,24,72,17,29
2024-12-22,SKU161,234,2,4,76
2024-12-22,SKU162,254,57,7,78
2024-12-22,SKU163,124,41,12,21
2024-12-22,SKU164,268,95,16,69
2024-12-22,SKU165,293,74,16,66
2024-12-22,SKU166,225,39,21,38
2024-12-22,SKU167,266,46,10,52
2024-12-22,SKU168,193,33,4,36
2024-12-22,SKU169,296,79,6,21
2024-12-22,SKU170,247,84,4,71
2024-12-22,SKU171,267,25,16,57
2024-12-22,SKU172,178,26,17,29
2024-12-22,SKU173,136,34,7,63
2024-12-22,SKU174,249,96,12,36
2024-12-22,SKU175,100,42,8,22
2024-12-22,SKU176,39,67,9,37
2024-12-22,SKU177,181,49,18,75
2024-12-22,SKU178,47,17,9,41
2024-12-22,SKU179,79,19,12,37
2024-12-22,SKU180,204,12,7,38
2024-12-22,SKU181,50,37,15,25
2024-12-22,SKU182,80,59,14,24
2024-12-22,SKU183,39,29,19,72
2024-12-22,SKU184,35,6,6,20
2024-12-22,SKU185,227,73,16,48
2024-12-22,SKU186,40,84,10,57
2024-12-22,SKU187,65,53,5,54
2024-12-22,SKU188,284,100,19,38
2024-12-22,SKU189,223,19,10,28
2024-12-22,SKU190,173,48,19,37
2024-12-22,SKU191,158,74,17,36
2024-12-22,SKU192,228,55,7,27
2024-12-22,SKU193,81,6,14,61
2024-12-22,SKU194,192,49,18,66
2024-12-22,SKU195,267,23,4,20
2024-12-22,SKU196,267,84,5,74
2024-12-22,SKU197,242,50,20,41
2024-12-22,SKU198,201,82,5,77
2024-12-22,SKU199,26,100,12,25
2024-12-22,SKU200,178,99,13,70
